ID,Тип,Артикул,"GTIN, UPC, EAN или ISBN",Имя,Опубликован,Рекомендуемый?,"Видимость в каталоге","Краткое описание",Описание,"Дата начала действия скидки","Дата окончания действия скидки","Статус налога","Налоговый класс",Наличие,Запасы,"Величина малых запасов","Возможен ли предзаказ?","Продано индивидуально?","Вес (кг)","Длина (мм)","Ширина (мм)","Высота (мм)","Разрешить отзывы от клиентов?","Примечание к покупке","Акционная цена","Базовая цена",Категории,Метки,"Класс доставки",Изображения,"Лимит скачивания","Дней срока скачивания",Родительский,"Сгруппированные товары",Апсэлы,Кросселы,"Внешний URL","Текст кнопки",Позиция,"Swatches Attributes",Бренды,"Название атрибута 1","Значения атрибутов 1","Видимость атрибута 1","Глобальный атрибут 1","Название атрибута 2","Значения атрибутов 2","Видимость атрибута 2","Глобальный атрибут 2","Мета: talkorus_tab_description_heading","Мета: _talkorus_tab_description_heading","Мета: talkorus_tab_description_content","Мета: _talkorus_tab_description_content","Мета: talkorus_tab_technical_heading","Мета: _talkorus_tab_technical_heading","Мета: talkorus_tab_technical_content","Мета: _talkorus_tab_technical_content","Мета: talkorus_tab_dimensions_heading","Мета: _talkorus_tab_dimensions_heading","Мета: talkorus_tab_dimensions_content","Мета: _talkorus_tab_dimensions_content","Мета: talkorus_tab_cut_content","Мета: _talkorus_tab_cut_content","Мета: talkorus_tab_scheme_content","Мета: _talkorus_tab_scheme_content","Мета: talkorus_tab_purpose_content","Мета: _talkorus_tab_purpose_content","Мета: talkorus_tab_advantages_content","Мета: _talkorus_tab_advantages_content","Мета: talkorus_tab_docs_content","Мета: _talkorus_tab_docs_content","Мета: talkorus_tab_video_content","Мета: _talkorus_tab_video_content","Мета: talkorus_tab_projects_content","Мета: _talkorus_tab_projects_content","Мета: talkorus_product_features","Мета: _talkorus_product_features","Мета: height_mm","Мета: _height_mm","Мета: talkorus_product_features_0_icon","Мета: _talkorus_product_features_0_icon","Мета: talkorus_product_features_0_title","Мета: _talkorus_product_features_0_title","Мета: talkorus_product_features_1_icon","Мета: _talkorus_product_features_1_icon","Мета: talkorus_product_features_1_title","Мета: _talkorus_product_features_1_title","Мета: talkorus_product_features_2_icon","Мета: _talkorus_product_features_2_icon","Мета: talkorus_product_features_2_title","Мета: _talkorus_product_features_2_title","Мета: talkorus_product_features_3_icon","Мета: _talkorus_product_features_3_icon","Мета: talkorus_product_features_3_title","Мета: _talkorus_product_features_3_title","Название атрибута 3","Значения атрибутов 3","Видимость атрибута 3","Глобальный атрибут 3"
584,simple,,,"Теплонакопительная облицовка Vesuri для каминной топки EdilKamin Cristal 90",1,0,visible,,"Теплонакопительная облицовка Vesuri для каминной топки EdilKamin Cristal 90 — это современное отопительное решение для создания уютной атмосферы в вашем доме, которое сочетает эстетическую привлекательность и практичность. Эта облицовочная конструкция выделяется своей геометрией и дизайном. Именно поэтому облицовку не только покупают «‎простые люди», но и используют при разработке дизайнерских решений дизайнеры со всей России. Купить теплонакопительную облицовку Vesuri для каминной топки EdilKamin Cristal 90 можно на официальном сайте Талькорус. Вы можете как выбрать облицовочную конструкцию в базовом варианте, представленном на сайте, так и заказать персональное проектирование.\n<h2>Дизайн</h2>\nДизайн отличается лаконичными линиями, а также гармоничными формами. В дизайне присутствуют преимущественно прямоугольные элементы, которые создают ощущение строгости и порядка. При этом дизайн не выглядит перегруженным — в сочетании с гармоничной гаммой создается ощущение легкости и элегантности, что обеспечивает гармоничное сочетание с мебелью, а также другими декоративными элементами.\n\n&nbsp;\n\nЧистые линии и минималистичная эстетика делают Vesuri — оптимально для тех, кто ценит современный стиль. Облицовочная конструкция в представленном варианте изготовлена из талькомагнезита в обработке «‎шлифовка». Однако при персональном проектировании на выбор доступны и другие варианты текстур: антик, бархат, полировка, премиум. Поэтому можно подобрать подходящую облицовку в соответствии с вашим вкусом и общим стилем помещения.\n<h2>Геометрия и размеры</h2>\nГеометрия продумана до мелочей: она включает в себя угловые элементы, которые создают эффект объемности, глубины. Также на фасаде располагается полка, которая подходит для хранения различных мелочей, а также размещения других декоративных элементов.\n\n&nbsp;\n\nВ зависимости от дизайна конструкция может иметь дополнительные декоративные элементы — например, ниша для хранения дров или дополнительные полки, что делает ее не только красивой, но и функциональной.\n<h2>Цветовые сочетания</h2>\nБазовый вариант выполнен в сером цвете. Но при разработке персонального проекта можно выбрать любой вариант камня (природная текстура не повторяется), а также сочетание разных видов камня.  Это позволяет подобрать облицовку, которая подойдет к гамме вашего интерьера. Более светлые тона визуально увеличивают пространство, делают его более воздушным, в то время как темные оттенки добавляют интерьеру нотки роскоши, строгости.\n\n&nbsp;\n\nСочетание практичности, эстетики, а также усиленных теплоаккумулирующих свойств делают эту облицовочную конструкцию достойным выбором для любого интерьера. Покупая Vesuri, вы выбираете качество, стиль, комфорт на годы вперед.\n<h2>Характеристики облицовки Vesuri</h2>\n<h3>Энергоэффективность</h3>\n<b>Площадь обогрева: до 110 м²</b>\n\nОдин из ключевых показателей энергоэффективности — площадь обогрева, которая составляет до 110 квадратных метров. Это позволяет отапливать как небольшие, так и средние помещения, что делает конструкцию подходящей для большинства домов.\n\n&nbsp;\n\nТакая облицовка обогреет все основные жилые зоны, создавая комфортную температуру даже в самые холодные зимние дни. Если дом небольшой, имеет открытую планировку, то такой облицовкой можно обогреть его целиком.\n\n&nbsp;\n\n<b>Время теплоотдачи: 12 часов</b>\n\nДругой важный аспект энергоэффективности — время теплоотдачи. Облицовочная конструкция  Vesuri отдает тепло 12 часов после окончания топки. Это обеспечивает естественный микроклимат, позволяя наслаждаться уютом без необходимости постоянно подкидывать дрова, а также поддерживать огонь в камине. После вечернего отдыха у камина вы можете спокойно лечь спать, зная, что камин будет продолжать согревать ваш дом.\n\n&nbsp;\n\n<b>Тепловая мощность: 13 кВт</b>\n\nТакая мощность позволяет использовать камин с такой облицовкой в качестве основного источника тепла без необходимости дополнительного отопления. Благодаря этому обеспечивается экономия на отоплении, поскольку дровяные печи дешевле в эксплуатации, а также обслуживании, чем электрические отопительные приборы.\n<h3>Конструкция и материалы</h3>\n<b>Толщина: 50 мм</b>\n\nТолщина составляет 50 мм, что обеспечивает повышенную эффективность теплоаккумулирования. Такой параметр позволяет облицовке хорошо удерживать тепло, постепенно его отдавать, что делает ее более энергоэффективной по сравнению с классическими печами.\n\n&nbsp;\n\nТакая толщина помогает сбалансировать теплоаккумуляцию и теплоотдачу с размерами и массой камина. Более тонкая облицовка не смогла бы обеспечить достаточную мощность, а если делать ее толще, то камин будет занимать больше места и создавать дополнительную нагрузку на пол. Также большая толщина облицовки в большинстве случаев не требуется и чаще используется в больших коммерческих помещениях.\n\n&nbsp;\n\n<b>Порода камня: талькомагнезит</b>\n\nИспользование талькомагнезита в качестве основного материала облицовки — это еще один шаг к обеспечению надежности и долговечности. Этот камень известен теплоаккумулирующими свойствами, а также эстетической привлекательностью.\n\n&nbsp;\n\n<b>Вид обработки: шлифовка</b>\n\nОбработка облицовки методом шлифовки придает ей гладкую поверхность, что улучшает визуальные характеристики, а также облегчает уход за ней. Шлифованная поверхность менее подвержена загрязнениям, а также легче чистится. Ее легко поддерживать в чистоте, а для чистки не нужны специализированные средства.\n<h3>Функциональность</h3>\n<b>Энергоэффективная конвекция</b>\n\nОблицовка Vesuri обладает системой энергоэффективной конвекции, что позволяет равномерно распределять тепло по всему помещению. Это обеспечивает комфортную температуру и защищает дом от перегрева или, наоборот, появления холодных зон, а также сквозняков.\n\n&nbsp;\n\n<b>Система «Чистое стекло‎»</b>\n\nТакже на основе конвекции функционирует система «‎Чистое стекло», которая защищает стекло дверцы от сажи и нагара и минимизирует завтраты времени и сил на уход за стеклом. А если учитывать шлифованную поверхность камня, то уход за камином практически не требуется.",,,taxable,,1,,,0,0,,,,,1,,,,"Для дома, Для дома > Облицовки для каминных топок",,,"https://demo.talkorus.ru/wp-content/uploads/2026/06/vesuri.talkorus-2-optimized.webp, https://demo.talkorus.ru/wp-content/uploads/2026/06/vesuri.talkorus-1-optimized.webp, https://demo.talkorus.ru/wp-content/uploads/2026/06/vesuri.talkorus-3-optimized.webp",,,,,,,,,0,,,"Площадь обогрева","до 110 м²",1,1,Расположение,"Пристенно-угловое, Пристенное",1,1,,field_talkorus_tab_description_heading,,field_talkorus_tab_description_content,"Технические данные",field_talkorus_tab_technical_heading,"<p class=""p1""><b>Общие характеристики</b></p>
<p class=""p1"">Время тепловой отдачи</p>
<p class=""p1""><b>................... 24 часов</b></p>
<p class=""p1"">Площадь обогрева</p>
<p class=""p1""><b>................... до 110 м²</b></p>
<p class=""p1""><b>Характеристики топки</b></p>
<p class=""p1"">Модель</p>
<p class=""p1""><b>................... Cristal 90</b></p>
<p class=""p1"">Тепловая мощность</p>
<p class=""p1""><b>................... 18 кВт</b></p>
<p class=""p1"">Диаметр дымохода</p>
<p class=""p1""><b>................... 150 мм</b></p>
<p class=""p1""><b>Характеристики облицовки</b></p>
<p class=""p1"">Порода камня</p>
<p class=""p1""><b>................... Талькомагнезит</b></p>
<p class=""p1"">Вид обработки</p>
<p class=""p1""><b>................... ШЛИФОВКА</b></p>
<p class=""p1"">Толщина облицовки</p>
<p class=""p1""><b>................... 50 мм</b></p>",field_talkorus_tab_technical_content,"Размеры и вес",field_talkorus_tab_dimensions_heading,"<p class=""p1"">Высота</p>
<p class=""p1""><b>................... 2110 мм</b></p>
<p class=""p1"">Ширина</p>
<p class=""p1""><b>................... 1440 мм</b></p>
<p class=""p1"">Глубина</p>
<p class=""p1""><b>................... 820 мм</b></p>
<p class=""p1"">Вес</p>
<p class=""p1""><b>................... 1751 кг</b></p>",field_talkorus_tab_dimensions_content,,field_talkorus_tab_cut_content,,field_talkorus_tab_scheme_content,,field_talkorus_tab_purpose_content,,field_talkorus_tab_advantages_content,,field_talkorus_tab_docs_content,,field_talkorus_tab_video_content,,field_talkorus_tab_projects_content,4,field_talkorus_product_features,2110,field_69f20d9c512d1,688,field_talkorus_product_feature_icon,"Сухая сборка за 2 часа",field_talkorus_product_feature_title,686,field_talkorus_product_feature_icon,"Эффективная конвекция",field_talkorus_product_feature_title,685,field_talkorus_product_feature_icon,"Система ""Чистое стекло""",field_talkorus_product_feature_title,687,field_talkorus_product_feature_icon,"Облицовка Talkorus",field_talkorus_product_feature_title,,,,
588,simple,,,"Теплонакопительная облицовка PRIMO для каминной топки Cheminees Philippe 800",1,0,visible,,"Теплонакопительная облицовка TALKORUS «PRIMO» для каминной топки Cheminées Philippe (адаптация под кассеты других производителей)\n\nTALKORUS «PRIMO» — теплонакопительная каменная облицовка для фронтальных каминных кассет. В базовой конфигурации модель ориентирована на формат Cheminées Philippe , однако конструкция изначально спроектирована модульной : мы сохраняем архитектурный образ «PRIMO» и точно подгоняем посадочные размеры под кассеты других производителей сходного класса. Такой подход даёт владельцу свободу выбора бренда топки сегодня и возможность её замены в будущем без капитальной переразделки каменного портала.\n\nЗачем нужна теплонакопительная облицовка\nМеталлическая кассета быстро нагревает воздух, столь же быстро остывает и нередко создаёт «жёсткие» горячие струи. Каменная оболочка TALKORUS добавляет массу и тепловую инерцию : поверхность принимает на себя часть энергии пламени и затем часами излучает мягкое лучистое тепло. В зоне камина сглаживаются температурные пики, уходит ощущение сквозняков, а микроклимат становится устойчивым — без вентиляторов и лишнего шума. Лучистый компонент прогревает предметы и ограждающие конструкции, что особенно заметно в гостиных open-space и интерьерах с высокими потолками.\n\nАрхитектура и внешний вид\nОбраз «PRIMO» — чистые плоскости, выверенные пропорции и выразительная светотень. Композицию формируют:\n— устойчивый цоколь с умеренным выносом — визуально «усаживает» камин и защищает нижние кромки от бытовых сколов;\n— пара вертикальных стоек/пилястр , собирающих объём и подчёркивающих высоту остекления кассеты;\n— верхняя крышка/карниз с деликатной тенью — аккуратное завершение без лишних декоров;\n— тщательно снятые фаски на кромках — ровные стыки и аккуратная светотень.\nТехнологические элементы — приточно-вытяжные каналы естественной конвекции, компенсационные зазоры, сервисные доступы — интегрированы в архитектуру, поэтому портал читается как цельный каменный объект и органично вписывается как в минимализм, так и в тёплые скандии-интерьеры с деревом и натуральными фактурами.\n\nМатериалы и финиши\nДля TALKORUS применяются породы с высокой теплоёмкостью и доказанной стойкостью к термоциклам: талькомагнезит, талькохлорит, серпентинит. Все панели выполняются из полнотелого камня, модули подгоняются на сборочном стенде, кромки снимаются фаской. Доступные финиши:\n— Шлифовка — строгая матовая плоскость с ровной светотенью;\n— Антик (щёточная обработка) — бархатистая тактильная фактура, практичная в быту;\n— Полировка (точечно) — благородный блеск крышки/кромок как сдержанный акцент.\nВозможны комбинации и декоративные акценты: узкие фрезерованные пояса, контрастные кромки, вставки «рваного камня». Каждая партия камня проходит входной контроль на слоистость и микротрещины, а рисунок подбирается по плоскостям портала и цоколю.\n\nТеплотехника и конвекция\n«PRIMO» реализует естественную конвекцию: нижний забор воздуха у пола, нагрев вдоль каменных каналов и верхний выброс под карнизом. При этом значимую долю отдачи формирует лучистое тепло от каменной массы — ощущение «тёплых стен» вместо «горячего вентилятора». Такая схема снижает перепады по высоте, уменьшает перегрев стекла и делает зону у камина комфортной даже при проветриваниях и открывании дверей на террасу.\n\nСовместимость и адаптация под другие кассеты\nБазовая посадка рассчитана на Cheminées Philippe. При необходимости мы адаптируем «PRIMO» под кассеты Schmid, Brunner, Kratki, Kaw-Met, Laudel, Ferlux, Nordpeis, Jоtul, ASTOV и других брендов. Адаптация включает:\n— корректировку ширины/высоты портального окна и глубины посадки;\n— учёт геометрии остекления (рамка/безрамка, высота стекла) и фурнитуры;\n— соблюдение зазоров приточно-вытяжной конвекции и теплового расширения;\n— изготовление маскирующих рамок и переходных элементов;\n— ревизионные доступы к дымоходу и сервисным узлам.\nРезультат — аккуратная посадка, чистые швы и возможность замены кассеты в будущем без капитальной переразделки каменного блока.\n\nДымоудаление и подключение\nДля стабильной работы камина необходим правильно рассчитанный дымоход: прямая вертикальная трасса с минимумом поворотов, сертифицированные узлы прохода перекрытий/кровли, герметичные соединения. Диаметр и высота подбираются по паспорту выбранной кассеты и расчёту тяги. Если у топки есть электрофункции (подсветка, автоматика), проводка прокладывается в жаростойких каналах с соблюдением норм электробезопасности.\n\nМонтаж и основание\nКаменная облицовка обладает значительной массой: требуется жёсткая, ровная площадка (монолит/стяжка) и проверка несущей способности перекрытия. Поставка — маркированный сборный комплект: цоколь, стойки/пилястры, фронтальные панели, крышка/карниз, доборы и рамки. Сборка выполняется профессиональной бригадой по схеме; допускается аккуратная подрезка по месту. Уход — мягкая сухая уборка и нейтральные средства для натурального камня; абразивы и кислоты не применяются.\n\nПерсонализация и опции\n— Порода камня: талькомагнезит / талькохлорит / серпентинит;\n— Финиш: шлифовка / антик; локальные акценты полировки — по запросу;\n— Геометрия: изменение высоты/ширины/глубины, профиль карниза, формат стоек и цоколя;\n— Декор: фрезерованные пояса, контрастные кромки, вставки «рваного камня»;\n— Интеграция: сопряжение с каменными панно, нишами, стеновыми порталами и встроенной мебелью.\n\nИтог\nTALKORUS «PRIMO» — каменная теплонакопительная облицовка, где архитектура и теплотехника работают вместе. В базе — посадка под Cheminées Philippe; при необходимости мы аккуратно адаптируем портал под другие кассеты, сохранив силуэт и пропорции модели. Огонь — как центр пространства, камень — как источник долгого, мягкого тепла.",,,taxable,,1,,,0,0,,,,,1,,,,"Для дома, Для дома > Облицовки для каминных топок",,,"https://demo.talkorus.ru/wp-content/uploads/2026/06/2-1-1-optimized.webp, https://demo.talkorus.ru/wp-content/uploads/2026/06/3-optimized.webp, https://demo.talkorus.ru/wp-content/uploads/2026/06/4-optimized.webp",,,,,,,,,0,,,"Площадь обогрева","до 110 м²",1,1,Расположение,Островное,1,1,,field_talkorus_tab_description_heading,,field_talkorus_tab_description_content,"Технические данные",field_talkorus_tab_technical_heading,"<p class=""p1""><b>Общие характеристики</b></p>
<p class=""p1"">Время тепловой отдачи</p>
<p class=""p1""><b>................... 12 часов</b></p>
<p class=""p1"">Площадь обогрева</p>
<p class=""p1""><b>................... до 110 м²</b></p>
<p class=""p1""><b>Характеристики топки</b></p>
<p class=""p1"">Модель</p>
<p class=""p1""><b>................... Cheminees Philippe 800</b></p>
<p class=""p1"">Тепловая мощность</p>
<p class=""p1""><b>................... 15 кВт</b></p>
<p class=""p1"">Диаметр дымохода</p>
<p class=""p1""><b>................... 200 мм</b></p>
<p class=""p1""><b>Характеристики облицовки</b></p>
<p class=""p1"">Порода камня</p>
<p class=""p1""><b>................... Талькомагнезит</b></p>
<p class=""p1"">Вид обработки</p>
<p class=""p1""><b>................... ШЛИФОВКА</b></p>
<p class=""p1"">Толщина облицовки</p>
<p class=""p1""><b>................... 50 мм</b></p>",field_talkorus_tab_technical_content,"Размеры и вес",field_talkorus_tab_dimensions_heading,"<p class=""p1"">Высота</p>
<p class=""p1""><b>................... 1840 мм</b></p>
<p class=""p1"">Ширина</p>
<p class=""p1""><b>................... 1460 мм</b></p>
<p class=""p1"">Глубина</p>
<p class=""p1""><b>................... 700 мм</b></p>
<p class=""p1"">Вес</p>
<p class=""p1""><b>................... 1493 кг</b></p>",field_talkorus_tab_dimensions_content,,field_talkorus_tab_cut_content,,field_talkorus_tab_scheme_content,,field_talkorus_tab_purpose_content,,field_talkorus_tab_advantages_content,,field_talkorus_tab_docs_content,,field_talkorus_tab_video_content,,field_talkorus_tab_projects_content,4,field_talkorus_product_features,1840,field_69f20d9c512d1,688,field_talkorus_product_feature_icon,"Сухая сборка за 2 часа",field_talkorus_product_feature_title,686,field_talkorus_product_feature_icon,"Эффективная конвекция",field_talkorus_product_feature_title,685,field_talkorus_product_feature_icon,"Система ""Чистое стекло""",field_talkorus_product_feature_title,687,field_talkorus_product_feature_icon,"Облицовка Talkorus",field_talkorus_product_feature_title,,,,
592,simple,,,"Теплонакопительная облицовка Tekno для каминной топки EdilKamin Tekno 2N DX, угловая",1,0,visible,,"Теплонакопительная облицовка Tekno для каминной топки EdilKamin Tekno 2N DX обладает современным, элегантным дизайном. Поэтому ее можно использовать для оформления любых стилей интерьера, от классики до минимализма. Концепция облицовки строится на сочетании эстетики и практичности. Это делает её привлекательной для широкой аудитории, — от поклонников экодизайна до тех, кто просто хочет наслаждаться уютом в холодные дни. Купить теплонакопительную облицовку Tekno для каминной топки EdilKamin Tekno 2N DX угловую можно на официальном сайте Талькорус. Вы можете как выбрать облицовку в базовом варианте, представленном на сайте, так и заказать персональную разработку дизайна.\n<h2>Форма и геометрия</h2>\nОблицовка Tekno выделяется своей угловой формой, которая не только придаёт современный вид, но и позволяет использовать все доступные квадратные метры в помещениях с нестандартной планировкой. Угловое исполнение является особенно удобным в интерьере, где требуется сочетание функциональности и эстетики без ущерба для площади. Это позволяет разместить камин в угол комнаты, освобождая центральную часть для других декоративных элементов или мебели.\n\n&nbsp;\n\nГладкие линии и четкие углы облицовки создают впечатление визуальной легкости, что делает конструкцию менее «‎навязчивой», но одновременно стильной. Эти элементы формируют ощущение элегантности, что особенно ценится в интерьере. Симметричное оформление создает гармонию, делая облицовку не только центральным элементом комнаты, но и фоном для других дизайнерских решений.\n\n&nbsp;\n\nФорма облицовки Tekno позволяет легко интегрировать ее в различные стили интерьера. Она может стать как ярким акцентом в минималистичном пространстве, так и элегантным дополнением классическим интерьерам. Возможность выбора отделочных материалов, цветовых сочетаний дает дополнительную гибкость в дизайне, что позволяет адаптировать камин под любые предпочтения, а также общую стилистику дома.\n<h2>Основа — природный камень</h2>\nОблицовка изготовлена из серпентинита, который часто используется в дизайне и отделке помещений и предметов интерьера благодаря своим характеристикам. Серпентинит представляет собой метаморфическую породу — он образовался под воздействием экстремальных температур и давления из других горных пород. Поэтому этот камень отличается повышенной прочностью и устойчивостью к любым внешним факторам, что делает его одним из лучших материалов для изготовления облицовки каминов.\n\n&nbsp;\n\nПолированный серпентинит имеет однородную текстуру, а также приятный глазу цвет. Это создает ощущение роскоши и статуса и помогает создать гармоничное пространство, где каждый элемент подчеркивает красоту другого.\n\n&nbsp;\n\nКроме того, серпентинит отличается низкой пористостью, что делает его практически не подверженным загрязнениям, а также облегчает уход за облицовкой. В процессе эксплуатации камень сохраняет свои характеристики, не теряя при этом эстетическую привлекательность. Серпентинит — экологически чистый материал, что соответствует тенденциям в области экодизайна и создания комфортных, безопасных жилых пространств.\n<h2>Гамма</h2>\nОблицовка Tekno представлена в смешанной цветовой гамме, что позволяет ей органично сочетаться с любым декором. Основная часть облицовки выполнена в сдержанном сером оттенке, который придаёт пространству спокойствие и гармонию. Декоративные вставки черного цвета создают выразительный контраст, подчеркивающий самобытность и современность дизайна. Это позволяет владельцам камина легко комбинировать облицовку с другими элементами, создавая целостный и сбалансированный облик помещения.\n<h2>Преимущества и характеристики теплонакопительной облицовки Tekno для каминной топки EdilKamin Tekno 2N DX</h2>\n<h3>1. Площадь обогрева: до 110 м²</h3>\nГлавное преимущество облицовки — способность обогревать площади до 110 м². Камин, оборудованный облицовкой, поддерживает комфортную температуру в достаточно большом помещении. Облицовка из серпентинита обладает повышенной теплоемкостью, что позволяет ей накапливать тепло, вырабатываемое от горения, и постепенно отдавать его в окружающее пространство. Поэтому даже при небольшом количестве топлива вы сможете создать комфортную температуру в большом помещении.\n<h3>2. Толщина облицовки: 50 мм</h3>\nТолщина облицовки в 50 мм — это баланс между эстетикой и функциональностью. Она обеспечивает достаточную массу для накопления тепла, при этом остается достаточно тонкой, поэтому не занимает слишком много пространства. Толщина в 50 мм позволяет серпентиниту накапливать и удерживать тепло до 8 часов. Более толстая облицовка могла бы создать излишний вес и нагрузку на конструкцию, а более тонкая не смогла бы обеспечить необходимую теплоотдачу. Благодаря этому балансу вы можете установить камин в углу небольшой комнаты, не опасаясь, что он займет слишком много пространства.\n<h3>3. Время теплоотдачи: 8 часов</h3>\nСерпентинит, из которого изготовлена облицовка, обладает повышенной теплоемкостью, что позволяет ему сохранять тепло дольше. Это свойство дает возможность наслаждаться теплом даже после того, как огонь потух, что делает камин более энергоэффективным и экономичным. Вы можете растопить камин накануне вечером и наслаждаться теплом в течение всей ночи, даже если огонь уже погас. Это особенно полезно в холодные зимние ночи.\n<h3>4. Диаметр дымохода: 250 мм</h3>\nДиаметр дымохода в 250 мм является стандартом для многих каминов и печей. Он обеспечивает нормальную тягу и энергоэффективность работы отопительного прибора. Также такой диаметр снижает риск образования сажи и других отложений.\n<h3>5. Тепловая мощность: 15 кВт</h3>\nТепловая мощность в 15 кВт позволяет камину обогревать даже большие помещения, обеспечивая равномерное распределение тепла. Мощность 15 кВт — это мощность 12 электрических обогревателей, поэтому отопление печью выгоднее по сравнению с электричеством, особенно если учитывать, что в разные времена года тарифы на электроэнергию также различаются.",,,taxable,,1,,,0,0,,,,,1,,,,"Для дома, Для дома > Облицовки для каминных топок",,,"https://demo.talkorus.ru/wp-content/uploads/2026/06/tekno.talkorus-2-optimized.webp, https://demo.talkorus.ru/wp-content/uploads/2026/06/tekno.talkorus-3-optimized.webp, https://demo.talkorus.ru/wp-content/uploads/2026/06/tekno.talkorus-1-optimized.webp",,,,,,,,,0,,,"Площадь обогрева","до 110 м²",1,1,Расположение,"Пристенно-угловое, Пристенное, Угловое",1,1,,field_talkorus_tab_description_heading,,field_talkorus_tab_description_content,"Технические данные",field_talkorus_tab_technical_heading,"<p class=""p1""><b>Общие характеристики</b></p>
<p class=""p1"">Время тепловой отдачи</p>
<p class=""p1""><b>................... 12 часов</b></p>
<p class=""p1"">Площадь обогрева</p>
<p class=""p1""><b>................... до 110 м²</b></p>
<p class=""p1""><b>Характеристики топки</b></p>
<p class=""p1"">Модель</p>
<p class=""p1""><b>................... Tekno 2N dx</b></p>
<p class=""p1"">Тепловая мощность</p>
<p class=""p1""><b>................... 15 кВт</b></p>
<p class=""p1"">Диаметр дымохода</p>
<p class=""p1""><b>................... 200 мм</b></p>
<p class=""p1""><b>Характеристики облицовки</b></p>
<p class=""p1"">Порода камня</p>
<p class=""p1""><b>................... Серпентинит</b></p>
<p class=""p1"">Вид обработки</p>
<p class=""p1""><b>................... ПОЛИРОВКА, ПРЕМИУМ</b></p>
<p class=""p1"">Толщина облицовки</p>
<p class=""p1""><b>................... 50 мм</b></p>",field_talkorus_tab_technical_content,"Размеры и вес",field_talkorus_tab_dimensions_heading,"<p class=""p1"">Высота</p>
<p class=""p1""><b>................... 1620 мм</b></p>
<p class=""p1"">Ширина</p>
<p class=""p1""><b>................... 1185 мм</b></p>
<p class=""p1"">Глубина</p>
<p class=""p1""><b>................... 909 мм</b></p>
<p class=""p1"">Вес</p>
<p class=""p1""><b>................... 1172 кг</b></p>",field_talkorus_tab_dimensions_content,,field_talkorus_tab_cut_content,,field_talkorus_tab_scheme_content,,field_talkorus_tab_purpose_content,,field_talkorus_tab_advantages_content,,field_talkorus_tab_docs_content,,field_talkorus_tab_video_content,,field_talkorus_tab_projects_content,4,field_talkorus_product_features,1620,field_69f20d9c512d1,688,field_talkorus_product_feature_icon,"Сухая сборка за 2 часа",field_talkorus_product_feature_title,686,field_talkorus_product_feature_icon,"Эффективная конвекция",field_talkorus_product_feature_title,685,field_talkorus_product_feature_icon,"Система ""Чистое стекло""",field_talkorus_product_feature_title,687,field_talkorus_product_feature_icon,"Облицовка Talkorus",field_talkorus_product_feature_title,,,,
600,simple,,,"Теплонакопительная облицовка Munchen для печи-камина ЭКОКАМИН Бавария, угловая",1,0,visible,,"Теплонакопительная облицовка TALKORUS «MÜNCHEN» для печи «Бавария» (адаптация под другие топки и кассеты)\n\nTALKORUS «MÜNCHEN» — теплонакопительная каменная облицовка для классических печей-каминов форм-фактора «Бавария» и близких по геометрии моделей. Это цельный каменный портал с продуманной конвекцией, который превращает обычную металлическую топку в долгоиграющий источник мягкого лучистого тепла и одновременно задаёт в интерьере сдержанную европейскую графику. В базовой конфигурации «MÜNCHEN» рассчитан на печь «Бавария», однако конструкция изначально модульная — мы адаптируем посадочные размеры, портальный проём и глубину посадки под другие топки и кассеты сходного формата, сохраняя фирменный силуэт.\n\nЗачем нужна теплонакопительная облицовка\nСтальная или чугунная печь быстро разгоняет температуру воздуха и столь же быстро остывает после затухания пламени. Каменная оболочка TALKORUS добавляет массу и тепловую инерцию: облицовка принимает на себя часть энергии горения и затем часами отдаёт её как ровное лучистое тепло. В результате исчезают «жёсткие» горячие струи, сглаживаются температурные пики, улучшается комфорт в зоне отдыха, а микроклимат становится более стабильным — без вентиляторов и лишнего шума. Лучистый компонент прогревает поверхности и предметы, создавая то самое ощущение тёплого дома.\n\nАрхитектура и внешний вид\nОбраз «MÜNCHEN» — это чистые плоскости, аккуратные фаски и выверенные пропорции в духе европейского модерна. Композицию формируют:\n— устойчивый цоколь с умеренным выносом, визуально «усаживающий» печь и защищающий нижние кромки от бытовых сколов;\n— вертикальные стойки/пилястры, собирающие объём и подчёркивающие высоту остекления печи «Бавария»;\n— верхняя крышка/карниз с деликатной тенью — завершает архитектуру и оберегает кромки;\n— тщательно снятые фаски и ровные стыки, формирующие чистую, предсказуемую светотень.\nТехнологические элементы — приточно-вытяжные каналы, компенсационные зазоры, ревизионные лючки — интегрированы в архитектуру; в собранном виде портал читается как цельный каменный объект, а печь выглядит аккуратно «встроенной» в интерьер.\n\nМатериалы и финиши\nДля TALKORUS используются натуральные породы с высокой теплоёмкостью и устойчивостью к термоциклам: талькомагнезит, талькохлорит, серпентинит. Все элементы выполняются из полнотелого камня; кромки обрабатываются, фаски выверяются по шаблонам, рисунок камня подбирается по панелям и цоколю. Доступные финиши:\n— Шлифовка — строгая матовая плоскость с ровной светотенью, универсальна для минимализма и скандии-интерьеров;\n— Антик (щёточная обработка) — бархатистая тактильная фактура, практичная в быту;\n— Полировка (на отдельных деталях) — благородный блеск крышки/кромок как аккуратный акцент.\nВозможны комбинации : шлифованные стойки + антик-цоколь, полированная кромка карниза, узкие фрезерованные пояса, вставки «рваного камня». Каждая партия камня проходит входной контроль на слоистость и микротрещины.\n\nТеплотехника и конвекция\nОблицовка «MÜNCHEN» реализует естественную конвекцию. Холодный воздух забирается у пола, проходит вдоль каменных каналов, нагревается и выходит в верхней зоне под карнизом. При этом значительная доля тепла передаётся лучисто — от нагретых каменных плоскостей. Такая схема снижает перепады по высоте, уменьшает перегрев стекла, делает зону у печи спокойной и комфортной. В домах со свободной планировкой и частыми проветриваниями тепловая инерция каменной массы помогает быстрее восстановить температурный режим без эффектов «пилы».\n\nСовместимость и адаптация под другие топки/кассеты\nБазовая посадка — под печь «Бавария». При необходимости мы адаптируем «MÜNCHEN» под кассеты и печи других производителей (Schmid, Brunner, Kratki, Kaw-Met, Laudel, Ferlux, Nordpeis, Jotul, ASTOV и др.), сохраняя геометрию и характер модели. Адаптация включает:\n— корректировку ширины/высоты портального окна и глубины посадки под конкретную дверцу/остекление;\n— учёт рамной/безрамной геометрии стекла и особенностей фурнитуры;\n— соблюдение зазоров приточно-вытяжной конвекции и теплового расширения;\n— изготовление маскирующих рамок и переходных элементов;\n— ревизионные доступы к дымоходу и сервисным узлам.\nБлагодаря модульности владелец получает свободу выбора бренда и возможность заменить кассету в будущем без капитальной переразделки каменного блока.\n\nМонтаж и основание\nКаменная облицовка имеет заметную массу, поэтому важна жёсткая, ровная площадка (монолит/стяжка) и проверка несущей способности перекрытия. Поставка — маркированный сборный комплект: цоколь, стойки/пилястры, фронтальные панели, крышка/карниз, доборы и рамки. Сборка ведётся по схеме; допускается аккуратная подрезка по месту. Все проходки и узлы герметизируются согласно паспортам оборудования и действующим нормам. При наличии электроввода (подсветка, сервоприводы) прокладка выполняется в жаростойких каналах с соблюдением ПУЭ.\n\nЭксплуатация и уход\nШлифованные и античные поверхности практичны: отпечатки и случайные следы менее заметны, чем на полировке; для ухода достаточно мягкой салфетки и нейтральных средств для натурального камня. Абразивы и кислоты не допускаются. Доступ к ревизионным зонам сохранён — обслуживание дымохода и оборудования проводится без демонтажа облицовки. При правильной растопке корпус держит тепло несколько часов после затухания пламени, создавая ровный, комфортный фон.\n\nПерсонализация\n— Порода камня: талькомагнезит / талькохлорит / серпентинит;\n— Финиш: шлифовка / антик / акценты полировки;\n— Геометрия: изменение высоты/ширины/глубины, профиль карниза, формат стоек и цоколя;\n— Декор: фрезерованные пояса, контрастные кромки, элементы «рваного камня»;\n— Интеграция: сопряжение с каменными панно, нишами, стеллажами, порталами на всю стену.\n\nИтог\n\nTALKORUS «MÜNCHEN» — каменная теплонакопительная облицовка, в которой архитектура и теплотехника работают вместе. Она подчёркивает достоинства печи «Бавария», делает огонь центром пространства и превращает кратковременное горение в долгое, мягкое тепло. В базе — посадка под «Баварию», по запросу — аккуратная адаптация под другие топки и кассеты с сохранением фирменного силуэта TALKORUS.",,,taxable,,1,,,0,0,,,,,1,,,,"Для дома, Для дома > Облицовки для каминных топок",,,"https://demo.talkorus.ru/wp-content/uploads/2026/06/munchen-talkorus-1-1-1-optimized.webp, https://demo.talkorus.ru/wp-content/uploads/2026/06/munchen-talkorus-2-2-1-optimized.webp",,,,,,,,,0,,,"Площадь обогрева","до 130 м²",1,1,Расположение,"Пристенно-угловое, Пристенное, Угловое",1,1,,field_talkorus_tab_description_heading,,field_talkorus_tab_description_content,"Технические данные",field_talkorus_tab_technical_heading,"<p class=""p1""><b>Общие характеристики</b></p>
<p class=""p1"">Время тепловой отдачи</p>
<p class=""p1""><b>................... 12 часов</b></p>
<p class=""p1"">Площадь обогрева</p>
<p class=""p1""><b>................... до 130 м²</b></p>
<p class=""p1""><b>Характеристики топки</b></p>
<p class=""p1"">Модель</p>
<p class=""p1""><b>................... Бавария</b></p>
<p class=""p1"">Тепловая мощность</p>
<p class=""p1""><b>................... 12 кВт</b></p>
<p class=""p1"">Диаметр дымохода</p>
<p class=""p1""><b>................... 150 мм</b></p>
<p class=""p1""><b>Характеристики облицовки</b></p>
<p class=""p1"">Порода камня</p>
<p class=""p1""><b>................... Серпентинит</b></p>
<p class=""p1"">Вид обработки</p>
<p class=""p1""><b>................... ПОЛИРОВКА</b></p>
<p class=""p1"">Толщина облицовки</p>
<p class=""p1""><b>................... 50 мм</b></p>",field_talkorus_tab_technical_content,"Размеры и вес",field_talkorus_tab_dimensions_heading,"<p class=""p1"">Высота</p>
<p class=""p1""><b>................... 2195 мм</b></p>
<p class=""p1"">Ширина</p>
<p class=""p1""><b>................... 830 мм</b></p>
<p class=""p1"">Глубина</p>
<p class=""p1""><b>................... 630 мм</b></p>
<p class=""p1"">Вес</p>
<p class=""p1""><b>................... 794 кг</b></p>",field_talkorus_tab_dimensions_content,,field_talkorus_tab_cut_content,,field_talkorus_tab_scheme_content,,field_talkorus_tab_purpose_content,,field_talkorus_tab_advantages_content,,field_talkorus_tab_docs_content,,field_talkorus_tab_video_content,,field_talkorus_tab_projects_content,4,field_talkorus_product_features,2195,field_69f20d9c512d1,688,field_talkorus_product_feature_icon,"Сухая сборка за 2 часа",field_talkorus_product_feature_title,686,field_talkorus_product_feature_icon,"Эффективная конвекция",field_talkorus_product_feature_title,685,field_talkorus_product_feature_icon,"Система ""Чистое стекло""",field_talkorus_product_feature_title,687,field_talkorus_product_feature_icon,"Облицовка Talkorus",field_talkorus_product_feature_title,,,,
603,simple,,,"Теплонакопительная облицовка для каминной топки ASTOV ПС 7363",1,0,visible,,"Теплонакопительная облицовка TALKORUS для каминной топки ASTOV PS 7363 (адаптация под кассеты других производителей)\n\nТеплонакопительная облицовка TALKORUS для ASTOV PS 7363 — это полнотелая каменная архитектура вокруг вашей кассеты: строгие пропорции, выверенная геометрия и продуманная теплотехника, которая превращает пламя в долгое, мягкое лучистое тепло. Базовая посадка ориентирована на фронтальную топку ASTOV PS 7363, при этом конструкция изначально спроектирована модульной: мы сохраняем характер модели и адаптируем посадочные размеры под топки других брендов (Schmid, Brunner, Kratki, Kaw-Met, Laudel, Ferlux, Nordpeis, Jotul и др.). Это даёт свободу выбора сегодня и возможность заменить кассету в будущем без капитальной переразделки каменного портала.\n\nЗачем теплонакопительная облицовка\nМеталлическая топка быстро нагревает воздух и так же быстро остывает. Каменная оболочка TALKORUS добавляет массу и инерцию: поверхность принимает на себя часть энергии горения, а затем часами излучает её как ровное лучистое тепло. Сглаживаются температурные пики, уходит ощущение «горячих струй» и сквозняков — вместо этого дом получает стабильный микроклимат без вентиляторов и шума. Лучистый компонент прогревает предметы и ограждающие конструкции, что особенно заметно в пространствах со свободной планировкой и высокими потолками.\n\nАрхитектура и внешний вид\nОблик облицовки — современная северная графика: чистые плоскости, лаконичные формы, выразительная светотень. Композицию формируют:\n— устойчивый цоколь с умеренным выносом — визуально «усаживает» камин и защищает нижние кромки от случайных сколов;\n— пара вертикальных стоек/пилястр, собирающих объём и подчёркивающих высоту стекла ASTOV PS 7363;\n— верхняя крышка/карниз с деликатной тенью — аккуратное завершение без лишних декоров;\n— тщательно снятые фаски на кромках — аккуратные стыки и ровная линия сопряжений.\nТехнологические элементы — приточно-вытяжные каналы естественной конвекции, компенсационные зазоры, сервисные лючки — интегрированы в архитектуру, поэтому портал читается цельным каменным объектом и органично вписывается как в минимализм, так и в тёплые скандии-интерьеры.\n\nМатериалы и финиши\nМы используем только породы, проверенные в печестроении: талькомагнезит, талькохлорит, серпентинит. Все они обладают высокой теплоёмкостью, устойчивостью к термоциклам и стабильной геометрией при длительной эксплуатации. Доступные финиши:\n— Шлифовка — строгая матовая плоскость, универсальная для минимализма и современной архитектуры;\n— Антик (щёточная обработка) — бархатистая тактильная фактура, менее заметны отпечатки и бытовые следы;\n— Полировка (точечно) — благородный блеск крышки или кромок как сдержанный акцент.\nКаждая партия камня проходит входной контроль: отсутствие слоистости и микротрещин, точная геометрия по шаблонам, аккуратная фаска на кромках. Рисунок камня подбирается по плоскостям портала и цоколю, чтобы объём выглядел цельным и аккуратным.\n\nТеплотехника и конвекция\nОблицовка реализует естественную конвекцию: нижний забор воздуха у пола, нагрев вдоль каменных каналов и верхний выброс в зоне карниза. Лучистое тепло от каменной массы создаёт ощущение «тёплых стен», а конвекция мягко перемешивает воздух — без перегрева стекла и локальных «горячих» потоков. В гостиных open-space такая схема особенно комфортна: после проветривания температурный фон восстанавливается без «пилы», а вокруг камина сохраняется ровная комфортная зона.\n\nСовместимость и адаптация под другие кассеты\nБазовая посадка рассчитана на ASTOV PS 7363. При необходимости мы адаптируем облицовку под кассеты других производителей с сохранением силуэта и пропорций модели. В адаптацию входит:\n— корректировка ширины/высоты портального окна и глубины посадки;\n— учёт геометрии остекления (рамка/безрамка, высота стекла) и тип фурнитуры;\n— соблюдение зазоров приточно-вытяжной конвекции и теплового расширения;\n— изготовление маскирующих рамок и переходных элементов;\n— ревизионные доступы к дымоходу и сервисным узлам.\nРезультат — аккуратная посадка, чистые швы и возможность замены кассеты в будущем без капитальной переразделки портала.\n\nДымоудаление и подключение\nДля стабильной работы камина необходим правильно рассчитанный дымоход: прямая вертикальная трасса с минимумом поворотов, сертифицированные узлы прохода перекрытий/кровли, герметичные соединения. Диаметр и высота подбираются по паспорту выбранной топки и расчёту тяги. Если у кассеты есть электрофункции (подсветка, автоматика), проводка прокладывается в жаростойких каналах с соблюдением норм электробезопасности.\n\nМонтаж и основание\nКаменная облицовка обладает значительной массой: требуется жёсткая, ровная площадка (монолит/стяжка) и проверка несущей способности перекрытия. Поставка — маркированный сборный комплект: цоколь, стойки/пилястры, фронтальные панели, крышка/карниз, доборы и рамки. Сборка по схеме несложна для профессиональной бригады; возможна аккуратная подрезка по месту. Уход — мягкая сухая уборка и нейтральные средства для натурального камня; абразивы и кислоты не применяются.\n\nПерсонализация и опции\n— Порода камня: талькомагнезит / талькохлорит / серпентинит;\n— Финиш: шлифовка / антик; локальная полировка кромок и поясов — по запросу;\n— Геометрия: изменение высоты/ширины/глубины, профиль карниза, формат стоек и цоколя;\n— Декор: фрезерованные пояса, контрастные кромки, «рваный камень» как тактильный акцент;\n— Интеграция: сопряжение с каменными панно, нишами, стеновыми порталами и встроенной мебелью.\n\nИтог\nTALKORUS для ASTОV PS 7363 — каменная теплонакопительная облицовка, где архитектура и теплотехника работают вместе. Огонь становится центром пространства, а камень — источником долгого, мягкого тепла без перегрева и шумной конвекции. В базе — посадка под ASTOV PS 7363; при необходимости мы адаптируем под другие бренды, сохранив силуэт и пропорции модели.",,,taxable,,1,,,0,0,,,,,1,,,,"Для дома, Для дома > Облицовки для каминных топок",,,"https://demo.talkorus.ru/wp-content/uploads/2026/06/astov.antik-talkorus-optimized.webp, https://demo.talkorus.ru/wp-content/uploads/2026/06/astov.antik_.talkorus-optimized.webp",,,,,,,,,0,,,"Площадь обогрева","до 110 м²",1,1,Расположение,Островное,1,1,,field_talkorus_tab_description_heading,,field_talkorus_tab_description_content,"Технические данные",field_talkorus_tab_technical_heading,"<p class=""p1""><b>Общие характеристики</b></p>
<p class=""p1"">Время тепловой отдачи</p>
<p class=""p1""><b>................... 12 часов</b></p>
<p class=""p1"">Площадь обогрева</p>
<p class=""p1""><b>................... до 110 м²</b></p>
<p class=""p1""><b>Характеристики топки</b></p>
<p class=""p1"">Модель</p>
<p class=""p1""><b>................... ASTOV ПС 7363</b></p>
<p class=""p1"">Тепловая мощность</p>
<p class=""p1""><b>................... 7 кВт</b></p>
<p class=""p1"">Диаметр дымохода</p>
<p class=""p1""><b>................... 200 мм</b></p>
<p class=""p1""><b>Характеристики облицовки</b></p>
<p class=""p1"">Порода камня</p>
<p class=""p1""><b>................... Серпентинит</b></p>
<p class=""p1"">Вид обработки</p>
<p class=""p1""><b>................... БАРХАТ</b></p>
<p class=""p1"">Толщина облицовки</p>
<p class=""p1""><b>................... 40 мм</b></p>",field_talkorus_tab_technical_content,"Размеры и вес",field_talkorus_tab_dimensions_heading,"<p class=""p1"">Высота</p>
<p class=""p1""><b>................... 1830 мм</b></p>
<p class=""p1"">Ширина</p>
<p class=""p1""><b>................... 1090 мм</b></p>
<p class=""p1"">Глубина</p>
<p class=""p1""><b>................... 720 мм</b></p>
<p class=""p1"">Вес</p>
<p class=""p1""><b>................... 870 кг</b></p>",field_talkorus_tab_dimensions_content,,field_talkorus_tab_cut_content,,field_talkorus_tab_scheme_content,,field_talkorus_tab_purpose_content,,field_talkorus_tab_advantages_content,,field_talkorus_tab_docs_content,,field_talkorus_tab_video_content,,field_talkorus_tab_projects_content,4,field_talkorus_product_features,1830,field_69f20d9c512d1,688,field_talkorus_product_feature_icon,"Сухая сборка за 2 часа",field_talkorus_product_feature_title,686,field_talkorus_product_feature_icon,"Эффективная конвекция",field_talkorus_product_feature_title,685,field_talkorus_product_feature_icon,"Система ""Чистое стекло""",field_talkorus_product_feature_title,687,field_talkorus_product_feature_icon,"Облицовка Talkorus",field_talkorus_product_feature_title,,,,
606,simple,,,"Теплонакопительная облицовка для каминной топки Jotul I-350",1,0,visible,,"Теплонакопительная облицовка TALKORUS для каминной топки Jotul I 350 (адаптация под кассеты других производителей)\n\nТеплонакопительная облицовка TALKORUS для Jotul I 350 — это полнотелая каменная архитектура вокруг вашей кассеты: строгие пропорции, выверенная геометрия и продуманная теплотехника, которая превращает обычное пламя в долгое, мягкое лучистое тепло. Базовая посадка ориентирована на фронтальную кассету Jotul I 350, при этом конструкция изначально спроектирована модульной: мы сохраняем образ модели и адаптируем посадочные размеры под топки других брендов (Schmid, Brunner, Kratki, Kaw-Met, Laudel, Ferlux, Nordpeis, ASTOV и др.). Это даёт свободу выбора сегодня и возможность замены кассеты в будущем без капитальной переразделки каменного портала.\n\nЗачем теплонакопительная облицовка\nМеталлическая топка быстро нагревает воздух и так же быстро остывает. Каменная оболочка TALKORUS добавляет массу и инерцию: поверхность принимает на себя часть энергии горения, а затем часами излучает её как ровное лучистое тепло. Сглаживаются температурные пики, уходит ощущение «горячих струй» и сквозняков — вместо этого дом получает стабильный микроклимат без вентиляторов и шума. Лучистый компонент прогревает предметы и ограждающие конструкции, что особенно заметно в пространствах со свободной планировкой и высокими потолками.\n\nАрхитектура и внешний вид\nОблик облицовки — современная северная графика: чистые плоскости, лаконичные формы, выразительная светотень. Композицию формируют:\n— устойчивый цоколь с умеренным выносом — визуально «усаживает» камин и защищает нижние кромки от случайных сколов;\n— пара вертикальных стоек/пилястр, собирающих объём и подчёркивающих высоту стекла Jotul I 350;\n— верхняя крышка/карниз с деликатной тенью — аккуратное завершение без лишних декоров;\n— тщательно снятые фаски на кромках — аккуратные стыки и ровная линия сопряжений.\nТехнологические элементы — приточно‑вытяжные каналы естественной конвекции, компенсационные зазоры, сервисные лючки — интегрированы в архитектуру, поэтому портал читается цельным каменным объектом.\n\nМатериалы и финиши\nМы используем только породы, проверенные в печестроении: талькомагнезит, талькохлорит, серпентинит. Все они обладают высокой теплоёмкостью, устойчивостью к термоциклам и стабильной геометрией при длительной эксплуатации. Доступные финиши:\n— Шлифовка — строгая матовая плоскость, универсальная для минимализма и скандии-интерьеров;\n— Антик (щёточная обработка) — бархатистая тактильная фактура, менее заметны отпечатки и бытовые следы;\n— Полировка (точечно) — благородный блеск крышки или кромок как сдержанный акцент.\nКаждая партия камня проходит входной контроль на слоистость и микротрещины; модули подгоняются на стенде, кромки снимаются фаской , рисунок камня подбирается по плоскостям портала и цоколю.\n\nТеплотехника и конвекция\nОблицовка реализует естественную конвекцию: нижний забор воздуха у пола, нагрев вдоль каменных каналов и верхний выброс в зоне карниза. Лучистое тепло от массива создаёт ощущение «тёплых стен», а конвекция мягко перемешивает воздух — без перегрева стекла и локальных «горячих» потоков. В гостиных open-space такая схема особенно комфортна: после проветривания температурный фон восстанавливается без «пилы», а вокруг камина сохраняется ровная комфортная зона.\n\nСовместимость и адаптация под другие кассеты\nБазовая посадка рассчитана на Jotul I 350. При необходимости мы адаптируем облицовку под кассеты других производителей сохранением силуэта и пропорций модели. В адаптацию входит:\n— корректировка ширины/высоты портального окна и глубины посадки;\n— учёт геометрии остекления (рамка/безрамка, высота стекла) и тип фурнитуры;\n— соблюдение зазоров приточно-вытяжной конвекции и теплового расширения;\n— изготовление маскирующих рамок и переходных элементов;\n— ревизионные доступы к дымоходу и сервисным узлам.\nРезультат — аккуратная посадка, чистые швы и возможность замены кассеты в будущем без капитальной переразделки портала.\n\nДымоудаление и подключение\nДля стабильной работы камина необходим правильно рассчитанный дымоход: прямая вертикальная трасса с минимумом поворотов, сертифицированные узлы прохода перекрытий/кровли, герметичные соединения. Диаметр и высота подбираются по паспорту выбранной топки и расчёту тяги. Если у кассеты есть электрофункции (подсветка, автоматика), проводка прокладывается в жаростойких каналах с соблюдением норм электробезопасности.\n\nМонтаж и основание\nКаменная облицовка обладает значительной массой: требуется жёсткая, ровная площадка (монолит/стяжка) и проверка несущей способности перекрытия. Поставка — маркированный сборный комплект: цоколь, стойки/пилястры, фронтальные панели, крышка/карниз, доборы и рамки. Сборка по схеме несложна для профессиональной бригады; возможна аккуратная подрезка по месту. Уход — мягкая сухая уборка и нейтральные средства для натурального камня; абразивы и кислоты не применяются.\n\nПерсонализация и опции\n— Порода камня: талькомагнезит / талькохлорит / серпентинит;\n— Финиш: шлифовка / антик; локальная полировка кромок и поясов — по запросу;\n— Геометрия: изменение высоты/ширины/глубины, профиль карниза, формат стоек и цоколя;\n— Декор: фрезерованные пояса, контрастные кромки, «рваный камень» как тактильный акцент;\n— Интеграция: сопряжение с каменными панно, нишами и стеновыми порталами.\n\nИтог\n\nTALKORUS для Jotul I 350 — это каменная теплонакопительная облицовка, где архитектура и теплотехника работают вместе. Огонь становится центром пространства, а камень — источником долгого, мягкого тепла без перегрева и шумной конвекции. В базе — посадка под Jotul I 350; при необходимости мы адаптируем под другие бренды, сохранив силуэт и пропорции модели.",,,taxable,,1,,,0,0,,,,,1,,,,"Для дома, Для дома > Облицовки для каминных топок",,,"https://demo.talkorus.ru/wp-content/uploads/2026/06/bez-imeni-2-3-optimized.webp, https://demo.talkorus.ru/wp-content/uploads/2026/06/bez-imeni-3-1-1-optimized.webp, https://demo.talkorus.ru/wp-content/uploads/2026/06/bez-imeni-1-3-optimized.webp",,,,,,,,,0,,,"Площадь обогрева","до 110 м²",1,1,Расположение,Угловое,1,1,,field_talkorus_tab_description_heading,,field_talkorus_tab_description_content,"Технические данные",field_talkorus_tab_technical_heading,"<p class=""p1""><b>Общие характеристики</b></p>
<p class=""p1"">Время тепловой отдачи</p>
<p class=""p1""><b>................... до 24 часов</b></p>
<p class=""p1"">Площадь обогрева</p>
<p class=""p1""><b>................... до 110 м²</b></p>
<p class=""p1""><b>Характеристики топки</b></p>
<p class=""p1"">Модель</p>
<p class=""p1""><b>................... Jotul I350</b></p>
<p class=""p1"">Тепловая мощность</p>
<p class=""p1""><b>................... 11 кВт</b></p>
<p class=""p1"">Диаметр дымохода</p>
<p class=""p1""><b>................... 115 мм</b></p>
<p class=""p1""><b>Характеристики облицовки</b></p>
<p class=""p1"">Порода камня</p>
<p class=""p1""><b>................... Серпентинит</b></p>
<p class=""p1"">Вид обработки</p>
<p class=""p1""><b>................... ПОЛИРОВКА</b></p>
<p class=""p1"">Толщина облицовки</p>
<p class=""p1""><b>................... 40 мм</b></p>",field_talkorus_tab_technical_content,"Размеры и вес",field_talkorus_tab_dimensions_heading,"<p class=""p1"">Высота</p>
<p class=""p1""><b>................... 1770 мм</b></p>
<p class=""p1"">Ширина</p>
<p class=""p1""><b>................... 820 мм</b></p>
<p class=""p1"">Глубина</p>
<p class=""p1""><b>................... 660 мм</b></p>
<p class=""p1"">Вес</p>
<p class=""p1""><b>................... 760 кг</b></p>",field_talkorus_tab_dimensions_content,,field_talkorus_tab_cut_content,,field_talkorus_tab_scheme_content,,field_talkorus_tab_purpose_content,,field_talkorus_tab_advantages_content,,field_talkorus_tab_docs_content,,field_talkorus_tab_video_content,,field_talkorus_tab_projects_content,4,field_talkorus_product_features,1770,field_69f20d9c512d1,688,field_talkorus_product_feature_icon,"Сухая сборка за 2 часа",field_talkorus_product_feature_title,686,field_talkorus_product_feature_icon,"Эффективная конвекция",field_talkorus_product_feature_title,685,field_talkorus_product_feature_icon,"Система ""Чистое стекло""",field_talkorus_product_feature_title,687,field_talkorus_product_feature_icon,"Облицовка Talkorus",field_talkorus_product_feature_title,,,,
610,simple,,,"Теплонакопительная облицовка Viking для каминной топки Keddy SK 101",1,0,visible,,"Теплонакопительная облицовка TALKORUS «VIKING» для каминной топки Keddy SK 101 (адаптируется под кассеты других производителей)\n\nTALKORUS «VIKING» — это теплонакопительная каменная облицовка для фронтальных каминных топок. В базовой конфигурации модель ориентирована на формат Keddy SK 101, однако конструкция изначально спроектирована модульной: мы сохраняем архитектурный образ «VIKING» и подгоняем посадочные размеры под кассеты других производителей сходного класса. Такой подход даёт свободу выбора бренда топки сегодня и возможность её замены в будущем без капитальной переразделки каменного портала.\n\nЗачем нужна теплонакопительная облицовка\nМеталлическая топка быстро нагревает воздух и так же быстро остывает. Каменная оболочка TALKORUS добавляет массу и тепловую инерцию: поверхность аккумулирует часть энергии пламени и затем часами излучает мягкое лучистое тепло. Это сглаживает температурные пики, повышает комфорт в зоне камина и стабилизирует микроклимат в помещении — без шумных вентиляторов и «жёстких» горячих струй. Лучистый компонент прогревает поверхности и предметы, создавая ощущение «тёплых стен» и спокойного, предсказуемого тепла.\n\nАрхитектура и внешний вид\nОбраз VIKING — современная северная графика: чистые плоскости, лаконичные формы и выверенные пропорции. Композицию формируют:\n— устойчивый цоколь с умеренным выносом — визуально «усаживает» камин и защищает нижние кромки от случайных сколов;\n— пара вертикальных стоек/пилястр, собирающих объём и подчёркивающих высоту остекления топки;\n— верхняя крышка/карниз с деликатной тенью — логичное завершение блока;\n— тщательно снятые фаски на кромках — аккуратная светотень и ровная линия сопряжений.\nТехнологические элементы — приток/выброс естественной конвекции, компенсационные зазоры и сервисные доступы — интегрированы в архитектуру; портал читается как цельный каменный объект и уверенно вписывается как в минимализм, так и в тёплые скандии-интерьеры.\n\nМатериалы и финиши\nМы используем натуральные породы, проверенные в печестроении: талькомагнезит, талькохлорит, серпентинит. Они обладают высокой теплоёмкостью, устойчивость к термоциклам и стабильной геометрией в длительной эксплуатации. Доступные финиши:\n— Шлифовка — строгая матовая плоскость с ровной светотенью;\n— Антик (щёточная обработка) — бархатистая тактильная фактура, практичная в быту;\n— Полировка (на отдельных элементах) — благородный блеск крышки/кромок как точный акцент.\nКаждый модуль проходит подгонку на стенде; кромки снимаются фаской, рисунок камня подбирается по зонам портала и цоколю, чтобы объём выглядел цельным и аккуратным.\n\nТеплотехника и конвекция\n«VIKING» реализует естественную конвекцию: холодный воздух забирается у пола, проходит вдоль каменных каналов, нагревается и выходит сверху в зоне карниза. Лучистое тепло от каменной массы создаёт ощущение «тёплых стен», а конвекция мягко перемешивает воздух без перегрева стекла и без локальных «горячих» потоков. В гостиных open-space такая схема заметно повышает комфорт: после проветривания или открытия дверей на террасу температурный фон восстанавливается без «пилы».\n\nСовместимость и адаптация под другие кассеты\nБазовая посадка рассчитана на Keddy SK 101. При необходимости мы адаптируем «VIKING» под кассеты Schmid, Brunner, Kratki, Kaw-Met, Laudel, Ferlux, Nordpeis, ASTOV и других брендов. Адаптация включает:\n— корректировку ширины/высоты портального окна и глубины посадки;\n— учёт геометрии остекления (рамка/безрамка, высота стекла), тип фурнитуры;\n— соблюдение зазоров приточно-вытяжной конвекции и теплового расширения;\n— изготовление маскирующих рамок и переходных элементов;\n— ревизионные доступы к дымоходу и сервисным узлам.\nВладелец получает свободу выбора бренда и возможность в будущем заменить кассету без капитальной переразделки каменного блока.\n\nДымоудаление и подключение\nДля стабильной работы камина необходим правильно рассчитанный дымоход: прямая вертикальная трасса с минимумом поворотов, сертифицированные узлы прохода перекрытий/кровли и герметичные соединения. Диаметр и высота подбираются по паспорту выбранной топки и расчёту тяги; важно исключить паразитные подсосы. Если у кассеты есть электрофункции (подсветка, автоматика), проводка прокладывается в жаростойких каналах с соблюдением норм электробезопасности.\n\nМонтаж и основание\nКаменная облицовка обладает значительной массой. Требуется жёсткая, ровная площадка (монолит/стяжка) и проверка несущей способности перекрытия. Поставка — маркированный сборный комплект: цоколь, стойки/пилястры, фронтальные панели, крышка/карниз, доборы и рамки. Сборка по схеме несложна для профессиональной бригады; возможна аккуратная подрезка по месту. Уход — мягкая сухая уборка и нейтральные средства для натурального камня; абразивы и кислоты не применяются.\n\nПерсонализация и опции\n— Порода камня: талькомагнезит / талькохлорит / серпентинит;\n— Финиш: шлифовка / антик; локальная полировка кромок и поясов — по запросу;\n— Геометрия: изменение высоты/ширины/глубины, профиль карниза, формат стоек и цоколя;\n— Декор: фрезерованные пояса, контрастные кромки, «рваный камень» как тактильный акцент;\n— Интеграция: сопряжение с каменными панно, нишами, стеновыми порталами и встроенной мебелью.\n\nИтог\nTALKORUS «VIKING» — каменная теплонакопительная облицовка для фронтальных кассет, в которой архитектура и теплотехника работают вместе. В базе — посадка под Keddy SK 101; при необходимости мы адаптируем под другие бренды, сохранив силуэт и пропорции модели. Огонь — как центр пространства, камень — как источник долгого, мягкого тепла и аккуратной светотени.",,,taxable,,1,,,0,0,,,,,1,,,,"Для дома, Для дома > Облицовки для каминных топок",,,"https://demo.talkorus.ru/wp-content/uploads/2026/06/foto-1-scaled-1-optimized.webp, https://demo.talkorus.ru/wp-content/uploads/2026/06/front91-1-optimized.webp",,,,,,,,,0,,,"Площадь обогрева","до 110 м²",1,1,Расположение,Пристенное,1,1,,field_talkorus_tab_description_heading,,field_talkorus_tab_description_content,"Технические данные",field_talkorus_tab_technical_heading,"<p class=""p1""><b>Общие характеристики</b></p>
<p class=""p1"">Время тепловой отдачи</p>
<p class=""p1""><b>................... 12 часов</b></p>
<p class=""p1"">Площадь обогрева</p>
<p class=""p1""><b>................... до 110 м²</b></p>
<p class=""p1""><b>Характеристики топки</b></p>
<p class=""p1"">Модель</p>
<p class=""p1""><b>................... Keddy SK 101</b></p>
<p class=""p1"">Тепловая мощность</p>
<p class=""p1""><b>................... 10 кВт</b></p>
<p class=""p1"">Диаметр дымохода</p>
<p class=""p1""><b>................... 150 мм</b></p>
<p class=""p1""><b>Характеристики облицовки</b></p>
<p class=""p1"">Порода камня</p>
<p class=""p1""><b>................... Талькомагнезит</b></p>
<p class=""p1"">Вид обработки</p>
<p class=""p1""><b>................... ШЛИФОВКА, БАРХАТ</b></p>
<p class=""p1"">Толщина облицовки</p>
<p class=""p1""><b>................... 50 мм</b></p>",field_talkorus_tab_technical_content,"Размеры и вес",field_talkorus_tab_dimensions_heading,"<p class=""p1"">Высота</p>
<p class=""p1""><b>................... 1540 мм</b></p>
<p class=""p1"">Ширина</p>
<p class=""p1""><b>................... 1080 мм</b></p>
<p class=""p1"">Глубина</p>
<p class=""p1""><b>................... 660 мм</b></p>
<p class=""p1"">Вес</p>
<p class=""p1""><b>................... 753 кг</b></p>",field_talkorus_tab_dimensions_content,,field_talkorus_tab_cut_content,,field_talkorus_tab_scheme_content,,field_talkorus_tab_purpose_content,,field_talkorus_tab_advantages_content,,field_talkorus_tab_docs_content,,field_talkorus_tab_video_content,,field_talkorus_tab_projects_content,4,field_talkorus_product_features,1540,field_69f20d9c512d1,688,field_talkorus_product_feature_icon,"Сухая сборка за 2 часа",field_talkorus_product_feature_title,686,field_talkorus_product_feature_icon,"Эффективная конвекция",field_talkorus_product_feature_title,685,field_talkorus_product_feature_icon,"Система ""Чистое стекло""",field_talkorus_product_feature_title,687,field_talkorus_product_feature_icon,"Облицовка Talkorus",field_talkorus_product_feature_title,,,,
613,simple,,,"Теплонакопительная облицовка Kuito SL для каминной топки Компакт 46×68 островная",1,0,visible,,"Облицовка TALKORUS «KUITO SL» — островной формат, полировка (для каминной топки; адаптация под разные кассеты)\n\nKUITO SL — каменная облицовка, которая собирается вокруг выбранной каминной кассеты и образует цельный архитектурный объём. Это не готовый камин, а комплект полнотелых элементов, работающих как тепловой аккумулятор и визуальная рамка очага. Отделка полировка — это матовый финиш.\n\nЧто это такое\n\nЭто облицовка для каминной топки. Основанием служит выбранная кассета, а TALKORUS поставляет каменные элементы: цоколь, вертикальные стойки или пилястры, фронтальные и боковые панели, верхнюю крышку или карниз и комплект доборов. Сборка ведётся на объекте: разметка, установка цоколя, монтаж стоек, крепление панелей, посадка крышки и подгонка доборов.\n\nМатериалы и финиш\n\nВ облицовках используются натуральные породы с высокой теплоёмкостью и стабильностью к термоциклам: талькохлорит, серпентинит, талькомагнезит. Вариант отделки — полировка. Этот финиш влияет на оптику и тактильность поверхности, а на теплотехнику больше всего влияют масса камня, площадь наружных плоскостей и организация естественной конвекции.\n\nТеплотехника простыми словами\n\nМеталлическая кассета быстро выходит на режим и быстро остывает. Каменная оболочка принимает излишек энергии, сглаживает пики и отдаёт накопленное в течение нескольких часов лучисто, без жёстких потоков. Температура в зоне отдыха становится ровнее, а комфорт ощущается дольше.\n\nЕстественная конвекция\n\nПриток формируется в нижней зоне, далее воздух проходит вдоль внутренних каналов и выходит под крышкой. Схема бесшумная, без вентиляторов, и хорошо сочетается с лучистой составляющей теплоотдачи.\n\nАрхитектура и сборка\n\nСилуэт строится из простых геометрий: устойчивый цоколь, две стойки, ровные плоскости панелей и спокойная крышка. Кромки с фаской дают аккуратную светотень, швы выдержанные и ровные. Технологические зазоры и ревизии интегрированы так, чтобы объём воспринимался монолитным.\n\nСовместимость и адаптация\n\nПосадочные размеры и глубина подгоняются под конкретную кассету, маскирующие рамки подготавливаются по проекту. Работаем с производителями: Ferlux, Laudel, Schmid, Brunner,  Kratki, KawMet, ASTOV, Nordpeis. Сохраняются зазоры приточно-вытяжной конвекции и теплового расширения, предусматриваются ревизионные доступы. Конструкция допускает замену кассеты в будущем без разрушения облицовки.\n\nОснование, дымоход, подключение\n\nКаменная облицовка весит существенно больше тонкого металлического кожуха, поэтому требуется жёсткое и ровное основание. Рекомендуется вертикальная трасса дымохода с минимальным числом поворотов, сертифицированные узлы прохода перекрытий и кровли. Если у кассеты есть подсветка или автоматика, кабели прокладываются в жаростойких каналах с соблюдением норм.\n\nСценарии применения\n\nОткрытые гостиные, кухни-студии, лаунж пространства с обзором очага из нескольких зон. Островное размещение помогает организовать планировку и делает огонь центром общения.\n\nУход\n\nПолированная поверхность неприхотлива. Пыль снимается сухой или слегка влажной микрофиброй; агрессивные химические составы и абразивы не применяются.\n\nВопросы и ответы\n\nМожно ли сменить кассету через несколько лет? Да, модульная конструкция позволяет сохранить архитектуру и подогнать посадочные размеры новой топки.\n\nНужен ли приточный воздух? Рекомендуется организовать приток по паспорту кассеты для стабильной тяги и чистого горения.\n\nНасколько горячими бывают наружные панели? Поверхности тёплые и горячие, но отдача в основном лучистая и воспринимается мягче, чем интенсивная конвекция.\n\nКонтроль качества\n\nПлиты сортируются по тону и рисунку, подгоняются по размерам на стенде, кромки проходят фаску. Подрезки выполняются алмазным инструментом; монтаж ведётся по карте резов с фиксированными допусками.\n\nГлоссарий\n\nПосадочное окно — проём под рамку кассеты. Карниз или крышка — верхняя плитная деталь. Фаска — снятие кромки для аккуратной светотени. Тепловой зазор — компенсация расширения и конвекции. Ревизионный доступ — окно для обслуживания.\n\nПроектирование посадки занимает отдельный этап: согласуются высота остекления, глубина посадки, диаметр и высота дымохода, положение ревизий и маршрут обслуживания. В открытых планировках дополнительно проверяют распределение потоков, чтобы исключить перегрев близлежащих материалов.",,,taxable,,1,,,0,0,,,,,1,,,,"Для дома, Для дома > Облицовки для каминных топок",,,"https://demo.talkorus.ru/wp-content/uploads/2026/06/bok-3-e1653250282853-optimized.webp, https://demo.talkorus.ru/wp-content/uploads/2026/06/top-1-e1653250293999-optimized.webp",,,,,,,,,0,,,"Площадь обогрева","до 70 м²",1,1,Расположение,Островное,1,1,,field_talkorus_tab_description_heading,,field_talkorus_tab_description_content,"Технические данные",field_talkorus_tab_technical_heading,"<p class=""p1""><b>Общие характеристики</b></p>
<p class=""p1"">Время тепловой отдачи</p>
<p class=""p1""><b>................... до 24 часов</b></p>
<p class=""p1"">Площадь обогрева</p>
<p class=""p1""><b>................... до 70 м²</b></p>
<p class=""p1""><b>Характеристики топки</b></p>
<p class=""p1"">Модель</p>
<p class=""p1""><b>................... Компакт 46х68</b></p>
<p class=""p1"">Тепловая мощность</p>
<p class=""p1""><b>................... 15 кВт</b></p>
<p class=""p1"">Диаметр дымохода</p>
<p class=""p1""><b>................... 150 мм</b></p>
<p class=""p1""><b>Характеристики облицовки</b></p>
<p class=""p1"">Порода камня</p>
<p class=""p1""><b>................... Серпентинит</b></p>
<p class=""p1"">Вид обработки</p>
<p class=""p1""><b>................... ПОЛИРОВКА</b></p>
<p class=""p1"">Толщина облицовки</p>
<p class=""p1""><b>................... 40 мм</b></p>",field_talkorus_tab_technical_content,"Размеры и вес",field_talkorus_tab_dimensions_heading,"<p class=""p1"">Высота</p>
<p class=""p1""><b>................... 2080 мм</b></p>
<p class=""p1"">Ширина</p>
<p class=""p1""><b>................... 890 мм</b></p>
<p class=""p1"">Глубина</p>
<p class=""p1""><b>................... 630 мм</b></p>
<p class=""p1"">Вес</p>
<p class=""p1""><b>................... 713 кг</b></p>",field_talkorus_tab_dimensions_content,,field_talkorus_tab_cut_content,,field_talkorus_tab_scheme_content,,field_talkorus_tab_purpose_content,,field_talkorus_tab_advantages_content,,field_talkorus_tab_docs_content,,field_talkorus_tab_video_content,,field_talkorus_tab_projects_content,4,field_talkorus_product_features,2080,field_69f20d9c512d1,688,field_talkorus_product_feature_icon,"Сухая сборка за 2 часа",field_talkorus_product_feature_title,686,field_talkorus_product_feature_icon,"Эффективная конвекция",field_talkorus_product_feature_title,685,field_talkorus_product_feature_icon,"Система ""Чистое стекло""",field_talkorus_product_feature_title,687,field_talkorus_product_feature_icon,"Облицовка Talkorus",field_talkorus_product_feature_title,,,,
616,simple,,,"Теплонакопительная облицовка Nordika для каминной топки Аврора 600 (Мета)",1,0,visible,,"Теплонакопительная облицовка TALKORUS «NORDIKA» для каминной топки Аврора 600 (META) — адаптируется под кассеты других производителей\n\nTALKORUS «NORDIKA» — теплонакопительная каменная облицовка для фронтальных каминных топок. В базовой конфигурации модель ориентирована на формат Аврора 600 (META), однако конструкция изначально спроектирована модульной: мы сохраняем архитектурный образ «NORDIKA» и подгоняем посадочные размеры под кассеты других производителей сходного класса. Такой подход даёт владельцу свободу выбора бренда топки и возможность её замены в будущем без капитальной переразделки каменного портала.\n\nЗачем нужна теплонакопительная облицовка\nОбычная металлическая топка быстро нагревает воздух и так же быстро остывает. Каменная оболочка «NORDIKA» добавляет массу и тепловую инерцию: поверхность аккумулирует энергию пламени и затем часами излучает мягкое лучистое тепло. Это сглаживает температурные пики, повышает комфорт в зоне камина и стабилизирует микроклимат в помещении без шумных вентиляторов и «жёстких» горячих струй. Лучистый компонент прогревает поверхности и предметы — именно так достигается ощущение «тёплого дома».\n\nАрхитектура и внешний вид\nОбраз NORDIKA — современная северная графика: чистые плоскости, точные пропорции и выразительная светотень. Композицию формируют:\n— Цоколь с умеренным выносом: визуально «усаживает» камин, защищает нижние кромки от случайных сколов;\n— Пара вертикальных стоек/пилястр, собирающих объём и подчёркивающих высоту остекления кассеты;\n— Верхняя крышка/карниз с деликатной тенью — аккуратное завершение без излишних декоров;\n— Фаски на кромках, которые помогают читать свет и формируют аккуратную линию сопряжений.\nВсе технологические элементы — приток/выброс естественной конвекции, компенсационные зазоры, сервисные доступы — интегрированы в архитектуру и незаметны для глаза. Вариативность модуля позволяет уверенно вписать «NORDIKA» как в лаконичный минимализм, так и в тёплые скандии-интерьеры с деревом и природным камнем.\n\nМатериалы и финиши\nМы работаем только с породами, проверенными в печестроении: талькомагнезит, талькохлорит, серпентинит. Они обладают высокой теплоёмкостью, устойчивы к термоциклам и сохраняют геометрию годами. Доступные финиши:\n— Шлифовка — строгая матовая плоскость с ровной светотенью;\n— Антик (щёточная обработка) — бархатистая тактильная фактура, практичная в быту;\n— Полировка (на отдельных элементах) — благородный блеск карниза или кромок как аккуратный акцент.\nКаждая партия камня проходит входной контроль на слоистость и микротрещины; модули подгоняются на стенде, кромки снимаются фаской, рисунок камня подбирается по плоскостям портала и цоколю.\n\nТеплотехника и конвекция\n«NORDIKA» реализует естественную конвекцию: холодный воздух забирается у пола, проходит по каменным каналам, нагревается и выходит вверху в зоне карниза. Лучистое тепло от камня создаёт ощущение «тёплых стен», а конвекция мягко перемешивает воздух — без перегрева стекла и без локальных «горячих» потоков. Такая схема особенно комфортна в гостиных open-space: зона вокруг камина остаётся стабильной даже при проветриваниях и открывании дверей на террасу.\n\nСовместимость и адаптация под другие кассеты\nБазовая посадка рассчитана на Аврора 600 (META). При необходимости мы адаптируем «NORDIKA» под кассеты Schmid, Brunner, Kratki, Kaw-Met, Laudel, Ferlux, Nordpeis, ASTOV и других брендов. Адаптация включает:\n— корректировку ширины/высоты портального окна и глубины посадки;\n— учёт геометрии остекления (безрамка/рамка, высота стекла), рамок и фурнитуры;\n— соблюдение зазоров приточно-вытяжной конвекции и теплового расширения;\n— изготовление маскирующих рамок и переходных элементов;\n— ревизионные доступы к дымоходу и сервисным узлам.\nРезультат — аккуратная посадка и возможность в будущем заменить кассету без капитальной переразделки портала.\n\nДымоудаление и подключение\nДля стабильной работы камина необходим правильно рассчитанный дымоход: прямая вертикаль с минимумом поворотов, сертифицированные узлы прохода перекрытий/кровли и герметичные соединения. Диаметр и высота подбираются по паспорту кассеты и расчёту тяги. При наличии электрофункций (подсветка, автоматика) проводка прокладывается в жаростойких каналах с соблюдением норм электробезопасности.\n\nМонтаж и основание\nКаменная облицовка обладает значительной массой. Требуется жёсткая, ровная площадка (монолит/стяжка) и проверка несущей способности перекрытия. Поставка — маркированный сборный комплект: цоколь, стойки/пилястры, фронтальные панели, крышка/карниз, доборы и рамки. Сборка по схеме несложна для профессиональной бригады; возможна аккуратная подрезка по месту. Уход — мягкая сухая уборка и нейтральные средства для натурального камня; абразивы и кислоты не применяются.\n\nПерсонализация и опции\n— Порода камня: талькомагнезит / талькохлорит / серпентинит;\n— Финиш: шлифовка / антик; локальная полировка кромок и поясов — по запросу;\n— Геометрия: изменение высоты/ширины/глубины, профиль карниза, формат стоек и цоколя;\n— Декор: фрезерованные пояса, контрастные кромки, «рваный камень» как акцент;\n— Интеграция: сопряжение с каменными панно, нишами и стеновыми порталами.\n\nИтог\nTALKORUS «NORDIKA» — это каменная теплонакопительная облицовка для фронтальных кассет, сочетающая строгую архитектуру и продуманную теплотехнику. В базе — посадка под Аврора 600 (META); при необходимости адаптируем под другие бренды, сохранив силуэт и пропорции модели. Огонь — как центр пространства, камень — как источник долгого, мягкого тепла.",,,taxable,,1,,,0,0,,,,,1,,,,"Для дома, Для дома > Облицовки для каминных топок",,,"https://demo.talkorus.ru/wp-content/uploads/2026/06/talkorus-nordika-2-optimized.webp, https://demo.talkorus.ru/wp-content/uploads/2026/06/talkorus-nordika-1-optimized.webp, https://demo.talkorus.ru/wp-content/uploads/2026/06/talkorus-nordika-3-optimized.webp",,,,,,,,,0,,,"Площадь обогрева","до 110 м²",1,1,Расположение,"Островное, Пристенное",1,1,,field_talkorus_tab_description_heading,,field_talkorus_tab_description_content,"Технические данные",field_talkorus_tab_technical_heading,"<p class=""p1""><b>Общие характеристики</b></p>
<p class=""p1"">Время тепловой отдачи</p>
<p class=""p1""><b>................... 12 часов</b></p>
<p class=""p1"">Площадь обогрева</p>
<p class=""p1""><b>................... до 110 м²</b></p>
<p class=""p1""><b>Характеристики топки</b></p>
<p class=""p1"">Модель</p>
<p class=""p1""><b>................... Аврора 600 (Мета)</b></p>
<p class=""p1"">Тепловая мощность</p>
<p class=""p1""><b>................... 10 кВт</b></p>
<p class=""p1"">Диаметр дымохода</p>
<p class=""p1""><b>................... 150 мм</b></p>
<p class=""p1""><b>Характеристики облицовки</b></p>
<p class=""p1"">Порода камня</p>
<p class=""p1""><b>................... Талькомагнезит</b></p>
<p class=""p1"">Вид обработки</p>
<p class=""p1""><b>................... ШЛИФОВКА, БАРХАТ</b></p>
<p class=""p1"">Толщина облицовки</p>
<p class=""p1""><b>................... 50 мм</b></p>",field_talkorus_tab_technical_content,"Размеры и вес",field_talkorus_tab_dimensions_heading,"<p class=""p1"">Высота</p>
<p class=""p1""><b>................... 1840 мм</b></p>
<p class=""p1"">Ширина</p>
<p class=""p1""><b>................... 980 мм</b></p>
<p class=""p1"">Глубина</p>
<p class=""p1""><b>................... 660 мм</b></p>
<p class=""p1"">Вес</p>
<p class=""p1""><b>................... 984 кг</b></p>",field_talkorus_tab_dimensions_content,,field_talkorus_tab_cut_content,,field_talkorus_tab_scheme_content,,field_talkorus_tab_purpose_content,,field_talkorus_tab_advantages_content,,field_talkorus_tab_docs_content,,field_talkorus_tab_video_content,,field_talkorus_tab_projects_content,4,field_talkorus_product_features,1840,field_69f20d9c512d1,688,field_talkorus_product_feature_icon,"Сухая сборка за 2 часа",field_talkorus_product_feature_title,686,field_talkorus_product_feature_icon,"Эффективная конвекция",field_talkorus_product_feature_title,685,field_talkorus_product_feature_icon,"Система ""Чистое стекло""",field_talkorus_product_feature_title,687,field_talkorus_product_feature_icon,"Облицовка Talkorus",field_talkorus_product_feature_title,,,,
620,simple,,,"Теплонакопительная облицовка Kuito SP для каминной топки Компакт 46×68 островная",1,0,visible,,"Облицовка TALKORUS «KUITO SP» — островной формат, премиум (для каминной топки; адаптация под разные кассеты)\n\nKUITO SP — каменная облицовка, которая собирается вокруг выбранной каминной кассеты и образует цельный архитектурный объём. Это не готовый камин, а комплект полнотелых элементов, работающих как тепловой аккумулятор и визуальная рамка очага. Отделка полировка — это премиальный блеск.\n\nЧто это такое\n\nЭто облицовка для каминной топки. Основанием служит выбранная кассета, а TALKORUS поставляет каменные элементы: цоколь, вертикальные стойки или пилястры, фронтальные и боковые панели, верхнюю крышку или карниз и комплект доборов. Сборка ведётся на объекте: разметка, установка цоколя, монтаж стоек, крепление панелей, посадка крышки и подгонка доборов.\n\nМатериалы и финиш\n\nВ облицовках используются натуральные породы с высокой теплоёмкостью и стабильностью к термоциклам: талькомагнезит, талькохлорит, серпентинит. Вариант отделки — премиум. Этот финиш влияет на оптику и тактильность поверхности, а на теплотехнику больше всего влияют масса камня, площадь наружных плоскостей и организация естественной конвекции.\n\nТеплотехника простыми словами\n\nМеталлическая кассета быстро выходит на режим и быстро остывает. Каменная оболочка принимает излишек энергии, сглаживает пики и отдаёт накопленное в течение нескольких часов лучисто, без жёстких потоков. Температура в зоне отдыха становится ровнее, а комфорт ощущается дольше.\n\nЕстественная конвекция\n\nПриток формируется в нижней зоне, далее воздух проходит вдоль внутренних каналов и выходит под крышкой. Схема бесшумная, без вентиляторов, и хорошо сочетается с лучистой составляющей теплоотдачи.\n\nАрхитектура и сборка\n\nСилуэт строится из простых геометрий: устойчивый цоколь, две стойки, ровные плоскости панелей и спокойная крышка. Кромки с фаской дают аккуратную светотень, швы выдержанные и ровные. Технологические зазоры и ревизии интегрированы так, чтобы объём воспринимался монолитным.\n\nСовместимость и адаптация\n\nПосадочные размеры и глубина подгоняются под конкретную кассету, маскирующие рамки подготавливаются по проекту. Работаем с производителями: Ferlux, Laudel, Schmid, Brunner,  Kratki, Kaw-Met, ASTOV, Nordpeis. Сохраняются зазоры приточно-вытяжной конвекции и теплового расширения, предусматриваются ревизионные доступы. Конструкция допускает замену кассеты в будущем без разрушения облицовки.\n\nОснование, дымоход, подключение\n\nКаменная облицовка весит существенно больше тонкого металлического кожуха, поэтому требуется жёсткое и ровное основание. Рекомендуется вертикальная трасса дымохода с минимальным числом поворотов, сертифицированные узлы прохода перекрытий и кровли. Если у кассеты есть подсветка или автоматика, кабели прокладываются в жаростойких каналах с соблюдением норм.\n\nСценарии применения\n\nОткрытые гостиные, кухни-студии, лаунж пространства с обзором очага из нескольких зон. Островное размещение помогает организовать планировку и делает огонь центром общения.\n\nУход\n\nПремиум плоскость любит деликатный уход. Используйте мягкую салфетку и нейтральные составы; загрязнения удаляйте специализированными средствами для натурального камня.\n\nВопросы и ответы\n\nМожно ли сменить кассету через несколько лет? Да, модульная конструкция позволяет сохранить архитектуру и подогнать посадочные размеры новой топки.\n\nНужен ли приточный воздух? Рекомендуется организовать приток по паспорту кассеты для стабильной тяги и чистого горения.\n\nНасколько горячими бывают наружные панели? Поверхности тёплые и горячие, но отдача в основном лучистая и воспринимается мягче, чем интенсивная конвекция.\n\nКонтроль качества\n\nПлиты сортируются по тону и рисунку, подгоняются по размерам на стенде, кромки проходят фаску. Подрезки выполняются алмазным инструментом; монтаж ведётся по карте резов с фиксированными допусками.\n\nГлоссарий\n\nПосадочное окно — проём под рамку кассеты. Карниз или крышка — верхняя плитная деталь. Фаска — снятие кромки для аккуратной светотени. Тепловой зазор — компенсация расширения и конвекции. Ревизионный доступ — окно для обслуживания.\n\nПроектирование посадки занимает отдельный этап: согласуются высота остекления, глубина посадки, диаметр и высота дымохода, положение ревизий и маршрут обслуживания. В открытых планировках дополнительно проверяют распределение потоков, чтобы исключить перегрев близлежащих материалов.",,,taxable,,1,,,0,0,,,,,1,,,,"Для дома, Для дома > Облицовки для каминных топок",,,"https://demo.talkorus.ru/wp-content/uploads/2026/06/bok-4-e1653250869989-optimized.webp, https://demo.talkorus.ru/wp-content/uploads/2026/06/top-4-1-e1653249912351-optimized.webp",,,,,,,,,0,,,"Площадь обогрева","до 70 м²",1,1,Расположение,"Островное, Пристенное",1,1,,field_talkorus_tab_description_heading,,field_talkorus_tab_description_content,"Технические данные",field_talkorus_tab_technical_heading,"<p class=""p1""><b>Общие характеристики</b></p>
<p class=""p1"">Время тепловой отдачи</p>
<p class=""p1""><b>................... до 24 часов</b></p>
<p class=""p1"">Площадь обогрева</p>
<p class=""p1""><b>................... до 70 м²</b></p>
<p class=""p1""><b>Характеристики топки</b></p>
<p class=""p1"">Модель</p>
<p class=""p1""><b>................... Компакт 46х68</b></p>
<p class=""p1"">Тепловая мощность</p>
<p class=""p1""><b>................... 15 кВт</b></p>
<p class=""p1"">Диаметр дымохода</p>
<p class=""p1""><b>................... 115 мм</b></p>
<p class=""p1""><b>Характеристики облицовки</b></p>
<p class=""p1"">Порода камня</p>
<p class=""p1""><b>................... Серпентинит</b></p>
<p class=""p1"">Вид обработки</p>
<p class=""p1""><b>................... ПОЛИРОВКА</b></p>
<p class=""p1"">Толщина облицовки</p>
<p class=""p1""><b>................... 40 мм</b></p>",field_talkorus_tab_technical_content,"Размеры и вес",field_talkorus_tab_dimensions_heading,"<p class=""p1"">Высота</p>
<p class=""p1""><b>................... 2080 мм</b></p>
<p class=""p1"">Ширина</p>
<p class=""p1""><b>................... 890 мм</b></p>
<p class=""p1"">Глубина</p>
<p class=""p1""><b>................... 590 мм</b></p>
<p class=""p1"">Вес</p>
<p class=""p1""><b>................... 562 кг</b></p>",field_talkorus_tab_dimensions_content,,field_talkorus_tab_cut_content,,field_talkorus_tab_scheme_content,,field_talkorus_tab_purpose_content,,field_talkorus_tab_advantages_content,,field_talkorus_tab_docs_content,,field_talkorus_tab_video_content,,field_talkorus_tab_projects_content,4,field_talkorus_product_features,2080,field_69f20d9c512d1,688,field_talkorus_product_feature_icon,"Сухая сборка за 2 часа",field_talkorus_product_feature_title,686,field_talkorus_product_feature_icon,"Эффективная конвекция",field_talkorus_product_feature_title,685,field_talkorus_product_feature_icon,"Система ""Чистое стекло""",field_talkorus_product_feature_title,687,field_talkorus_product_feature_icon,"Облицовка Talkorus",field_talkorus_product_feature_title,,,,
623,simple,,,"Теплонакопительная облицовка Kuito SA для каминной топки Компакт 46×68 островная",1,0,visible,,"<div class=""elementor-column elementor-col-50 elementor-top-column elementor-element elementor-element-1be606c6"" data-id=""1be606c6"" data-element_type=""column"">\n<div class=""elementor-widget-wrap elementor-element-populated"">\n<div class=""elementor-element elementor-element-b38a8dd elementor-widget elementor-widget-jet-tabs"" data-id=""b38a8dd"" data-element_type=""widget"" data-settings=""{&quot;tabs_position&quot;:&quot;top&quot;,&quot;no_active_tabs&quot;:&quot;false&quot;}"" data-widget_type=""jet-tabs.default"">\n<div class=""elementor-widget-container"">\n<div class=""jet-tabs jet-tabs-position-top jet-tabs-fade-effect "" data-settings=""{&quot;activeIndex&quot;:0,&quot;event&quot;:&quot;click&quot;,&quot;autoSwitch&quot;:false,&quot;autoSwitchDelay&quot;:3000,&quot;ajaxTemplate&quot;:false,&quot;tabsPosition&quot;:&quot;top&quot;,&quot;switchScrolling&quot;:false,&quot;switchScrollingOffset&quot;:0}"">\n<div class=""jet-tabs__content-wrapper"">\n<div id=""jet-tabs-content-1881"" class=""jet-tabs__content active-content"" role=""tabpanel"" data-tab=""1"" aria-hidden=""false"" data-template-id=""false"">\n\nОблицовка TALKORUS «KUITO SA» — островной формат, антик (для каминной топки; адаптация под разные кассеты)\n\nKUITO SA — решение для тех, кому нужен островной очаг с длительным мягким теплом. В комплект входят цоколь, стойки, фронтальные и боковые панели, крышка и доборы. Отделка антик придаёт поверхности характер: щёточная обработка, бархатистая фактура.\n\nЧто это такое\n\nЭто облицовка для каминной топки. Основанием служит выбранная кассета, а TALKORUS поставляет каменные элементы: цоколь, вертикальные стойки или пилястры, фронтальные и боковые панели, верхнюю крышку или карниз и комплект доборов. Сборка ведётся на объекте: разметка, установка цоколя, монтаж стоек, крепление панелей, посадка крышки и подгонка доборов.\n\nМатериалы и финиш\n\nВ облицовках используются натуральные породы с высокой теплоёмкостью и стабильностью к термоциклам: серпентинит, талькохлорит, талькомагнезит. Вариант отделки — антик. Этот финиш влияет на оптику и тактильность поверхности, а на теплотехнику больше всего влияют масса камня, площадь наружных плоскостей и организация естественной конвекции.\n\nТеплотехника простыми словами\n\nМеталлическая кассета быстро выходит на режим и быстро остывает. Каменная оболочка принимает излишек энергии, сглаживает пики и отдаёт накопленное в течение нескольких часов лучисто, без жёстких потоков. Температура в зоне отдыха становится ровнее, а комфорт ощущается дольше.\n\nЕстественная конвекция\n\nПриток формируется в нижней зоне, далее воздух проходит вдоль внутренних каналов и выходит под крышкой. Схема бесшумная, без вентиляторов, и хорошо сочетается с лучистой составляющей теплоотдачи.\n\nАрхитектура и сборка\n\nСилуэт строится из простых геометрий: устойчивый цоколь, две стойки, ровные плоскости панелей и спокойная крышка. Кромки с фаской дают аккуратную светотень, швы выдержанные и ровные. Технологические зазоры и ревизии интегрированы так, чтобы объём воспринимался монолитным.\n\nСовместимость и адаптация\n\nПосадочные размеры и глубина подгоняются под конкретную кассету, маскирующие рамки подготавливаются по проекту. Работаем с производителями: Ferlux, Laudel, Schmid, Brunner, Kratki, Kaw-Met, ASTOV, Nordpeis. Сохраняются зазоры приточно-вытяжной конвекции и теплового расширения, предусматриваются ревизионные доступы. Конструкция допускает замену кассеты в будущем без разрушения облицовки.\n\nОснование, дымоход, подключение\n\nКаменная облицовка весит существенно больше тонкого металлического кожуха, поэтому требуется жёсткое и ровное основание. Рекомендуется вертикальная трасса дымохода с минимальным числом поворотов, сертифицированные узлы прохода перекрытий и кровли. Если у кассеты есть подсветка или автоматика, кабели прокладываются в жаростойких каналах с соблюдением норм.\n\nСценарии применения\n\nОткрытые гостиные, кухни-студии, лаунж-пространства с обзором очага из нескольких зон. Островное размещение помогает организовать планировку и делает огонь центром общения.\n\nУход\n\nАнтик практичен в быту: следы от прикосновений менее заметны. Достаточно сухой уборки и нейтральных средств для натурального камня.\n\nВопросы и ответы\n\nМожно ли сменить кассету через несколько лет? Да, модульная конструкция позволяет сохранить архитектуру и подогнать посадочные размеры новой топки.\n\nНужен ли приточный воздух? Рекомендуется организовать приток по паспорту кассеты для стабильной тяги и чистого горения.\n\nНасколько горячими бывают наружные панели? Поверхности тёплые и горячие, но отдача в основном лучистая и воспринимается мягче, чем интенсивная конвекция.\n\nКонтроль качества\n\nПлиты сортируются по тону и рисунку, подгоняются по размерам на стенде, кромки проходят фаску. Подрезки выполняются алмазным инструментом; монтаж ведётся по карте резов с фиксированными допусками.\n\nГлоссарий\n\nПосадочное окно — проём под рамку кассеты. Карниз или крышка — верхняя плитная деталь. Фаска — снятие кромки для аккуратной светотени. Тепловой зазор — компенсация расширения и конвекции. Ревизионный доступ — окно для обслуживания.\n\n</div>\n</div>\n</div>\n</div>\n</div>\n</div>\n</div>",,,taxable,,1,,,0,0,,,,,1,,,,"Для дома, Для дома > Облицовки для каминных топок",,,"https://demo.talkorus.ru/wp-content/uploads/2026/06/bok-2-e1653249975468-optimized.webp, https://demo.talkorus.ru/wp-content/uploads/2026/06/top-4-1-e1653249912351-optimized-1.webp",,,,,,,,,0,,,"Площадь обогрева","до 70 м²",1,1,Расположение,Островное,1,1,,field_talkorus_tab_description_heading,,field_talkorus_tab_description_content,"Технические данные",field_talkorus_tab_technical_heading,"<p class=""p1""><b>Общие характеристики</b></p>
<p class=""p1"">Время тепловой отдачи</p>
<p class=""p1""><b>................... до 24 часов</b></p>
<p class=""p1"">Площадь обогрева</p>
<p class=""p1""><b>................... до 70 м²</b></p>
<p class=""p1""><b>Характеристики топки</b></p>
<p class=""p1"">Модель</p>
<p class=""p1""><b>................... Компакт 46х68</b></p>
<p class=""p1"">Тепловая мощность</p>
<p class=""p1""><b>................... 15 кВт</b></p>
<p class=""p1"">Диаметр дымохода</p>
<p class=""p1""><b>................... 150 мм</b></p>
<p class=""p1""><b>Характеристики облицовки</b></p>
<p class=""p1"">Порода камня</p>
<p class=""p1""><b>................... Серпентинит</b></p>
<p class=""p1"">Вид обработки</p>
<p class=""p1""><b>................... ШЛИФОВКА</b></p>
<p class=""p1"">Толщина облицовки</p>
<p class=""p1""><b>................... 40 мм</b></p>",field_talkorus_tab_technical_content,"Размеры и вес",field_talkorus_tab_dimensions_heading,"<p class=""p1"">Высота</p>
<p class=""p1""><b>................... 2080 мм</b></p>
<p class=""p1"">Ширина</p>
<p class=""p1""><b>................... 890 мм</b></p>
<p class=""p1"">Глубина</p>
<p class=""p1""><b>................... 630 мм</b></p>
<p class=""p1"">Вес</p>
<p class=""p1""><b>................... 713 кг</b></p>",field_talkorus_tab_dimensions_content,,field_talkorus_tab_cut_content,,field_talkorus_tab_scheme_content,,field_talkorus_tab_purpose_content,,field_talkorus_tab_advantages_content,,field_talkorus_tab_docs_content,,field_talkorus_tab_video_content,,field_talkorus_tab_projects_content,,field_talkorus_product_features,2080,field_69f20d9c512d1,,,,,,,,,,,,,,,,,,,,
626,simple,,,"Теплонакопительная облицовка для каминной топки ASTOV П2C 8457, угловая",1,0,visible,,"Облицовка ASTOV П2C 8457 — это функциональное дизайнерское решение, которое легко интегрируется с любыми стилями интерьера. Эта модель облицовки изготовлена из полированного серпентинита, имеющего глубокий зеленый цвет и природный узор. Эти особенности материала подтверждают его натуральное происхождение и делают каждую облицовку или печь непохожей на другие, что позволяет создавать любые дизайнерские решения. Купить теплонакопительную облицовку ASTOV П2C 8457 от Талькорус — значит обеспечить себе комфорт даже в самые холодные дни и добавить индивидуальности в интерьер.\n<h2>Особенности полированного серпентинита</h2>\nПолированный серпентинит обладает повышенными теплоаккумулирующими свойствами, что делает его одним из наиболее энергоэффективных материалов для поддержания комфортной температуры в помещении. Поэтому этот материал не только эстетичен, но и функционален, обеспечивает долговечность, а также устойчивость облицовки и печи к механическим и другим воздействиям. Полированная поверхность значительно улучшает восприятие камина, подчеркивая текстуру камня, создавая выразительный эффект за счет блеска, который создает дополнительный стилистический акцент в контексте дизайна.\n<h2>Геометрия формы</h2>\nС точки зрения геометрической формы облицовочная конструкция представлена в угловом формате с четкими линиями, а также симметричными очертаниями. Эти характеристики формируют сбалансированный, пропорциональный образ, который существенно влияет на общее восприятие пространства. За счет угловой формы можно эффективно использовать пространство, а также гармонично сочетать печь с другими элементами интерьера. Этот подход к дизайну позволяет создать упорядоченный и организованный интерьер в соответствии с принйипами современного интерьерного дизайна.\n<h2>Функциональные аспекты</h2>\nОблицовка каминной топки ASTOV П2C 8457 — это не только эстетическое решение для интерьера, но и высокофункциональная конструкция, способствующая энергоэффективному обогреву помещения за счет сочетания характеристик.\n<h3>Теплоэффективность</h3>\nОдин из основных функциональных аспектов — способность конструкции аккумулировать и распределять тепло. За счет толщины в 50 мм и природного камня серпентинита, обладающего увеличенной теплоемкостью, конструкция начинает накапливать тепло, выделяемое камином, с самого начала топки. Это позволяет уменьшить потери тепла, продлить время его отдачи. Облицовка может аккумулировать тепло до 8 часов, что позволяет сохранять комфортную температуру даже после окончания топки. Такой подход способствует экономии дров и снижению частоты их закладки, что актуально в условиях холодного климата.\n<h3>Площадь обогрева</h3>\nОблицовка ASTOV П2C 8457 предназначена для обогрева помещений площадью до 75 м². Это делает ее оптимальной загородных домов и дач, где необходимо длительно поддерживать комфортный микроклимат. За счет энергоэффективной конвекции тепло равномерно распределяется по комнате, что позволяет избежать резких перепадов температуры и появления сквозняков.\n<h3>Система «‎Чистое стекло»</h3>\nЕще одним важным функциональным аспектом является система «‎Чистое стекло». Данная технология работает на базе конвекционной системы. Создавая воздушный поток, она не дает образовываться копоти, а также налету на стеклянной дверце камина. Это обеспечивает эстетическую привлекательность, удобство ухода за камином — можно наблюдать за огнем, не беспокоясь о необходимости частой очистки стеклянной панели.\n<h3>Простота установки</h3>\nУстановка занимает 5-6 часов, при этом не требует клея или специальных инструментов. Это значительно упрощает монтаж, а также позволяет любому желающему справиться с установкой. Система «‎сухой сборки» надежно соединяет элементы без применения химических составов — они крепятся на алюминиевых направляющих, поэтому сборка напоминает сборку детского конструктора.\n<h3>Конвекционные свойства</h3>\nЭнергоэффективная конвекция — еще один из ключевых аспектов, обеспечивающих комфорт в эксплуатации облицовки. За счет специальной конструкции тепло, выделяемое камином, интенсивно циркулирует по помещению, что способствует быстрому прогреву воздуха даже в самых дальних уголках помещения. Это позволяет быстро обогревать помещение, поддерживать его в тепле до 8 часов.\n<h3>Экономичность</h3>\nЗа счет повышенной теплоемкости, а также длительного времени теплоотдачи природного камня экономия дров составляет 30 и более процентов. Это делает камин, облицованный натуральным камнем, более выгодным по сравнению с традиционными отопительными приборами.\n<h2>Дизайн, который согревает: встроенная каминная топка</h2>\nВстроенная каминная топка служит важным элементом не только с точки зрения функциональности, но и как элемент дизайна. Она обеспечивает вид на открытый огонь, что создает комфортную атмосферу в помещении, добавляет элемент современного искусства в интерьер. Таким образом облицовка выполняет также роль декора, формируя взаимодействие между элементами интерьера и общим восприятием пространства.\n\n&nbsp;\n\nТеплонакопительная облицовка ASTOV П2C 8457 объединяет современные дизайнерские решения и функциональные характеристики, позволяет подчеркнуть самобытность хозяев. Она станет ключевым элементом в создании гармоничного, сбалансированного интерьера, отвечающего всем требованиям современного дизайна, а также комфорта. Купить теплонакопительную облицовку Talkorus можно на официальном сайте. Облицовка ASTOV П2C 8457 доступна в нескольких вариантах фактуры камня, что позволяет легко интегрировать ее в любой интерьер. Вариативность отделки позволяет подобрать решение под любой стиль – от классики до модерна. Это делает облицовку не только функциональным, но и декоративным элементом, который станет центром притяжения в вашем доме. Талькорус спроектирует и изготовит облицовку по размерам и пожеланиям клиента.",,,taxable,,1,,,0,0,,,,,1,,,,"Для дома, Для дома > Облицовки для каминных топок",,,https://demo.talkorus.ru/wp-content/uploads/2026/06/bez-imeni-1-1-3-optimized.webp,,,,,,,,,0,,,"Площадь обогрева","до 110 м²",1,1,Расположение,"Пристенно-угловое, Пристенное, Угловое",1,1,,field_talkorus_tab_description_heading,,field_talkorus_tab_description_content,"Технические данные",field_talkorus_tab_technical_heading,"<p class=""p1""><b>Общие характеристики</b></p>
<p class=""p1"">Время тепловой отдачи</p>
<p class=""p1""><b>................... 12 часов</b></p>
<p class=""p1"">Площадь обогрева</p>
<p class=""p1""><b>................... до 110 м²</b></p>
<p class=""p1""><b>Характеристики топки</b></p>
<p class=""p1"">Модель</p>
<p class=""p1""><b>................... ASTOV П2C 8457</b></p>
<p class=""p1"">Тепловая мощность</p>
<p class=""p1""><b>................... 8 кВт</b></p>
<p class=""p1"">Диаметр дымохода</p>
<p class=""p1""><b>................... 200 мм</b></p>
<p class=""p1""><b>Характеристики облицовки</b></p>
<p class=""p1"">Порода камня</p>
<p class=""p1""><b>................... Серпентинит</b></p>
<p class=""p1"">Вид обработки</p>
<p class=""p1""><b>................... ПОЛИРОВКА</b></p>
<p class=""p1"">Толщина облицовки</p>
<p class=""p1""><b>................... 50 мм</b></p>",field_talkorus_tab_technical_content,"Размеры и вес",field_talkorus_tab_dimensions_heading,"<p class=""p1"">Высота</p>
<p class=""p1""><b>................... 2040 мм</b></p>
<p class=""p1"">Ширина</p>
<p class=""p1""><b>................... 1870 мм</b></p>
<p class=""p1"">Глубина</p>
<p class=""p1""><b>................... 875 мм</b></p>
<p class=""p1"">Вес</p>
<p class=""p1""><b>................... 430 кг</b></p>",field_talkorus_tab_dimensions_content,,field_talkorus_tab_cut_content,,field_talkorus_tab_scheme_content,,field_talkorus_tab_purpose_content,,field_talkorus_tab_advantages_content,,field_talkorus_tab_docs_content,,field_talkorus_tab_video_content,,field_talkorus_tab_projects_content,4,field_talkorus_product_features,,field_69f20d9c512d1,688,field_talkorus_product_feature_icon,"Сухая сборка за 2 часа",field_talkorus_product_feature_title,686,field_talkorus_product_feature_icon,"Эффективная конвекция",field_talkorus_product_feature_title,685,field_talkorus_product_feature_icon,"Система ""Чистое стекло""",field_talkorus_product_feature_title,687,field_talkorus_product_feature_icon,"Облицовка Talkorus",field_talkorus_product_feature_title,,,,
628,simple,,,"Теплонакопительная облицовка Takkatuli для сквозной каминной топки Liseo L5 DF",1,0,visible,,"Теплонакопительная облицовка TALKORUS «TAKKATULI» для сквозной каминной топки Liseo L5 DF (адаптируется под кассеты других производителей)\n\nTALKORUS «TAKKATULI» — это теплонакопительная каменная облицовка для сквозных/двусторонних кассет. В базовой конфигурации она рассчитана на топку Liseo L5 DF, однако конструкция изначально спроектирована модульной: мы сохраняем архитектурный образ и адаптируем посадочные размеры под кассеты других производителей сходного формата. «TAKKATULI» делает огонь видимым с двух комнат: камин объединяет гостиную и столовую, зону отдыха и кабинет или, к примеру, лаунж и столовую группу. При этом каменный массив аккумулирует энергию горения и долго, мягко отдаёт её в пространство — дом получает не только красивую «картинку», но и полноценный источник комфортного лучистого тепла.\n\nЗачем сквозная облицовка с теплонесущей логикой\nМеталлическая кассета быстро нагревает воздух вокруг себя и столь же быстро остывает. Каменная оболочка TAKKATULI добавляет массу и инерцию: поверхность принимает на себя часть энергии пламени, а затем часами излучает её, сглаживая температурные пики и создавая стабильный режим в обе стороны портала. Это особенно важно для сквозных решений, где нагрузка распределяется между двумя помещениями, — камень «связывает» их тепловой режим и делает микроклимат предсказуемым.\n\nАрхитектура и внешний вид\nОбраз TAKKATULI — современная графика со строгими пропорциями и чистыми плоскостями, рассчитанная на работу со светом и тенями. Композицию формируют:\n— двустворчатый портал сквозного типа с точной рамкой вокруг стекла;\n— спокойные стойки/пилястры по краям, собирающие объём и задающие вертикальный ритм;\n— верхняя крышка/карниз с деликатной тенью, логично завершающая блок;\n— устойчивый цоколь с небольшим выносом для защиты нижних кромок.\nТехнологические элементы — приточно-вытяжные каналы естественной конвекции, компенсационные зазоры и сервисные доступы — аккуратно интегрированы в архитектуру, поэтому облицовка воспринимается цельной с обеих сторон. При желании мы добавим тонкие фрезерованные пояса, контрастную кромку карниза или вставки «рваного камня» — без перегруза визуального образа.\n\nМатериалы и финиши\nДля «TAKKATULI» применяются только натуральные породы с высокой теплоёмкостью: талькомагнезит, талькохлорит, серпентинит. Они устойчивы к термоциклам, не боятся рабочих температур каминной зоны и сохраняют геометрию годами. Доступные финиши:\n— шлифовка — строгая матовая плоскость с ровной светотенью;\n— антик (щёточная обработка) — бархатистая тактильная фактура, практичная в быту;\n— полировка (на отдельных элементах) — благородный блеск карниза/кромок как точный акцент.\nКаждый модуль проходит подгонку на стенде, кромки снимаются фаской, швы повторяемые по высоте, рисунок камня подбирается по сторонам портала, чтобы при сквозном обзоре композиция выглядела единообразно.\n\nСовместимость и замена кассеты\nБазовая посадка — Liseo L5 DF. При этом «TAKKATULI» изначально модульна: мы адаптируем портал под кассеты других брендов (Schmid, Brunner, Kratki, Kaw-Met, Laudel, Ferlux, Nordpeis, ASTOV и др.) с сохранением общего силуэта. Адаптация включает:\n— корректировку ширины/высоты портала и глубины посадки;\n— учёт геометрии остекления (безрамка/рамка, высота стекла, тип фурнитуры);\n— соблюдение зазоров приточно-вытяжной конвекции с обеих сторон портала и зазоров теплового расширения;\n— изготовление маскирующих рамок под конкретную кассету;\n— ревизионные доступы к дымоходу и сервисным узлам.\nИтог: при смене кассеты интерьер и каменная архитектура сохраняют целостность — без капитальной переразделки.\n\nТеплотехника и траектории воздуха\nСквозной камин обслуживает два помещения, поэтому важна корректная конвекция. В «TAKKATULI» мы задаём нижний забор воздуха и верхний выброс с обеих сторон портала: тёплый воздух, поднимаясь вдоль камня, не перегревает стекло и стабилизирует режим. Лучистый компонент от камня даёт ощущение «тёплых стен», а не «горячего вентилятора». При проветриваниях и «сквозняках» массив сглаживает колебания — зона у портала остаётся комфортной.\n\nМонтаж и основание\nКаменная облицовка имеет заметную массу. Нужна жёсткая, ровная площадка (монолит/стяжка) и проверка несущей способности перекрытия. Поставка — маркированный сборный комплект: цоколь, стойки/пилястры, панели, крышка/карниз, доборы и рамки. Сборка ведётся по схеме; допускается аккуратная подрезка по месту. Все работы выполняет профессиональная бригада с соблюдением паспортов оборудования и действующих строительных норм. Подключение к дымоходу — через сертифицированные узлы, с проверкой герметичности и тяги.\n\nЭксплуатация и уход\nФиниш антик практичен: менее заметны отпечатки и случайные следы; шлифованные поверхности легко держать в чистоте. Для ухода достаточно мягкой салфетки и нейтральных средств для натурального камня. Доступ к ревизионным зонам сохранён — обслуживание дымохода и кассеты выполняется без демонтажа облицовки. Режим эксплуатации предсказуем: после активной растопки каменный корпус ещё долго поддерживает ровный температурный фон в обеих комнатах.\n\nПерсонализация под проект\nМы настраиваем не только посадку под кассету, но и язык формы: профиль карниза (строгий/фасетный), формат стоек (гладкие/с филёнкой), графические акценты (фрезеровки, контрастные кромки), высоту и глубину портала, а также доборы для сопряжения с нишами, книжными стеллажами и стеновыми панно. По желанию облицовка может стать частью большой каменной композиции на всю стену.\n\nИтог\nTALKORUS «TAKKATULI» — сквозная теплонакопительная облицовка, в которой архитектура и теплотехника работают вместе. Огонь виден с двух сторон, а камень превращает его в долгое, мягкое тепло без перегрева и «пилы» температур. В базе — Liseo L5 DF; при необходимости мы адаптируем посадку под другие кассеты, сохранив пропорции и характер модели.",,,taxable,,1,,,0,0,,,,,1,,,,"Для дома, Для дома > Облицовки для каминных топок",,,"https://demo.talkorus.ru/wp-content/uploads/2026/06/talkorus-takkatuli-optimized.webp, https://demo.talkorus.ru/wp-content/uploads/2026/06/talkorus-takkatuli2-optimized.webp",,,,,,,,,0,,,"Площадь обогрева","до 110 м²",1,1,Расположение,"Островное, Сквозное",1,1,,field_talkorus_tab_description_heading,,field_talkorus_tab_description_content,"Технические данные",field_talkorus_tab_technical_heading,"<p class=""p1""><b>Общие характеристики</b></p>
<p class=""p1"">Время тепловой отдачи</p>
<p class=""p1""><b>................... 12 часов</b></p>
<p class=""p1"">Площадь обогрева</p>
<p class=""p1""><b>................... до 110 м²</b></p>
<p class=""p1""><b>Характеристики топки</b></p>
<p class=""p1"">Модель</p>
<p class=""p1""><b>................... Liseo L5 DF</b></p>
<p class=""p1"">Тепловая мощность</p>
<p class=""p1""><b>................... 14 кВт</b></p>
<p class=""p1"">Диаметр дымохода</p>
<p class=""p1""><b>................... 150 мм</b></p>
<p class=""p1""><b>Характеристики облицовки</b></p>
<p class=""p1"">Порода камня</p>
<p class=""p1""><b>................... Талькомагнезит, Серпентинит</b></p>
<p class=""p1"">Вид обработки</p>
<p class=""p1""><b>................... ШЛИФОВКА, БАРХАТ</b></p>
<p class=""p1"">Толщина облицовки</p>
<p class=""p1""><b>................... 50 мм</b></p>",field_talkorus_tab_technical_content,"Размеры и вес",field_talkorus_tab_dimensions_heading,"<p class=""p1"">Высота</p>
<p class=""p1""><b>................... 1480 мм</b></p>
<p class=""p1"">Ширина</p>
<p class=""p1""><b>................... 1020 мм</b></p>
<p class=""p1"">Глубина</p>
<p class=""p1""><b>................... 430 мм</b></p>
<p class=""p1"">Вес</p>
<p class=""p1""><b>................... 615 кг</b></p>",field_talkorus_tab_dimensions_content,,field_talkorus_tab_cut_content,,field_talkorus_tab_scheme_content,,field_talkorus_tab_purpose_content,,field_talkorus_tab_advantages_content,,field_talkorus_tab_docs_content,,field_talkorus_tab_video_content,,field_talkorus_tab_projects_content,4,field_talkorus_product_features,1480,field_69f20d9c512d1,688,field_talkorus_product_feature_icon,"Сухая сборка за 2 часа",field_talkorus_product_feature_title,686,field_talkorus_product_feature_icon,"Эффективная конвекция",field_talkorus_product_feature_title,685,field_talkorus_product_feature_icon,"Система ""Чистое стекло""",field_talkorus_product_feature_title,687,field_talkorus_product_feature_icon,"Облицовка Talkorus",field_talkorus_product_feature_title,Стиль,Классика,1,1
631,simple,,,"Теплонакопительная облицовка Home SL для каминной топки Компакт 46×68 островная",1,0,visible,,"Теплонакопительный камин TALKORUS «HOME SL» — островной формат, шлифованная отделка (адаптируется под топки других производителей)\n\nTALKORUS «HOME SL» (островной, полировка) — это камин с полнотелой каменной облицовкой для центральной установки в пространстве гостиной или студии. Версия SL отличается строгим шлифованным финишем: матовая поверхность чётко передаёт геометрию объёма, рассеивает свет без бликов и подчёркивает природный рисунок камня. При этом «HOME SL» остаётся полнофункциональным теплонакопительным камином: массив натурального камня аккумулирует энергию горения и затем долго и мягко отдаёт её в помещение, сглаживая температурные пики.\n\nЗачем выбирают островной «HOME SL»\nОстровной камин — это не только источник тепла, но и архитектурный центр. Его ставят там, где огонь должен быть виден с нескольких направлений, а вокруг формируются сценарии общения и отдыха. Глянцевый полированый финиш дисциплинирует объём: камин выглядит собранным и спокойным, не перетягивает внимание блеском и помогает «читать» силуэт пламени. Теплонакопительная облицовка даёт длинную инерцию: после растопки корпус ещё часами излучает ровное лучистое тепло — без «жёстких» горячих струй и без шума вентиляторов, как у лёгких конвективных решений.\n\nАрхитектура и внешний вид\nОбраз HOME SL — чистые линии и выверенные пропорции. Композицию формируют:\n— устойчивый цоколь с аккуратным выносом, визуально «усаживающий» камин и защищающий нижние кромки от бытовых сколов;\n— вертикальные стойки/пилястры, собирающие объём и подчёркивающие высоту остекления выбранной кассеты;\n— верхняя крышка/карниз с тонкой тенью — завершает архитектуру и оберегает кромки;\n— шлифованные плоскости основных панелей и тщательно снятые фаски, формирующие чистую светотень.\nТехнологические элементы — приточно-вытяжные каналы естественной конвекции и сервисные доступы — интегрированы в архитектуру; островной блок воспринимается как цельный каменный объект. В зависимости от выбранной кассеты возможны решения с фронтальным, угловым, панорамным или П-образным остеклением.\n\nМатериалы и финиш\nМы работаем с натуральными породами с высокой теплоёмкостью и устойчивостью к термоциклам: талькомагнезит, талькохлорит, серпентинит. Для версии SL базовый финиш — полировка: универсальная, практичная, уместная в минимализме, сканди и современной архитектуре. По запросу доступны комбинации: шлифованные стойки и крышка, дополненные узкой полированной кромкой или фрезерованным поясом; также возможны декоративные вставки «рваного камня» на отдельных зонах. Каждая партия камня проходит входной контроль, модули подгоняются на сборочном стенде, кромки снимаются фаской — швы получаются ровными и повторяемыми.\n\nТеплотехника и характер тепла\nЛогика TALKORUS предсказуема: пока кассета работает на номинале, каменная масса аккумулирует энергию; когда пламя стихает, корпус ещё долго излучает мягкое лучистое тепло. Это снижает перепады по высоте, делает комфортной зону вокруг камина и облегчает режим в домах со свободной планировкой. Шлифованная поверхность на теплопередачу влияет минимально — ключевыми параметрами остаются масса, площадь и организация естественной конвекции.\n\nСовместимость и замена кассеты\nБазовая посадка «HOME SL» ориентирована на типовой формат кассеты, представленный на странице модели. Конструкция при этом модульная: мы адаптируем облицовку под топки других производителей — Schmid, Brunner, Kratki, Kaw-Met, Laudel, Ferlux, Nordpeis, ASTOV и др. В рамках адаптации корректируем ширину/высоту портального окна, глубину посадки, обеспечиваем нормативные зазоры приточно-вытяжной конвекции и теплового расширения, изготавливаем маскирующие рамки и переходные элементы, предусматриваем ревизионные доступы к дымоходу и сервисным узлам. Это даёт владельцу свободу выбора бренда и возможность заменять кассету без капитальной переразделки каменного блока.\n\nДымоудаление для островного камина\nРекомендуем прямую вертикальную трассу дымохода с минимумом поворотов, сертифицированные узлы прохода перекрытий/кровли и жёсткую фиксацию стояка. Диаметр и высота подбираются по паспорту кассеты и расчёту тяги; критичны герметичность стыков и отсутствие паразитных подсосов. Если у кассеты есть электрофункции (подсветка, автоматика), проводка прокладывается в жаростойких каналах с соблюдением норм электробезопасности.\n\nМонтаж и основание\nКаменная облицовка обладает значительной массой: требуется жёсткая, ровная площадка (монолит/стяжка) и проверка несущей способности перекрытия. Поставка — маркированный сборный комплект: цоколь, стойки/пилястры, панели, крышка/карниз, доборы и рамки. Сборка по схеме несложна для профессиональной бригады; возможна аккуратная подрезка по месту. Шлифованный камень не требует лакировки: достаточно сухой уборки и периодической протирки мягкой салфеткой нейтральными средствами.\n\nЭксплуатация и уход\nШлифованный финиш практичен в быту: отпечатки и случайные следы менее заметны, чем на полированной поверхности, а очищается он легче, чем выраженный «антик». При попадании смолы/сажи используйте нейтральные средства для натурального камня; абразивы и кислоты не допускаются. Доступ к сервисным зонам сохранён — ревизия дымохода и оборудования проходит без демонтажа облицовки. В ежедневном режиме «HOME SL» дарит ровное, спокойное тепло и эффект «живого огня», который комфортно наблюдать из любой точки пространства.\n\nПерсонализация\n— Порода камня: талькомагнезит / талькохлорит / серпентинит;\n— Финиш: полировка (база для SL), возможны комбинации с антиком на отдельных элементах;\n— Геометрия: изменение высоты/ширины/глубины, профиль крышки, формат стоек и цоколя;\n— Опции: контрастные рамки, фрезерованные пояса, расширенные доборы и интеграция с каменными панно/порталами.\n\nЧто получает владелец\n— Длительное мягкое тепло благодаря каменной инерции;\n— Островной камин как архитектурный центр интерьера;\n— Гибкость: совместимость с кассетами разных брендов и возможность их замены;\n— Сдержанную, шлифованную эстетику, которая подчёркивает огонь и поддерживает современную архитектуру;\n— Долговечность и аккуратный монтаж.\n\nИтог\nTALKORUS «HOME SL» (островной, полировка) — каменный камин для современных пространств, где важны ясная архитектура и физический комфорт. Он впечатляет огнём, но греет по-умному — за счёт тепловой инерции. Мы адаптируем облицовку под конкретную кассету, подгоним геометрию и предложим сочетания финишей под ваш проект.",,,taxable,,1,,,0,0,,,,,1,,,,"Для дома, Для дома > Облицовки для каминных топок",,,"https://demo.talkorus.ru/wp-content/uploads/2026/06/3-46-e1653250999937-optimized.webp, https://demo.talkorus.ru/wp-content/uploads/2026/06/0406-1-e1653251010651-optimized.webp",,,,,,,,,0,,,"Площадь обогрева","до 70 м²",1,1,Расположение,Островное,1,1,,field_talkorus_tab_description_heading,,field_talkorus_tab_description_content,"Технические данные",field_talkorus_tab_technical_heading,"<p class=""p1""><b>Общие характеристики</b></p>
<p class=""p1"">Время тепловой отдачи</p>
<p class=""p1""><b>................... до 24 часов</b></p>
<p class=""p1"">Площадь обогрева</p>
<p class=""p1""><b>................... до 70 м²</b></p>
<p class=""p1""><b>Характеристики топки</b></p>
<p class=""p1"">Модель</p>
<p class=""p1""><b>................... Компакт 46х68</b></p>
<p class=""p1"">Тепловая мощность</p>
<p class=""p1""><b>................... 15 кВт</b></p>
<p class=""p1"">Диаметр дымохода</p>
<p class=""p1""><b>................... 150 мм</b></p>
<p class=""p1""><b>Характеристики облицовки</b></p>
<p class=""p1"">Порода камня</p>
<p class=""p1""><b>................... Серпентинит</b></p>
<p class=""p1"">Вид обработки</p>
<p class=""p1""><b>................... ПОЛИРОВКА</b></p>
<p class=""p1"">Толщина облицовки</p>
<p class=""p1""><b>................... 40 мм</b></p>",field_talkorus_tab_technical_content,"Размеры и вес",field_talkorus_tab_dimensions_heading,"<p class=""p1"">Высота</p>
<p class=""p1""><b>................... 1620 мм</b></p>
<p class=""p1"">Ширина</p>
<p class=""p1""><b>................... 770 мм</b></p>
<p class=""p1"">Глубина</p>
<p class=""p1""><b>................... 620 мм</b></p>
<p class=""p1"">Вес</p>
<p class=""p1""><b>................... 538 кг</b></p>",field_talkorus_tab_dimensions_content,,field_talkorus_tab_cut_content,,field_talkorus_tab_scheme_content,,field_talkorus_tab_purpose_content,,field_talkorus_tab_advantages_content,,field_talkorus_tab_docs_content,,field_talkorus_tab_video_content,,field_talkorus_tab_projects_content,4,field_talkorus_product_features,1620,field_69f20d9c512d1,688,field_talkorus_product_feature_icon,"Сухая сборка за 2 часа",field_talkorus_product_feature_title,686,field_talkorus_product_feature_icon,"Эффективная конвекция",field_talkorus_product_feature_title,685,field_talkorus_product_feature_icon,"Система ""Чистое стекло""",field_talkorus_product_feature_title,687,field_talkorus_product_feature_icon,"Облицовка Talkorus",field_talkorus_product_feature_title,,,,
634,simple,,,"Теплонакопительная облицовка Kento SL для каминной топки Компакт 46×68 островная",1,0,visible,,"Облицовка TALKORUS KENTO SL — островной формат, полировка (для каминной топки; адаптация под разные кассеты)\n\nKENTO SL — каменная облицовка, которая собирается вокруг выбранной каминной кассеты и образует цельный архитектурный объём. Это не готовый камин, а комплект полнотелых элементов, работающих как тепловой аккумулятор и визуальная рамка очага. Отделка полировка — это глянцевая поверхность.\n\nЧто это такое\n\nЭто облицовка для каминной топки. Основанием служит выбранная кассета, а TALKORUS поставляет каменные элементы: цоколь, вертикальные стойки или пилястры, фронтальные и боковые панели, верхнюю крышку или карниз и комплект доборов. Сборка ведётся на объекте: разметка, установка цоколя, монтаж стоек, крепление панелей, посадка крышки и подгонка доборов.\n\nМатериалы и финиш\n\nВ облицовках используются натуральные породы с высокой теплоёмкостью и стабильностью к термоциклам: талькомагнезит, серпентинит, талькохлорит. Вариант отделки — шлифовка. Этот финиш влияет на оптику и тактильность поверхности, а на теплотехнику больше всего влияют масса камня, площадь наружных плоскостей и организация естественной конвекции.\n\nТеплотехника простыми словами\n\nМеталлическая кассета быстро выходит на режим и быстро остывает. Каменная оболочка принимает излишек энергии, сглаживает пики и отдаёт накопленное в течение нескольких часов лучисто, без жёстких потоков. Температура в зоне отдыха становится ровнее, а комфорт ощущается дольше.\n\nЕстественная конвекция\n\nПриток формируется в нижней зоне, далее воздух проходит вдоль внутренних каналов и выходит под крышкой. Схема бесшумная, без вентиляторов, и хорошо сочетается с лучистой составляющей теплоотдачи.\n\nАрхитектура и сборка\n\nСилуэт строится из простых геометрий: устойчивый цоколь, две стойки, ровные плоскости панелей и спокойная крышка. Кромки с фаской дают аккуратную светотень, швы выдержанные и ровные. Технологические зазоры и ревизии интегрированы так, чтобы объём воспринимался монолитным.\n\nСовместимость и адаптация\n\nПосадочные размеры и глубина подгоняются под конкретную кассету, маскирующие рамки подготавливаются по проекту. Работаем с производителями: Schmid, ASTOV, Brunner, Laudel, Kratki, Nordpeis,  Ferlux, Jøtul. Сохраняются зазоры приточно-вытяжной конвекции и теплового расширения, предусматриваются ревизионные доступы. Конструкция допускает замену кассеты в будущем без разрушения облицовки.\n\nОснование, дымоход, подключение\n\nКаменная облицовка весит существенно больше тонкого металлического кожуха, поэтому требуется жёсткое и ровное основание. Рекомендуется вертикальная трасса дымохода с минимальным числом поворотов, сертифицированные узлы прохода перекрытий и кровли. Если у кассеты есть подсветка или автоматика, кабели прокладываются в жаростойких каналах с соблюдением норм.\n\nСценарии применения\n\nОткрытые гостиные, студии, пространства с обзором очага из нескольких зон. Островное размещение помогает организовать планировку и делает огонь центром общения.\n\nУход\n\nПолированная поверхность неприхотлива. Пыль снимается сухой или слегка влажной микрофиброй; агрессивные химические составы и абразивы не применяются.\n\nВопросы и ответы\n\nМожно ли сменить кассету через несколько лет? Да, модульная конструкция позволяет сохранить архитектуру и подогнать посадочные размеры новой топки.\n\nНужен ли приточный воздух? Рекомендуется организовать приток по паспорту кассеты для стабильной тяги и чистого горения.\n\nНасколько горячими бывают наружные панели? Поверхности тёплые и горячие, но отдача в основном лучистая и воспринимается мягче, чем интенсивная конвекция.\n\nКонтроль качества\n\nПлиты сортируются по тону и рисунку, подгоняются по размерам на стенде, кромки проходят фаску. Подрезки выполняются алмазным инструментом; монтаж ведётся по карте резов с фиксированными допусками.\n\nГлоссарий\n\nПосадочное окно — проём под рамку кассеты. Карниз или крышка — верхняя плитная деталь. Фаска — снятие кромки для аккуратной светотени. Тепловой зазор — компенсация расширения и конвекции. Ревизионный доступ — окно для обслуживания.\n\nПроектирование посадки занимает отдельный этап: согласуются высота остекления, глубина посадки, диаметр и высота дымохода, положение ревизий и маршрут обслуживания. В открытых планировках дополнительно проверяют распределение потоков, чтобы исключить перегрев близлежащих материалов.",,,taxable,,1,,,0,0,,,,,1,,,,"Для дома, Для дома > Облицовки для каминных топок",,,"https://demo.talkorus.ru/wp-content/uploads/2026/06/bok-5-e1653310144765-optimized.webp, https://demo.talkorus.ru/wp-content/uploads/2026/06/pered-4-e1653310129105-optimized.webp",,,,,,,,,0,,,"Площадь обогрева","до 70 м²",1,1,Расположение,Островное,1,1,,field_talkorus_tab_description_heading,,field_talkorus_tab_description_content,"Технические данные",field_talkorus_tab_technical_heading,"<p class=""p1""><b>Общие характеристики</b></p>
<p class=""p1"">Время тепловой отдачи</p>
<p class=""p1""><b>................... до 24 часов</b></p>
<p class=""p1"">Площадь обогрева</p>
<p class=""p1""><b>................... до 70 м²</b></p>
<p class=""p1""><b>Характеристики топки</b></p>
<p class=""p1"">Модель</p>
<p class=""p1""><b>................... Компакт 46х68</b></p>
<p class=""p1"">Тепловая мощность</p>
<p class=""p1""><b>................... 15 кВт</b></p>
<p class=""p1"">Диаметр дымохода</p>
<p class=""p1""><b>................... 150 мм</b></p>
<p class=""p1""><b>Характеристики облицовки</b></p>
<p class=""p1"">Порода камня</p>
<p class=""p1""><b>................... Серпентинит</b></p>
<p class=""p1"">Вид обработки</p>
<p class=""p1""><b>................... ПОЛИРОВКА</b></p>
<p class=""p1"">Толщина облицовки</p>
<p class=""p1""><b>................... 40 мм</b></p>",field_talkorus_tab_technical_content,"Размеры и вес",field_talkorus_tab_dimensions_heading,"<p class=""p1"">Высота</p>
<p class=""p1""><b>................... 1620 мм</b></p>
<p class=""p1"">Ширина</p>
<p class=""p1""><b>................... 790 мм</b></p>
<p class=""p1"">Глубина</p>
<p class=""p1""><b>................... 620 мм</b></p>
<p class=""p1"">Вес</p>
<p class=""p1""><b>................... 521 кг</b></p>",field_talkorus_tab_dimensions_content,,field_talkorus_tab_cut_content,,field_talkorus_tab_scheme_content,,field_talkorus_tab_purpose_content,,field_talkorus_tab_advantages_content,,field_talkorus_tab_docs_content,,field_talkorus_tab_video_content,,field_talkorus_tab_projects_content,4,field_talkorus_product_features,1620,field_69f20d9c512d1,688,field_talkorus_product_feature_icon,"Сухая сборка за 2 часа",field_talkorus_product_feature_title,686,field_talkorus_product_feature_icon,"Эффективная конвекция",field_talkorus_product_feature_title,685,field_talkorus_product_feature_icon,"Система ""Чистое стекло""",field_talkorus_product_feature_title,687,field_talkorus_product_feature_icon,"Облицовка Talkorus",field_talkorus_product_feature_title,,,,
637,simple,,,"Теплонакопительная облицовка Home SP для каминной топки Компакт 46×68 островная",1,0,visible,,"Облицовка для камина Компакт — это теплоаккумулирующая облицовка, способная превратить обычную стальную топку в полноценную печь-камин и сделать ее украшением интерьера дома.\n\nЗаказчик может выбрать текстуру облицовочного камня, которая подойдет к его интерьеру.\n<ol>\n 	<li>Сборка занимает всего час и не требует никакого клея.</li>\n 	<li>Преобразуя интенсивное тепловое излучение, испускаемое металлом, в мягкое естественное тепло, облицовка обеспечивает комфортную и уютную обстановку.</li>\n 	<li>Духовка оснащена мощной конвекционной системой. В результате этого помещение прогревается за 2-3 часа. При этом комфортная температура сохраняется минимум 12 часов. Это позволяет экономить дрова.</li>\n</ol>",,,taxable,,1,,,0,0,,,,,1,,,,"Для дома, Для дома > Облицовки для каминных топок",,,"https://demo.talkorus.ru/wp-content/uploads/2026/06/3-4-e1653251370129-optimized.webp, https://demo.talkorus.ru/wp-content/uploads/2026/06/2-2-e1653251351246-optimized.webp",,,,,,,,,0,,,"Площадь обогрева","до 70 м²",1,1,Расположение,Островное,1,1,,field_talkorus_tab_description_heading,,field_talkorus_tab_description_content,"Технические данные",field_talkorus_tab_technical_heading,"<p class=""p1""><b>Общие характеристики</b></p>
<p class=""p1"">Время тепловой отдачи</p>
<p class=""p1""><b>................... до 24 часов</b></p>
<p class=""p1"">Площадь обогрева</p>
<p class=""p1""><b>................... до 70 м²</b></p>
<p class=""p1""><b>Характеристики топки</b></p>
<p class=""p1"">Модель</p>
<p class=""p1""><b>................... Компакт 46х68</b></p>
<p class=""p1"">Тепловая мощность</p>
<p class=""p1""><b>................... 15 кВт</b></p>
<p class=""p1"">Диаметр дымохода</p>
<p class=""p1""><b>................... 150 мм</b></p>
<p class=""p1""><b>Характеристики облицовки</b></p>
<p class=""p1"">Порода камня</p>
<p class=""p1""><b>................... Серпентинит</b></p>
<p class=""p1"">Вид обработки</p>
<p class=""p1""><b>................... ПОЛИРОВКА</b></p>
<p class=""p1"">Толщина облицовки</p>
<p class=""p1""><b>................... 40 мм</b></p>",field_talkorus_tab_technical_content,"Размеры и вес",field_talkorus_tab_dimensions_heading,"<p class=""p1"">Высота</p>
<p class=""p1""><b>................... 1620 мм</b></p>
<p class=""p1"">Ширина</p>
<p class=""p1""><b>................... 770 мм</b></p>
<p class=""p1"">Глубина</p>
<p class=""p1""><b>................... 620 мм</b></p>
<p class=""p1"">Вес</p>
<p class=""p1""><b>................... 538 кг</b></p>",field_talkorus_tab_dimensions_content,,field_talkorus_tab_cut_content,,field_talkorus_tab_scheme_content,,field_talkorus_tab_purpose_content,,field_talkorus_tab_advantages_content,,field_talkorus_tab_docs_content,,field_talkorus_tab_video_content,,field_talkorus_tab_projects_content,4,field_talkorus_product_features,1620,field_69f20d9c512d1,688,field_talkorus_product_feature_icon,"Сухая сборка за 2 часа",field_talkorus_product_feature_title,686,field_talkorus_product_feature_icon,"Эффективная конвекция",field_talkorus_product_feature_title,685,field_talkorus_product_feature_icon,"Система ""Чистое стекло""",field_talkorus_product_feature_title,687,field_talkorus_product_feature_icon,"Облицовка Talkorus",field_talkorus_product_feature_title,,,,
640,simple,,,"Теплонакопительная облицовка Home SA для каминной топки Компакт 46×68 островная",1,0,visible,,"Облицовка TALKORUS HOME SA — островной формат, антик (для каминной топки; адаптация под разные кассеты)\n\nHOME SA — модульная облицовка для топки. Каменные панели, стойки и крышка формируют аккуратный объём вокруг кассеты, а масса камня накапливает тепло и отдаёт его медленно и равномерно. Финиш антик: щёточная обработка.\n\nЧто это такое\n\nЭто облицовка для каминной топки. Основанием служит выбранная кассета, а TALKORUS поставляет каменные элементы: цоколь, вертикальные стойки или пилястры, фронтальные и боковые панели, верхнюю крышку или карниз и комплект доборов. Сборка ведётся на объекте: разметка, установка цоколя, монтаж стоек, крепление панелей, посадка крышки и подгонка доборов.\n\nМатериалы и финиш\n\nВ облицовках используются натуральные породы с высокой теплоёмкостью и стабильностью к термоциклам: серпентинит, талькохлорит, талькомагнезит. Вариант отделки — антик. Этот финиш влияет на оптику и тактильность поверхности, а на теплотехнику больше всего влияют масса камня, площадь наружных плоскостей и организация естественной конвекции.\n\nТеплотехника простыми словами\n\nМеталлическая кассета быстро выходит на режим и быстро остывает. Каменная оболочка принимает излишек энергии, сглаживает пики и отдаёт накопленное в течение нескольких часов лучисто, без жёстких потоков. Температура в зоне отдыха становится ровнее, а комфорт ощущается дольше.\n\nЕстественная конвекция\n\nПриток формируется в нижней зоне, далее воздух проходит вдоль внутренних каналов и выходит под крышкой. Схема бесшумная, без вентиляторов, и хорошо сочетается с лучистой составляющей теплоотдачи.\n\nАрхитектура и сборка\n\nСилуэт строится из простых геометрий: устойчивый цоколь, две стойки, ровные плоскости панелей и спокойная крышка. Кромки с фаской дают аккуратную светотень, швы выдержанные и ровные. Технологические зазоры и ревизии интегрированы так, чтобы объём воспринимался монолитным.\n\nСовместимость и адаптация\n\nПосадочные размеры и глубина подгоняются под конкретную кассету, маскирующие рамки подготавливаются по проекту. Работаем с производителями: Brunner, Schmid, ASTOV,  Ferlux, Nordpeis, Laudel. Сохраняются зазоры приточно-вытяжной конвекции и теплового расширения, предусматриваются ревизионные доступы. Конструкция допускает замену кассеты в будущем без разрушения облицовки.\n\nОснование, дымоход, подключение\n\nКаменная облицовка весит существенно больше тонкого металлического кожуха, поэтому требуется жёсткое и ровное основание. Рекомендуется вертикальная трасса дымохода с минимальным числом поворотов, сертифицированные узлы прохода перекрытий и кровли. Если у кассеты есть подсветка или автоматика, кабели прокладываются в жаростойких каналах с соблюдением норм.\n\nСценарии применения\n\nОткрытые гостиные ,студии, пространства с обзором очага из нескольких зон. Островное размещение помогает организовать планировку и делает огонь центром общения.\n\nУход\n\nАнтик практичен в быту: следы от прикосновений менее заметны. Достаточно сухой уборки и нейтральных средств для натурального камня.\n\nВопросы и ответы\n\nМожно ли сменить кассету через несколько лет? Да, модульная конструкция позволяет сохранить архитектуру и подогнать посадочные размеры новой топки.\n\nНужен ли приточный воздух? Рекомендуется организовать приток по паспорту кассеты для стабильной тяги и чистого горения.\n\nНасколько горячими бывают наружные панели? Поверхности тёплые и горячие, но отдача в основном лучистая и воспринимается мягче, чем интенсивная конвекция.\n\nКонтроль качества\n\nПлиты сортируются по тону и рисунку, подгоняются по размерам на стенде, кромки проходят фаску. Подрезки выполняются алмазным инструментом; монтаж ведётся по карте резов с фиксированными допусками.\n\nГлоссарий\n\nПосадочное окно — проём под рамку кассеты. Карниз или крышка — верхняя плитная деталь. Фаска — снятие кромки для аккуратной светотени. Тепловой зазор — компенсация расширения и конвекции. Ревизионный доступ — окно для обслуживания.\n\nПроектирование посадки занимает отдельный этап: согласуются высота остекления, глубина посадки, диаметр и высота дымохода, положение ревизий и маршрут обслуживания. В открытых планировках дополнительно проверяют распределение потоков, чтобы исключить перегрев близлежащих материалов.",,,taxable,,1,,,0,0,,,,,1,,,,"Для дома, Для дома > Облицовки для каминных топок",,,"https://demo.talkorus.ru/wp-content/uploads/2026/06/3-45-e1653251578995-optimized.webp, https://demo.talkorus.ru/wp-content/uploads/2026/06/3-1-e1653251568144-optimized.webp",,,,,,,,,0,,,"Площадь обогрева","до 70 м²",1,1,Расположение,Островное,1,1,,field_talkorus_tab_description_heading,,field_talkorus_tab_description_content,"Технические данные",field_talkorus_tab_technical_heading,"<p class=""p1""><b>Общие характеристики</b></p>
<p class=""p1"">Время тепловой отдачи</p>
<p class=""p1""><b>................... до 24 часов</b></p>
<p class=""p1"">Площадь обогрева</p>
<p class=""p1""><b>................... до 70 м²</b></p>
<p class=""p1""><b>Характеристики топки</b></p>
<p class=""p1"">Модель</p>
<p class=""p1""><b>................... Компакт 46х68</b></p>
<p class=""p1"">Тепловая мощность</p>
<p class=""p1""><b>................... 15 кВт</b></p>
<p class=""p1"">Диаметр дымохода</p>
<p class=""p1""><b>................... 150 мм</b></p>
<p class=""p1""><b>Характеристики облицовки</b></p>
<p class=""p1"">Порода камня</p>
<p class=""p1""><b>................... Серпентинит</b></p>
<p class=""p1"">Вид обработки</p>
<p class=""p1""><b>................... ШЛИФОВКА</b></p>
<p class=""p1"">Толщина облицовки</p>
<p class=""p1""><b>................... 40 мм</b></p>",field_talkorus_tab_technical_content,"Размеры и вес",field_talkorus_tab_dimensions_heading,"<p class=""p1"">Высота</p>
<p class=""p1""><b>................... 1620 мм</b></p>
<p class=""p1"">Ширина</p>
<p class=""p1""><b>................... 770 мм</b></p>
<p class=""p1"">Глубина</p>
<p class=""p1""><b>................... 620 мм</b></p>
<p class=""p1"">Вес</p>
<p class=""p1""><b>................... 538 кг</b></p>",field_talkorus_tab_dimensions_content,,field_talkorus_tab_cut_content,,field_talkorus_tab_scheme_content,,field_talkorus_tab_purpose_content,,field_talkorus_tab_advantages_content,,field_talkorus_tab_docs_content,,field_talkorus_tab_video_content,,field_talkorus_tab_projects_content,4,field_talkorus_product_features,1620,field_69f20d9c512d1,688,field_talkorus_product_feature_icon,"Сухая сборка за 2 часа",field_talkorus_product_feature_title,686,field_talkorus_product_feature_icon,"Эффективная конвекция",field_talkorus_product_feature_title,685,field_talkorus_product_feature_icon,"Система ""Чистое стекло""",field_talkorus_product_feature_title,687,field_talkorus_product_feature_icon,"Облицовка Talkorus",field_talkorus_product_feature_title,,,,
643,simple,,,"Теплонакопительная облицовка Kento SP для каминной топки Компакт 46×68 островная",1,0,visible,,"Облицовка TALKORUS KENTO SP — островной формат, премиум (для каминной топки; адаптация под разные кассеты)\n\nKENTO SP — модульная облицовка для топки. Каменные панели, стойки и крышка формируют аккуратный объём вокруг кассеты, а масса камня накапливает тепло и отдаёт его медленно и равномерно. Финиш полировка: глянцевый финиш.\n\nЧто это такое\n\nЭто облицовка для каминной топки. Основанием служит выбранная кассета, а TALKORUS поставляет каменные элементы: цоколь, вертикальные стойки или пилястры, фронтальные и боковые панели, верхнюю крышку или карниз и комплект доборов. Сборка ведётся на объекте: разметка, установка цоколя, монтаж стоек, крепление панелей, посадка крышки и подгонка доборов.\n\nМатериалы и финиш\n\nВ облицовках используются натуральные породы с высокой теплоёмкостью и стабильностью к термоциклам: серпентинит, талькомагнезит, талькохлорит. Вариант отделки — полировка. Этот финиш влияет на оптику и тактильность поверхности, а на теплотехнику больше всего влияют масса камня, площадь наружных плоскостей и организация естественной конвекции.\n\nТеплотехника простыми словами\n\nМеталлическая кассета быстро выходит на режим и быстро остывает. Каменная оболочка принимает излишек энергии, сглаживает пики и отдаёт накопленное в течение нескольких часов лучисто, без жёстких потоков. Температура в зоне отдыха становится ровнее, а комфорт ощущается дольше.\n\nЕстественная конвекция\n\nПриток формируется в нижней зоне, далее воздух проходит вдоль внутренних каналов и выходит под крышкой. Схема бесшумная, без вентиляторов, и хорошо сочетается с лучистой составляющей теплоотдачи.\n\nАрхитектура и сборка\n\nСилуэт строится из простых геометрий: устойчивый цоколь, две стойки, ровные плоскости панелей и спокойная крышка. Кромки с фаской дают аккуратную светотень, швы выдержанные и ровные. Технологические зазоры и ревизии интегрированы так, чтобы объём воспринимался монолитным.\n\nСовместимость и адаптация\n\nПосадочные размеры и глубина подгоняются под конкретную кассету, маскирующие рамки подготавливаются по проекту. Работаем с производителями: Ferlux, Laudel, Schmid, Brunner,  Kratki,  Nordpeis. Сохраняются зазоры приточно‑вытяжной конвекции и теплового расширения, предусматриваются ревизионные доступы. Конструкция допускает замену кассеты в будущем без разрушения облицовки.\n\nОснование, дымоход, подключение\n\nКаменная облицовка весит существенно больше тонкого металлического кожуха, поэтому требуется жёсткое и ровное основание. Рекомендуется вертикальная трасса дымохода с минимальным числом поворотов, сертифицированные узлы прохода перекрытий и кровли. Если у кассеты есть подсветка или автоматика, кабели прокладываются в жаростойких каналах с соблюдением норм.\n\nСценарии применения\n\nОткрытые гостиные, студии, пространства с обзором очага из нескольких зон. Островное размещение помогает организовать планировку и делает огонь центром общения.\n\nУход\n\nПолированная плоскость любит деликатный уход. Используйте мягкую салфетку и нейтральные составы; загрязнения удаляйте специализированными средствами для натурального камня.\n\nВопросы и ответы\n\nМожно ли сменить кассету через несколько лет? Да, модульная конструкция позволяет сохранить архитектуру и подогнать посадочные размеры новой топки.\n\nНужен ли приточный воздух? Рекомендуется организовать приток по паспорту кассеты для стабильной тяги и чистого горения.\n\nНасколько горячими бывают наружные панели? Поверхности тёплые и горячие, но отдача в основном лучистая и воспринимается мягче, чем интенсивная конвекция.\n\nКонтроль качества\n\nПлиты сортируются по тону и рисунку, подгоняются по размерам на стенде, кромки проходят фаску. Подрезки выполняются алмазным инструментом; монтаж ведётся по карте резов с фиксированными допусками.\n\nГлоссарий\n\nПосадочное окно — проём под рамку кассеты. Карниз или крышка — верхняя плитная деталь. Фаска — снятие кромки для аккуратной светотени. Тепловой зазор — компенсация расширения и конвекции. Ревизионный доступ — окно для обслуживания.\n\nПроектирование посадки занимает отдельный этап: согласуются высота остекления, глубина посадки, диаметр и высота дымохода, положение ревизий и маршрут обслуживания. В открытых планировках дополнительно проверяют распределение потоков, чтобы исключить перегрев близлежащих материалов.",,,taxable,,1,,,0,0,,,,,1,,,,"Для дома, Для дома > Облицовки для каминных топок",,,"https://demo.talkorus.ru/wp-content/uploads/2026/06/bok2-e1653308938620-optimized.webp, https://demo.talkorus.ru/wp-content/uploads/2026/06/pered-1-e1653308947110-optimized.webp",,,,,,,,,0,,,"Площадь обогрева","до 70 м²",1,1,Расположение,Островное,1,1,,field_talkorus_tab_description_heading,,field_talkorus_tab_description_content,"Технические данные",field_talkorus_tab_technical_heading,"<p class=""p1""><b>Общие характеристики</b></p>
<p class=""p1"">Время тепловой отдачи</p>
<p class=""p1""><b>................... до 24 часов</b></p>
<p class=""p1"">Площадь обогрева</p>
<p class=""p1""><b>................... до 70 м²</b></p>
<p class=""p1""><b>Характеристики топки</b></p>
<p class=""p1"">Модель</p>
<p class=""p1""><b>................... Компакт 46х68</b></p>
<p class=""p1"">Тепловая мощность</p>
<p class=""p1""><b>................... 15 кВт</b></p>
<p class=""p1"">Диаметр дымохода</p>
<p class=""p1""><b>................... 150 мм</b></p>
<p class=""p1""><b>Характеристики облицовки</b></p>
<p class=""p1"">Порода камня</p>
<p class=""p1""><b>................... Серпентинит</b></p>
<p class=""p1"">Вид обработки</p>
<p class=""p1""><b>................... ПОЛИРОВКА</b></p>
<p class=""p1"">Толщина облицовки</p>
<p class=""p1""><b>................... 40 мм</b></p>",field_talkorus_tab_technical_content,"Размеры и вес",field_talkorus_tab_dimensions_heading,"<p class=""p1"">Высота</p>
<p class=""p1""><b>................... 1620 мм</b></p>
<p class=""p1"">Ширина</p>
<p class=""p1""><b>................... 790 мм</b></p>
<p class=""p1"">Глубина</p>
<p class=""p1""><b>................... 620 мм</b></p>
<p class=""p1"">Вес</p>
<p class=""p1""><b>................... 521 кг</b></p>",field_talkorus_tab_dimensions_content,,field_talkorus_tab_cut_content,,field_talkorus_tab_scheme_content,,field_talkorus_tab_purpose_content,,field_talkorus_tab_advantages_content,,field_talkorus_tab_docs_content,,field_talkorus_tab_video_content,,field_talkorus_tab_projects_content,4,field_talkorus_product_features,1620,field_69f20d9c512d1,688,field_talkorus_product_feature_icon,"Сухая сборка за 2 часа",field_talkorus_product_feature_title,686,field_talkorus_product_feature_icon,"Эффективная конвекция",field_talkorus_product_feature_title,685,field_talkorus_product_feature_icon,"Система ""Чистое стекло""",field_talkorus_product_feature_title,687,field_talkorus_product_feature_icon,"Облицовка Talkorus",field_talkorus_product_feature_title,,,,
646,simple,,,"Теплонакопительная облицовка Kento SA для каминной топки Компакт 46×68 островная",1,0,visible,,"Облицовка TALKORUS KENTO SA — островной формат, антик (для каминной топки; адаптация под разные кассеты)\n\nKENTO SA — каменная облицовка, которая собирается вокруг выбранной каминной кассеты и образует цельный архитектурный объём. Это не готовый камин, а комплект полнотелых элементов, работающих как тепловой аккумулятор и визуальная рамка очага. Отделка антик — это щеточная обработка.\n\nЧто это такое\n\nЭто облицовка для каминной топки. Основанием служит выбранная кассета, а TALKORUS поставляет каменные элементы: цоколь, вертикальные стойки или пилястры, фронтальные и боковые панели, верхнюю крышку или карниз и комплект доборов. Сборка ведётся на объекте: разметка, установка цоколя, монтаж стоек, крепление панелей, посадка крышки и подгонка доборов.\n\nМатериалы и финиш\n\nВ облицовках используются натуральные породы с высокой теплоёмкостью и стабильностью к термоциклам: серпентинит, талькохлорит, талькомагнезит. Вариант отделки — антик. Этот финиш влияет на оптику и тактильность поверхности, а на теплотехнику больше всего влияют масса камня, площадь наружных плоскостей и организация естественной конвекции.\n\nТеплотехника простыми словами\n\nМеталлическая кассета быстро выходит на режим и быстро остывает. Каменная оболочка принимает излишек энергии, сглаживает пики и отдаёт накопленное в течение нескольких часов лучисто, без жёстких потоков. Температура в зоне отдыха становится ровнее, а комфорт ощущается дольше.\n\nЕстественная конвекция\n\nПриток формируется в нижней зоне, далее воздух проходит вдоль внутренних каналов и выходит под крышкой. Схема бесшумная, без вентиляторов, и хорошо сочетается с лучистой составляющей теплоотдачи.\n\nАрхитектура и сборка\n\nСилуэт строится из простых геометрий: устойчивый цоколь, две стойки, ровные плоскости панелей и спокойная крышка. Кромки с фаской дают аккуратную светотень, швы выдержанные и ровные. Технологические зазоры и ревизии интегрированы так, чтобы объём воспринимался монолитным.\n\nСовместимость и адаптация\n\nПосадочные размеры и глубина подгоняются под конкретную кассету, маскирующие рамки подготавливаются по проекту. Работаем с производителями: Schmid, ASTOV, Brunner, Laudel, Kratki,  Ferlux, Jøtul. Сохраняются зазоры приточно-вытяжной конвекции и теплового расширения, предусматриваются ревизионные доступы. Конструкция допускает замену кассеты в будущем без разрушения облицовки.\n\nОснование, дымоход, подключение\n\nКаменная облицовка весит существенно больше тонкого металлического кожуха, поэтому требуется жёсткое и ровное основание. Рекомендуется вертикальная трасса дымохода с минимальным числом поворотов, сертифицированные узлы прохода перекрытий и кровли. Если у кассеты есть подсветка или автоматика, кабели прокладываются в жаростойких каналах с соблюдением норм.\n\nСценарии применения\n\nОткрытые гостиные, студии, пространства с обзором очага из нескольких зон. Островное размещение помогает организовать планировку и делает огонь центром общения.\n\nУход\n\nАнтик практичен в быту: следы от прикосновений менее заметны. Достаточно сухой уборки и нейтральных средств для натурального камня.\n\nВопросы и ответы\n\nМожно ли сменить кассету через несколько лет? Да, модульная конструкция позволяет сохранить архитектуру и подогнать посадочные размеры новой топки.\n\nНужен ли приточный воздух? Рекомендуется организовать приток по паспорту кассеты для стабильной тяги и чистого горения.\n\nНасколько горячими бывают наружные панели? Поверхности тёплые и горячие, но отдача в основном лучистая и воспринимается мягче, чем интенсивная конвекция.\n\nКонтроль качества\n\nПлиты сортируются по тону и рисунку, подгоняются по размерам на стенде, кромки проходят фаску. Подрезки выполняются алмазным инструментом; монтаж ведётся по карте резов с фиксированными допусками.\n\nГлоссарий\n\nПосадочное окно — проём под рамку кассеты. Карниз или крышка — верхняя плитная деталь. Фаска — снятие кромки для аккуратной светотени. Тепловой зазор — компенсация расширения и конвекции. Ревизионный доступ — окно для обслуживания.\n\nПроектирование посадки занимает отдельный этап: согласуются высота остекления, глубина посадки, диаметр и высота дымохода, положение ревизий и маршрут обслуживания. В открытых планировках дополнительно проверяют распределение потоков, чтобы исключить перегрев близлежащих материалов.",,,taxable,,1,,,0,0,,,,,1,,,,"Для дома, Для дома > Облицовки для каминных топок",,,"https://demo.talkorus.ru/wp-content/uploads/2026/06/bok3-e1653309937633-optimized.webp, https://demo.talkorus.ru/wp-content/uploads/2026/06/pered-2-e1653309928446-optimized.webp",,,,,,,,,0,,,"Площадь обогрева","до 70 м²",1,1,Расположение,Островное,1,1,,field_talkorus_tab_description_heading,,field_talkorus_tab_description_content,"Технические данные",field_talkorus_tab_technical_heading,"<p class=""p1""><b>Общие характеристики</b></p>
<p class=""p1"">Время тепловой отдачи</p>
<p class=""p1""><b>................... до 24 часов</b></p>
<p class=""p1"">Площадь обогрева</p>
<p class=""p1""><b>................... до 70 м²</b></p>
<p class=""p1""><b>Характеристики топки</b></p>
<p class=""p1"">Модель</p>
<p class=""p1""><b>................... Компакт 46х68</b></p>
<p class=""p1"">Тепловая мощность</p>
<p class=""p1""><b>................... 15 кВт</b></p>
<p class=""p1"">Диаметр дымохода</p>
<p class=""p1""><b>................... 150 мм</b></p>
<p class=""p1""><b>Характеристики облицовки</b></p>
<p class=""p1"">Порода камня</p>
<p class=""p1""><b>................... Серпентинит</b></p>
<p class=""p1"">Вид обработки</p>
<p class=""p1""><b>................... ШЛИФОВКА</b></p>
<p class=""p1"">Толщина облицовки</p>
<p class=""p1""><b>................... 40 мм</b></p>",field_talkorus_tab_technical_content,"Размеры и вес",field_talkorus_tab_dimensions_heading,"<p class=""p1"">Высота</p>
<p class=""p1""><b>................... 1620 мм</b></p>
<p class=""p1"">Ширина</p>
<p class=""p1""><b>................... 790 мм</b></p>
<p class=""p1"">Глубина</p>
<p class=""p1""><b>................... 620 мм</b></p>
<p class=""p1"">Вес</p>
<p class=""p1""><b>................... 521 кг</b></p>",field_talkorus_tab_dimensions_content,,field_talkorus_tab_cut_content,,field_talkorus_tab_scheme_content,,field_talkorus_tab_purpose_content,,field_talkorus_tab_advantages_content,,field_talkorus_tab_docs_content,,field_talkorus_tab_video_content,,field_talkorus_tab_projects_content,4,field_talkorus_product_features,1620,field_69f20d9c512d1,688,field_talkorus_product_feature_icon,"Сухая сборка за 2 часа",field_talkorus_product_feature_title,686,field_talkorus_product_feature_icon,"Эффективная конвекция",field_talkorus_product_feature_title,685,field_talkorus_product_feature_icon,"Система ""Чистое стекло""",field_talkorus_product_feature_title,687,field_talkorus_product_feature_icon,"Облицовка Talkorus",field_talkorus_product_feature_title,,,,
649,simple,,,"Теплонакопительная облицовка Yarvi SL для каминной топки Компакт 46×68 островная",1,0,visible,,"Облицовка TALKORUS «YARVI SL» — островной формат, полировка (для каминной топки; адаптация под разные кассеты)\n\nYARVI SL — каменная облицовка, которая собирается вокруг выбранной каминной кассеты и образует цельный архитектурный объём. Это не готовый камин, а комплект полнотелых элементов, работающих как тепловой аккумулятор и визуальная рамка очага. Отделка полировка — это глянцевый финиш.\n\nЧто это такое\n\nЭто облицовка для каминной топки. Основанием служит выбранная кассета, а TALKORUS поставляет каменные элементы: цоколь, вертикальные стойки или пилястры, фронтальные и боковые панели, верхнюю крышку или карниз и комплект доборов. Сборка ведётся на объекте: разметка, установка цоколя, монтаж стоек, крепление панелей, посадка крышки и подгонка доборов.\n\nМатериалы и финиш\n\nВ облицовках используются натуральные породы с высокой теплоёмкостью и стабильностью к термоциклам: талькомагнезит, талькохлорит, серпентинит. Вариант отделки — шлифовка. Этот финиш влияет на оптику и тактильность поверхности, а на теплотехнику больше всего влияют масса камня, площадь наружных плоскостей и организация естественной конвекции.\n\nТеплотехника простыми словами\n\nМеталлическая кассета быстро выходит на режим и быстро остывает. Каменная оболочка принимает излишек энергии, сглаживает пики и отдаёт накопленное в течение нескольких часов лучисто, без жёстких потоков. Температура в зоне отдыха становится ровнее, а комфорт ощущается дольше.\n\nЕстественная конвекция\n\nПриток формируется в нижней зоне, далее воздух проходит вдоль внутренних каналов и выходит под крышкой. Схема бесшумная, без вентиляторов, и хорошо сочетается с лучистой составляющей теплоотдачи.\n\nАрхитектура и сборка\n\nСилуэт строится из простых геометрий: устойчивый цоколь, две стойки, ровные плоскости панелей и спокойная крышка. Кромки с фаской дают аккуратную светотень, швы выдержанные и ровные. Технологические зазоры и ревизии интегрированы так, чтобы объём воспринимался монолитным.\n\nСовместимость и адаптация\n\nПосадочные размеры и глубина подгоняются под конкретную кассету, маскирующие рамки подготавливаются по проекту. Работаем с производителями: Brunner, Schmid, ASTOV,  Kratki,  Ferlux, Nordpeis, Laudel. Сохраняются зазоры приточно-вытяжной конвекции и теплового расширения, предусматриваются ревизионные доступы. Конструкция допускает замену кассеты в будущем без разрушения облицовки.\n\nОснование, дымоход, подключение\n\nКаменная облицовка весит существенно больше тонкого металлического кожуха, поэтому требуется жёсткое и ровное основание. Рекомендуется вертикальная трасса дымохода с минимальным числом поворотов, сертифицированные узлы прохода перекрытий и кровли. Если у кассеты есть подсветка или автоматика, кабели прокладываются в жаростойких каналах с соблюдением норм.\n\nСценарии применения\n\nОткрытые гостиные, кухни-студии, пространства с обзором очага из нескольких зон. Островное размещение помогает организовать планировку и делает огонь центром общения.\n\nУход\n\nШлифованная поверхность неприхотлива. Пыль снимается сухой или слегка влажной микрофиброй; агрессивные химические составы и абразивы не применяются.\n\nВопросы и ответы\n\nМожно ли сменить кассету через несколько лет? Да, модульная конструкция позволяет сохранить архитектуру и подогнать посадочные размеры новой топки.\n\nНужен ли приточный воздух? Рекомендуется организовать приток по паспорту кассеты для стабильной тяги и чистого горения.\n\nНасколько горячими бывают наружные панели? Поверхности тёплые и горячие, но отдача в основном лучистая и воспринимается мягче, чем интенсивная конвекция.\n\nКонтроль качества\n\nПлиты сортируются по тону и рисунку, подгоняются по размерам на стенде, кромки проходят фаску. Подрезки выполняются алмазным инструментом; монтаж ведётся по карте резов с фиксированными допусками.\n\nГлоссарий\n\nПосадочное окно — проём под рамку кассеты. Карниз или крышка — верхняя плитная деталь. Фаска — снятие кромки для аккуратной светотени. Тепловой зазор — компенсация расширения и конвекции. Ревизионный доступ — окно для обслуживания.\n\nПроектирование посадки занимает отдельный этап: согласуются высота остекления, глубина посадки, диаметр и высота дымохода, положение ревизий и маршрут обслуживания. В открытых планировках дополнительно проверяют распределение потоков, чтобы исключить перегрев близлежащих материалов.",,,taxable,,1,,,0,0,,,,,1,,,,"Для дома, Для дома > Облицовки для каминных топок",,,"https://demo.talkorus.ru/wp-content/uploads/2026/06/03-3-e1653311286750-optimized.webp, https://demo.talkorus.ru/wp-content/uploads/2026/06/top_2-e1653311301543-optimized.webp",,,,,,,,,0,,,"Площадь обогрева","до 70 м²",1,1,Расположение,Островное,1,1,,field_talkorus_tab_description_heading,,field_talkorus_tab_description_content,"Технические данные",field_talkorus_tab_technical_heading,"<p class=""p1""><b>Общие характеристики</b></p>
<p class=""p1"">Время тепловой отдачи</p>
<p class=""p1""><b>................... 12 часов</b></p>
<p class=""p1"">Площадь обогрева</p>
<p class=""p1""><b>................... до 70 м²</b></p>
<p class=""p1""><b>Характеристики топки</b></p>
<p class=""p1"">Модель</p>
<p class=""p1""><b>................... Компакт 46х68</b></p>
<p class=""p1"">Тепловая мощность</p>
<p class=""p1""><b>................... 15 кВт</b></p>
<p class=""p1"">Диаметр дымохода</p>
<p class=""p1""><b>................... 150 мм</b></p>
<p class=""p1""><b>Характеристики облицовки</b></p>
<p class=""p1"">Порода камня</p>
<p class=""p1""><b>................... Серпентинит</b></p>
<p class=""p1"">Вид обработки</p>
<p class=""p1""><b>................... ПОЛИРОВКА</b></p>
<p class=""p1"">Толщина облицовки</p>
<p class=""p1""><b>................... 40 мм</b></p>",field_talkorus_tab_technical_content,"Размеры и вес",field_talkorus_tab_dimensions_heading,"<p class=""p1"">Высота</p>
<p class=""p1""><b>................... 1620 мм</b></p>
<p class=""p1"">Ширина</p>
<p class=""p1""><b>................... 680 мм</b></p>
<p class=""p1"">Глубина</p>
<p class=""p1""><b>................... 560 мм</b></p>
<p class=""p1"">Вес</p>
<p class=""p1""><b>................... 457 кг</b></p>",field_talkorus_tab_dimensions_content,,field_talkorus_tab_cut_content,,field_talkorus_tab_scheme_content,,field_talkorus_tab_purpose_content,,field_talkorus_tab_advantages_content,,field_talkorus_tab_docs_content,,field_talkorus_tab_video_content,,field_talkorus_tab_projects_content,4,field_talkorus_product_features,1620,field_69f20d9c512d1,688,field_talkorus_product_feature_icon,"Сухая сборка за 2 часа",field_talkorus_product_feature_title,686,field_talkorus_product_feature_icon,"Эффективная конвекция",field_talkorus_product_feature_title,685,field_talkorus_product_feature_icon,"Система ""Чистое стекло""",field_talkorus_product_feature_title,687,field_talkorus_product_feature_icon,"Облицовка Talkorus",field_talkorus_product_feature_title,,,,
653,simple,,,"Теплонакопительная облицовка Yarvi SP для каминной топки Компакт 46×68 островная",1,0,visible,,"Облицовка TALKORUS «YARVI SP» — островной формат, премиум (для каминной топки; адаптация под разные кассеты)\n\nYARVI SP — решение для тех, кому нужен островной очаг с длительным мягким теплом. В комплект входят цоколь, стойки, фронтальные и боковые панели, крышка и доборы. Отделка полировка придаёт поверхности характер: гладкая зеркальность.\n\nЧто это такое\n\nЭто облицовка для каминной топки. Основанием служит выбранная кассета, а TALKORUS поставляет каменные элементы: цоколь, вертикальные стойки или пилястры, фронтальные и боковые панели, верхнюю крышку или карниз и комплект доборов. Сборка ведётся на объекте: разметка, установка цоколя, монтаж стоек, крепление панелей, посадка крышки и подгонка доборов.\n\nМатериалы и финиш\n\nВ облицовках используются натуральные породы с высокой теплоёмкостью и стабильностью к термоциклам: талькомагнезит, талькохлорит, серпентинит. Вариант отделки — полировка. Этот финиш влияет на оптику и тактильность поверхности, а на теплотехнику больше всего влияют масса камня, площадь наружных плоскостей и организация естественной конвекции.\n\nТеплотехника простыми словами\n\nМеталлическая кассета быстро выходит на режим и быстро остывает. Каменная оболочка принимает излишек энергии, сглаживает пики и отдаёт накопленное в течение нескольких часов лучисто, без жёстких потоков. Температура в зоне отдыха становится ровнее, а комфорт ощущается дольше.\n\nЕстественная конвекция\n\nПриток формируется в нижней зоне, далее воздух проходит вдоль внутренних каналов и выходит под крышкой. Схема бесшумная, без вентиляторов, и хорошо сочетается с лучистой составляющей теплоотдачи.\n\nАрхитектура и сборка\n\nСилуэт строится из простых геометрий: устойчивый цоколь, две стойки, ровные плоскости панелей и спокойная крышка. Кромки с фаской дают аккуратную светотень, швы выдержанные и ровные. Технологические зазоры и ревизии интегрированы так, чтобы объём воспринимался монолитным.\n\nСовместимость и адаптация\n\nПосадочные размеры и глубина подгоняются под конкретную кассету, маскирующие рамки подготавливаются по проекту. Работаем с производителями: Brunner, Schmid, ASTOV,  Ferlux, Nordpeis, Laudel. Сохраняются зазоры приточно-вытяжной конвекции и теплового расширения, предусматриваются ревизионные доступы. Конструкция допускает замену кассеты в будущем без разрушения облицовки.\n\nОснование, дымоход, подключение\n\nКаменная облицовка весит существенно больше тонкого металлического кожуха, поэтому требуется жёсткое и ровное основание. Рекомендуется вертикальная трасса дымохода с минимальным числом поворотов, сертифицированные узлы прохода перекрытий и кровли. Если у кассеты есть подсветка или автоматика, кабели прокладываются в жаростойких каналах с соблюдением норм.\n\nСценарии применения\n\nОткрытые гостиные, студии, пространства с обзором очага из нескольких зон. Островное размещение помогает организовать планировку и делает огонь центром общения.\n\nУход\n\nПолированная плоскость любит деликатный уход. Используйте мягкую салфетку и нейтральные составы; загрязнения удаляйте специализированными средствами для натурального камня.\n\nВопросы и ответы\n\nМожно ли сменить кассету через несколько лет? Да, модульная конструкция позволяет сохранить архитектуру и подогнать посадочные размеры новой топки.\n\nНужен ли приточный воздух? Рекомендуется организовать приток по паспорту кассеты для стабильной тяги и чистого горения.\n\nНасколько горячими бывают наружные панели? Поверхности тёплые и горячие, но отдача в основном лучистая и воспринимается мягче, чем интенсивная конвекция.\n\nКонтроль качества\n\nПлиты сортируются по тону и рисунку, подгоняются по размерам на стенде, кромки проходят фаску. Подрезки выполняются алмазным инструментом; монтаж ведётся по карте резов с фиксированными допусками.\n\nГлоссарий\n\nПосадочное окно — проём под рамку кассеты. Карниз или крышка — верхняя плитная деталь. Фаска — снятие кромки для аккуратной светотени. Тепловой зазор — компенсация расширения и конвекции. Ревизионный доступ — окно для обслуживания.\n\nПроектирование посадки занимает отдельный этап: согласуются высота остекления, глубина посадки, диаметр и высота дымохода, положение ревизий и маршрут обслуживания. В открытых планировках дополнительно проверяют распределение потоков, чтобы исключить перегрев близлежащих материалов.",,,taxable,,1,,,0,0,,,,,1,,,,"Для дома, Для дома > Облицовки для каминных топок",,,"https://demo.talkorus.ru/wp-content/uploads/2026/06/04-optimized.webp, https://demo.talkorus.ru/wp-content/uploads/2026/06/img_3584-optimized.webp, https://demo.talkorus.ru/wp-content/uploads/2026/06/top_1-1-e1653310526123-optimized.webp, https://demo.talkorus.ru/wp-content/uploads/2026/06/img_3579-optimized.webp",,,,,,,,,0,,,"Площадь обогрева","до 70 м²",1,1,Расположение,Островное,1,1,,field_talkorus_tab_description_heading,,field_talkorus_tab_description_content,"Технические данные",field_talkorus_tab_technical_heading,"<p class=""p1""><b>Общие характеристики</b></p>
<p class=""p1"">Время тепловой отдачи</p>
<p class=""p1""><b>................... 12 часов</b></p>
<p class=""p1"">Площадь обогрева</p>
<p class=""p1""><b>................... до 70 м²</b></p>
<p class=""p1""><b>Характеристики топки</b></p>
<p class=""p1"">Модель</p>
<p class=""p1""><b>................... Компакт 46х68</b></p>
<p class=""p1"">Тепловая мощность</p>
<p class=""p1""><b>................... 15 кВт</b></p>
<p class=""p1"">Диаметр дымохода</p>
<p class=""p1""><b>................... 150 мм</b></p>
<p class=""p1""><b>Характеристики облицовки</b></p>
<p class=""p1"">Порода камня</p>
<p class=""p1""><b>................... Серпентинит</b></p>
<p class=""p1"">Вид обработки</p>
<p class=""p1""><b>................... ПОЛИРОВКА</b></p>
<p class=""p1"">Толщина облицовки</p>
<p class=""p1""><b>................... 40 мм</b></p>",field_talkorus_tab_technical_content,"Размеры и вес",field_talkorus_tab_dimensions_heading,"<p class=""p1"">Высота</p>
<p class=""p1""><b>................... 1620 мм</b></p>
<p class=""p1"">Ширина</p>
<p class=""p1""><b>................... 680 мм</b></p>
<p class=""p1"">Глубина</p>
<p class=""p1""><b>................... 560 мм</b></p>
<p class=""p1"">Вес</p>
<p class=""p1""><b>................... кг</b></p>",field_talkorus_tab_dimensions_content,,field_talkorus_tab_cut_content,,field_talkorus_tab_scheme_content,,field_talkorus_tab_purpose_content,,field_talkorus_tab_advantages_content,,field_talkorus_tab_docs_content,,field_talkorus_tab_video_content,,field_talkorus_tab_projects_content,4,field_talkorus_product_features,1620,field_69f20d9c512d1,688,field_talkorus_product_feature_icon,"Сухая сборка за 2 часа",field_talkorus_product_feature_title,686,field_talkorus_product_feature_icon,"Эффективная конвекция",field_talkorus_product_feature_title,685,field_talkorus_product_feature_icon,"Система ""Чистое стекло""",field_talkorus_product_feature_title,687,field_talkorus_product_feature_icon,"Облицовка Talkorus",field_talkorus_product_feature_title,,,,
658,simple,,,"Теплонакопительная облицовка Yarvi SA для каминной топки Компакт 46×68 островная",1,0,visible,,"Облицовка TALKORUS «YARVI SA» — островной формат, антик (для каминной топки; адаптация под разные кассеты)\n\nYARVI SA — модульная облицовка для топки. Каменные панели, стойки и крышка формируют аккуратный объём вокруг кассеты, а масса камня накапливает тепло и отдаёт его медленно и равномерно. Финиш антик: щёточная обработка, мягкая оптика.\n\nЧто это такое\n\nЭто облицовка для каминной топки. Основанием служит выбранная кассета, а TALKORUS поставляет каменные элементы: цоколь, вертикальные стойки или пилястры, фронтальные и боковые панели, верхнюю крышку или карниз и комплект доборов. Сборка ведётся на объекте: разметка, установка цоколя, монтаж стоек, крепление панелей, посадка крышки и подгонка доборов.\n\nМатериалы и финиш\n\nВ облицовках используются натуральные породы с высокой теплоёмкостью и стабильностью к термоциклам: талькохлорит, талькомагнезит, серпентинит. Вариант отделки — антик. Этот финиш влияет на оптику и тактильность поверхности, а на теплотехнику больше всего влияют масса камня, площадь наружных плоскостей и организация естественной конвекции.\n\nТеплотехника простыми словами\n\nМеталлическая кассета быстро выходит на режим и быстро остывает. Каменная оболочка принимает излишек энергии, сглаживает пики и отдаёт накопленное в течение нескольких часов лучисто, без жёстких потоков. Температура в зоне отдыха становится ровнее, а комфорт ощущается дольше.\n\nЕстественная конвекция\n\nПриток формируется в нижней зоне, далее воздух проходит вдоль внутренних каналов и выходит под крышкой. Схема бесшумная, без вентиляторов, и хорошо сочетается с лучистой составляющей теплоотдачи.\n\nАрхитектура и сборка\n\nСилуэт строится из простых геометрий: устойчивый цоколь, две стойки, ровные плоскости панелей и спокойная крышка. Кромки с фаской дают аккуратную светотень, швы выдержанные и ровные. Технологические зазоры и ревизии интегрированы так, чтобы объём воспринимался монолитным.\n\nСовместимость и адаптация\n\nПосадочные размеры и глубина подгоняются под конкретную кассету, маскирующие рамки подготавливаются по проекту. Работаем с производителями: Ferlux, Laudel, Schmid, Brunner,  Kratki,  ASTOV, Nordpeis. Сохраняются зазоры приточно-вытяжной конвекции и теплового расширения, предусматриваются ревизионные доступы. Конструкция допускает замену кассеты в будущем без разрушения облицовки.\n\nОснование, дымоход, подключение\n\nКаменная облицовка весит существенно больше тонкого металлического кожуха, поэтому требуется жёсткое и ровное основание. Рекомендуется вертикальная трасса дымохода с минимальным числом поворотов, сертифицированные узлы прохода перекрытий и кровли. Если у кассеты есть подсветка или автоматика, кабели прокладываются в жаростойких каналах с соблюдением норм.\n\nСценарии применения\n\nОткрытые гостиные, кухни-студии, лаунж-пространства с обзором очага из нескольких зон. Островное размещение помогает организовать планировку и делает огонь центром общения.\n\nУход\n\nАнтик практичен в быту: следы от прикосновений менее заметны. Достаточно сухой уборки и нейтральных средств для натурального камня.\n\nВопросы и ответы\n\nМожно ли сменить кассету через несколько лет? Да, модульная конструкция позволяет сохранить архитектуру и подогнать посадочные размеры новой топки.\n\nНужен ли приточный воздух? Рекомендуется организовать приток по паспорту кассеты для стабильной тяги и чистого горения.\n\nНасколько горячими бывают наружные панели? Поверхности тёплые и горячие, но отдача в основном лучистая и воспринимается мягче, чем интенсивная конвекция.\n\nКонтроль качества\n\nПлиты сортируются по тону и рисунку, подгоняются по размерам на стенде, кромки проходят фаску. Подрезки выполняются алмазным инструментом; монтаж ведётся по карте резов с фиксированными допусками.\n\nГлоссарий\n\nПосадочное окно — проём под рамку кассеты. Карниз или крышка — верхняя плитная деталь. Фаска — снятие кромки для аккуратной светотени. Тепловой зазор — компенсация расширения и конвекции. Ревизионный доступ — окно для обслуживания.\n\nПроектирование посадки занимает отдельный этап: согласуются высота остекления, глубина посадки, диаметр и высота дымохода, положение ревизий и маршрут обслуживания. В открытых планировках дополнительно проверяют распределение потоков, чтобы исключить перегрев близлежащих материалов.",,,taxable,,1,,,0,0,,,,,1,,,,"Для дома, Для дома > Облицовки для каминных топок",,,"https://demo.talkorus.ru/wp-content/uploads/2026/06/dd-optimized.webp, https://demo.talkorus.ru/wp-content/uploads/2026/06/top_4-1-e1653310744305-optimized.webp",,,,,,,,,0,,,"Площадь обогрева","до 70 м²",1,1,Расположение,Островное,1,1,,field_talkorus_tab_description_heading,,field_talkorus_tab_description_content,"Технические данные",field_talkorus_tab_technical_heading,"<p class=""p1""><b>Общие характеристики</b></p>
<p class=""p1"">Время тепловой отдачи</p>
<p class=""p1""><b>................... 12 часов</b></p>
<p class=""p1"">Площадь обогрева</p>
<p class=""p1""><b>................... до 70 м²</b></p>
<p class=""p1""><b>Характеристики топки</b></p>
<p class=""p1"">Модель</p>
<p class=""p1""><b>................... Компакт 46х68</b></p>
<p class=""p1"">Тепловая мощность</p>
<p class=""p1""><b>................... 15 кВт</b></p>
<p class=""p1"">Диаметр дымохода</p>
<p class=""p1""><b>................... 150 мм</b></p>
<p class=""p1""><b>Характеристики облицовки</b></p>
<p class=""p1"">Порода камня</p>
<p class=""p1""><b>................... Серпентинит</b></p>
<p class=""p1"">Вид обработки</p>
<p class=""p1""><b>................... ШЛИФОВКА</b></p>
<p class=""p1"">Толщина облицовки</p>
<p class=""p1""><b>................... 40 мм</b></p>",field_talkorus_tab_technical_content,"Размеры и вес",field_talkorus_tab_dimensions_heading,"<p class=""p1"">Высота</p>
<p class=""p1""><b>................... 1620 мм</b></p>
<p class=""p1"">Ширина</p>
<p class=""p1""><b>................... 680 мм</b></p>
<p class=""p1"">Глубина</p>
<p class=""p1""><b>................... 560 мм</b></p>
<p class=""p1"">Вес</p>
<p class=""p1""><b>................... кг</b></p>",field_talkorus_tab_dimensions_content,,field_talkorus_tab_cut_content,,field_talkorus_tab_scheme_content,,field_talkorus_tab_purpose_content,,field_talkorus_tab_advantages_content,,field_talkorus_tab_docs_content,,field_talkorus_tab_video_content,,field_talkorus_tab_projects_content,4,field_talkorus_product_features,1620,field_69f20d9c512d1,688,field_talkorus_product_feature_icon,"Сухая сборка за 2 часа",field_talkorus_product_feature_title,686,field_talkorus_product_feature_icon,"Эффективная конвекция",field_talkorus_product_feature_title,685,field_talkorus_product_feature_icon,"Система ""Чистое стекло""",field_talkorus_product_feature_title,687,field_talkorus_product_feature_icon,"Облицовка Talkorus",field_talkorus_product_feature_title,,,,
661,simple,,,"Теплонакопительная облицовка ARKADIA для каминной топки Keddy 520",1,0,visible,,"Теплонакопительная облицовка TALKORUS «ARKADIA» для каминной топки Keddy (адаптируется под топки других производителей)\n\nОблицовка TALKORUS «ARKADIA» — это теплонесущая каменная система для каминных топок, в базовой конфигурации спроектированная под топку Keddy. Архитектура «ARKADIA» выдержана в аккуратной классике: пропорциональный портал, сдержанные пилястры, выразительный карниз и устойчивый цоколь. За внешней простотой — продуманная теплотехника: каменный массив аккумулирует энергию горения и затем долго и ровно отдаёт её в помещение мягким лучистым теплом. Камин перестаёт быть «только про огонь» и становится реальным участником отопительного баланса дома.\n\nЗачем нужна теплонакопительная облицовка\nМеталлическая топка по своей природе работает конвекцией: быстро разогревает воздух, но столь же быстро отдаёт тепло наружу и остывает. Каменная облицовка ARKADIA добавляет массу и инерцию — площадь камня принимает на себя значительную часть тепловой энергии, а затем часами излучает её без пиков и сквозняков. Вблизи камина нет «жгущего» жара, температура воспринимается телом мягче, перепады по высоте и между зонами комнаты заметно ниже. Это особенно важно в гостиной с открытым пространством: режим становится предсказуемым, а камин — комфортным источником длительного тепла.\n\nАрхитектура и внешний вид\n«ARKADIA» создавалась как универсальная классика , уместная и в современном интерьере, и в стиле «шале», и в сдержанной неоклассике. Образ формируют:\n— Цоколь с лёгким выносом по периметру — визуально «усаживает» камин и защищает нижние кромки от случайных сколов.\n— Пилястры/стойки по краям портала — задают вертикальный ритм и делают фронт стройным.\n— Карниз с аккуратной тенью — завершает композицию и формирует удобную надтопочную полку.\n— Чистые плоскости филёнок — они не спорят с огнём и легко поддерживаются в быту.\nИнженерные зазоры приточно-вытяжной конвекции мы прячем в архитектуре — облицовка выглядит цельным каменным объектом, а не набором решёток. По запросу возможны акценты: фрезерованные пояса, вставки «рваного камня», контрастная кромка карниза.\n\nМатериалы и финиш\nДля «ARKADIA» мы используем проверенные породы: талькомагнезит, талькохлорит и серпентинит. Все они обладают высокой теплоёмкостью, устойчивостью к термоциклам и благородной фактурой. Доступны финиши: шлифовка (строго и ровно), «антик» (щёточная обработка с мягкой тактильной поверхностью), частичная полировка карниза/кромок как тонкий архитектурный акцент. Каждая партия камня проходит входной контроль: отсутствие слоистости, микротрещин, стабильная геометрия. Кромки снимаются фаской, сопряжения подгоняются на стенде — швы получаются ровными и аккуратными.\n\nСовместимость и замена кассеты\nБазовый формат — топка Keddy. Но конструкция модульная: мы адаптируем «ARKADIA» под топки других производителей (Schmid, Brunner, Kratki, Kaw-Met, Laudel, Ferlux, Nordpeis, ASTOV и др.), сохранив общий образ. Вариативность включает:\n— корректировку ширины/высоты портала и глубины посадки;\n— учёт геометрии фронтального остекления: рамка/безрамка, прямое или призматическое стекло;\n— соблюдение зазоров конвекционного обдува (нижний забор, верхний выброс) и теплового расширения;\n— подготовку маскирующих рамок и декоративных планок под конкретную кассету;\n— ревизионные доступы к дымоходу и сервисным узлам.\nИтог: при смене кассеты интерьер сохраняет целостность, порталу не требуется капитальная переразделка.\n\nТеплотехника и безопасность\nМы проектируем облицовку как полноценный узел, а не декоративную «коробку». В «ARKADIA» предусмотрены:\n— нормативные тепловые зазоры до металла и сгораемых конструкций;\n— естественная конвекция: скрытые каналы притока и выброса воздуха, рассчитанные на паспортную мощность топки;\n— опциональные негорючие деформационные прокладки в узлах крепления;\n— модульная задняя стенка для аккуратного сопряжения дымохода и ревизии.\nСоблюдение этих решений делает каменный портал не только красивым, но и функционально надёжным. Работы по подключению выполняет лицензированный подрядчик с соблюдением СП и паспортов оборудования.\n\nМонтаж и основание\nКаменная облицовка имеет ощутимый вес: требуется жёсткая, ровная площадка (монолит/стяжка) и проверка несущей способности перекрытия. Поставка — сборный комплект: цоколь, пилястры/стойки, филёнки, карниз, доборы и рамки. Все элементы промаркированы, сборка ведётся по схеме; возможна подрезка по месту. После монтажа достаточно сухой уборки и протирки мягкой салфеткой. Агрессивная химия не нужна — камень неприхотлив, особенно в финише «антик».\n\nЭксплуатация и уход\nОблицовка «ARKADIA» ведёт себя предсказуемо: массив камня сглаживает пики и даёт долгую, комфортную отдачу тепла. Рядом с камином приятно сидеть — нет жёсткого лучистого перегрева или шума вентиляторов. Уход простой: периодическая сухая уборка, при необходимости — нейтральные средства для натурального камня. Доступ к сервисным зонам сохранён — ревизия дымохода и оборудования не требует демонтажа портала.\n\nПерсонализация под интерьер\nМы настраиваем не только посадочные размеры, но и язык формы: профиль карниза (строгий/фасетный), формат пилястр (гладкие/с филёнками), варианты полки (прямая/с выносом), контрастные вставки, фрезерованные пояса, элементы «рваного камня». Можно объединить «ARKADIA» со стеновыми панно из той же породы или сформировать каменную портальную зону с доборами на полную высоту. В итоговом виде камин становится архитектурным центром комнаты — камнем и огнём, а не наличником вокруг стекла.\n\nЧто получает владелец\n— Камин, который долго и мягко греет за счёт каменной инерции;\n— Спокойную классическую архитектуру, которая не выйдет из моды;\n— Свободу выбора кассеты и возможность её замены без переделки облицовки;\n— Долговечность: натуральный камень достойно переносит термоциклы и сохраняет внешний вид годами.\n\nИтог\n\nTALKORUS «ARKADIA» — продуманная теплонакопительная облицовка для топки Keddy, готовая к адаптации под кассеты других производителей. Это решение, в котором архитектура и теплотехника работают вместе: огонь виден во всей красе, а камень делает его комфортным источником долгого лучистого тепла. Хотите другой размер, финиш или посадку — мы изготовим комплект под ваш проект и обеспечим аккуратный монтаж.",,,taxable,,1,,,0,0,,,,,1,,,,"Для дома, Для дома > Облицовки для каминных топок",,,"https://demo.talkorus.ru/wp-content/uploads/2026/06/arkadia-talkorus3-optimized.webp, https://demo.talkorus.ru/wp-content/uploads/2026/06/arkadia-talkorus2-optimized.webp, https://demo.talkorus.ru/wp-content/uploads/2026/06/arkadia-talkorus-optimized.webp",,,,,,,,,0,,,"Площадь обогрева","до 110 м²",1,1,Расположение,Островное,1,1,,field_talkorus_tab_description_heading,,field_talkorus_tab_description_content,"Технические данные",field_talkorus_tab_technical_heading,"<p class=""p1""><b>Общие характеристики</b></p>
<p class=""p1"">Время тепловой отдачи</p>
<p class=""p1""><b>................... 12 часов</b></p>
<p class=""p1"">Площадь обогрева</p>
<p class=""p1""><b>................... до 110 м²</b></p>
<p class=""p1""><b>Характеристики топки</b></p>
<p class=""p1"">Модель</p>
<p class=""p1""><b>................... Keddy 520</b></p>
<p class=""p1"">Тепловая мощность</p>
<p class=""p1""><b>................... 12 кВт</b></p>
<p class=""p1"">Диаметр дымохода</p>
<p class=""p1""><b>................... 150 мм</b></p>
<p class=""p1""><b>Характеристики облицовки</b></p>
<p class=""p1"">Порода камня</p>
<p class=""p1""><b>................... Талькомагнезит</b></p>
<p class=""p1"">Вид обработки</p>
<p class=""p1""><b>................... ШЛИФОВКА</b></p>
<p class=""p1"">Толщина облицовки</p>
<p class=""p1""><b>................... 50 мм</b></p>",field_talkorus_tab_technical_content,"Размеры и вес",field_talkorus_tab_dimensions_heading,"<p class=""p1"">Высота</p>
<p class=""p1""><b>................... 1850 мм</b></p>
<p class=""p1"">Ширина</p>
<p class=""p1""><b>................... 1270 мм</b></p>
<p class=""p1"">Глубина</p>
<p class=""p1""><b>................... 740 мм</b></p>
<p class=""p1"">Вес</p>
<p class=""p1""><b>................... 997 кг</b></p>",field_talkorus_tab_dimensions_content,,field_talkorus_tab_cut_content,,field_talkorus_tab_scheme_content,,field_talkorus_tab_purpose_content,,field_talkorus_tab_advantages_content,,field_talkorus_tab_docs_content,,field_talkorus_tab_video_content,,field_talkorus_tab_projects_content,4,field_talkorus_product_features,1850,field_69f20d9c512d1,688,field_talkorus_product_feature_icon,"Сухая сборка за 2 часа",field_talkorus_product_feature_title,686,field_talkorus_product_feature_icon,"Эффективная конвекция",field_talkorus_product_feature_title,685,field_talkorus_product_feature_icon,"Система ""Чистое стекло""",field_talkorus_product_feature_title,687,field_talkorus_product_feature_icon,"Облицовка Talkorus",field_talkorus_product_feature_title,,,,
665,simple,,,"Теплонакопительная облицовка Virta 1430 T для сквозной каминной топки Liseo L5 DF",1,0,visible,,"Теплонакопительная облицовка TALKORUS «VIRTA 1430 T» для сквозной каминной топки Liseo L5 DF (адаптируется под топки других производителей)\n\nОблицовка TALKORUS «VIRTA 1430 T» — теплонакопительный каменный портал для сквозных (двухсторонних) каминных топок. Базовая версия рассчитана на Liseo L5 DF, однако конструкция изначально модульная и позволяет адаптацию под кассеты других производителей без изменения общего образа. «VIRTA» создана как архитектурный мост между двумя пространствами — гостиная и столовая, холл и кабинет, студийная зона и коридор. Сквозной огонь объединяет помещения визуально, а каменная масса портала делает тепловую картину мягкой и предсказуемой.\n\nДля чего нужна теплонакопительная облицовка\nМеталлическая топка быстро поднимает температуру за счёт конвекции, но так же быстро остывает. Натуральный камень решает эту задачу иначе: он вбирает энергию пламени и отдаёт её лучистым теплом ещё несколько часов после затухания. В сквозной компоновке это особенно важно: помещения по обе стороны очага получают равномерный, неагрессивный прогрев, уменьшается перепад по высоте и исключается эффект «обжигающей» конвекции возле топки. Камин становится не только центром интерьера, но и полезным аккумулятором тепла.\n\nАрхитектура и внешний вид\n«VIRTA 1430 T» построена на чистой геометрии, хорошо читаемой в современном и неоклассическом интерьере. Образ формируют:\n— Двусторонняя портальная рама с тонким оптическим профилем — огонь максимально открыт в оба помещения.\n— Цоколь с лёгким выносом, который визуально «усаживает» портал и защищает нижние кромки от бытовых сколов.\n— Вертикальные пилястры (или гладкие стойки — по выбору), задающие ритм и подчеркивающие высоту проёма.\n— Карниз с деликатной тенью по периметру — завершение композиции и защита верхней кромки.\nВариативность отделки — от строгой шлифовки до антика (щёточной обработки) и частичной полировки карнизов/кромок. Вставки «рваного камня», декоративные пояса с фрезеровкой, контрастные инкрустации допускаются по спецзаказу. Технологические зазоры приточно-вытяжной конвекции скрыты в архитектуре, поэтому облицовка воспринимается цельным каменным объектом с двух сторон.\n\nМатериалы\nМы работаем с породами, которые десятилетиями доказали пригодность в печестроении: талькомагнезит, талькохлорит и серпентинит. Они устойчивы к термоциклам, обладают высокой теплоёмкостью и благородной фактурой. Каждая партия проходит входной контроль: отсутствие слоеватости, микротрещин и внутренних дефектов; геометрия плит проверяется по шаблонам, кромки снимаются фаской. Варианты финиша: шлифовка, антик, полировка (полная или частичная), декоративная фрезеровка. По запросу совместим разные фактуры в одном изделии — например, полированный карниз на фоне антика стоек.\n\nСовместимость и замена кассеты\nБазовая посадка — Liseo L5 DF. Конструкция «VIRTA» модульная, поэтому мы точно подгоняем портал под топки других брендов: Schmid/Brunner/Laudel/Kratki/Kaw-Met/ASTOV/Nordpeis и пр. Адаптация включает:\n— корректировку ширины/высоты портального окна и глубины посадки;\n— учёт геометрии стекла (прямая/призматическая), рамки, дверной фурнитуры;\n— соблюдение зазоров конвекции (нижний забор, верхний выброс) и теплового расширения;\n— подготовку маскирующих рамок и переходных планок для аккуратной подгонки;\n— ревизионные доступы к дымовому патрубку и сервисным узлам.\nБлагодаря этому владелец сохраняет свободу: при смене кассеты порталу не требуется капитальная переразделка.\n\nТеплотехника и безопасность\nМы проектируем облицовку как полноценный теплотехнический узел, а не просто декоративный короб. В «VIRTA 1430 T» предусмотрены:\n— нормативные тепловые зазоры до металла, отделки и сгораемых конструкций;\n— естественная конвекция: скрытые каналы притока и выброса воздуха, рассчитанные на паспортные режимы топки;\n— возможность установки негорючих деформационных прокладок в местах крепления;\n— модульная задняя стенка с аккуратным сопряжением дымохода и ревизией;\n— температурно-стойкие клеевые и герметизирующие материалы в допустимых узлах.\nРаботы по подключению выполняются лицензированными специалистами с соблюдением СП и паспортов оборудования. Это гарантия долгой и безопасной эксплуатации.\n\nМонтаж и основание\nКаменный портал имеет ощутимый вес. Требуется жёсткое основание (монолитная плита/стяжка) и проверка несущей способности перекрытия. Мы поставляем маркированный сборный комплект: цокольные блоки, стойки/пилястры, филёнки, двусторонний карниз, доборы и рамки. Сборка по схеме несложна для профбригады; возможна подрезка по месту. После установки достаточно сухой уборки и протирки мягкой салфеткой. Агрессивная химия не требуется — камень неприхотлив в уходе.\n\nЭксплуатация\nКаменная масса даёт предсказуемую инерцию: камин греет мягко и долго, помещения по обе стороны получают равномерный фон. Фактура «антик» практична в бытовой эксплуатации, на шлифованных плоскостях уход ещё проще. При попадании смолы/сажи используйте нейтральные очистители для натурального камня; абразивы и кислоты не допускаются. Доступ к сервисным узлам сохраняется — ревизия дымохода и оборудования не требует демонтажа портала.\n\nПерсонализация\n— Порода камня: талькомагнезит / талькохлорит / серпентинит.\n— Финиш: шлифовка, антик, частичная полировка, декоративная фрезеровка, вставки «рваного камня».\n— Архитектура: профиль карниза, формат пилястр (гладкие/фасетные/с филёнками), ширина полок.\n— Геометрия: изменение высоты/ширины/глубины проёма и общей «коробки» под конкретный проект.\n— Доп. опции: контрастные рамки, расширенная надтопочная полка со стороны гостиной, скрытые ниши под аксессуары.\n\nЧто получает владелец\n— Сквозной камин, который не только впечатляет, но и комфортно греет благодаря каменной инерции.\n— Цельную архитектуру, уместную и в минимализме, и в современном классическом интерьере.\n— Свободу выбора кассеты — адаптация под другой бренд без переделки облицовки.\n— Долговечность натурального камня и точность заводской подгонки.\n\nИтог\nTALKORUS «VIRTA 1430 T» — тёплая и продуманная каменная оболочка для сквозной топки Liseo L5 DF, готовая к адаптации под альтернативные кассеты. Это решение, в котором архитектура и теплотехника работают вместе: огонь виден с обеих сторон, а камень делает его комфортным источником долгого лучистого тепла.",,,taxable,,1,,,0,0,,,,,1,,,,"Для дома, Для дома > Облицовки для каминных топок",,,"https://demo.talkorus.ru/wp-content/uploads/2026/06/talkorus-virta-2-1-optimized.webp, https://demo.talkorus.ru/wp-content/uploads/2026/06/talkorus-virta-1-optimized.webp",,,,,,,,,0,,,"Площадь обогрева","до 110 м²",1,1,Расположение,"Островное, Сквозное",1,1,,field_talkorus_tab_description_heading,,field_talkorus_tab_description_content,"Технические данные",field_talkorus_tab_technical_heading,"<p class=""p1""><b>Общие характеристики</b></p>
<p class=""p1"">Время тепловой отдачи</p>
<p class=""p1""><b>................... 12 часов</b></p>
<p class=""p1"">Площадь обогрева</p>
<p class=""p1""><b>................... до 110 м²</b></p>
<p class=""p1""><b>Характеристики топки</b></p>
<p class=""p1"">Модель</p>
<p class=""p1""><b>................... Liseo L5 DF</b></p>
<p class=""p1"">Тепловая мощность</p>
<p class=""p1""><b>................... 14 кВт</b></p>
<p class=""p1"">Диаметр дымохода</p>
<p class=""p1""><b>................... 150 мм</b></p>
<p class=""p1""><b>Характеристики облицовки</b></p>
<p class=""p1"">Порода камня</p>
<p class=""p1""><b>................... Талькомагнезит, Серпентинит</b></p>
<p class=""p1"">Вид обработки</p>
<p class=""p1""><b>................... ШЛИФОВКА, БАРХАТ</b></p>
<p class=""p1"">Толщина облицовки</p>
<p class=""p1""><b>................... 40 мм</b></p>",field_talkorus_tab_technical_content,"Размеры и вес",field_talkorus_tab_dimensions_heading,"<p class=""p1"">Высота</p>
<p class=""p1""><b>................... 1430 мм</b></p>
<p class=""p1"">Ширина</p>
<p class=""p1""><b>................... 770 мм</b></p>
<p class=""p1"">Глубина</p>
<p class=""p1""><b>................... 410 мм</b></p>
<p class=""p1"">Вес</p>
<p class=""p1""><b>................... 556 кг</b></p>",field_talkorus_tab_dimensions_content,,field_talkorus_tab_cut_content,,field_talkorus_tab_scheme_content,,field_talkorus_tab_purpose_content,,field_talkorus_tab_advantages_content,,field_talkorus_tab_docs_content,,field_talkorus_tab_video_content,,field_talkorus_tab_projects_content,4,field_talkorus_product_features,1430,field_69f20d9c512d1,688,field_talkorus_product_feature_icon,"Сухая сборка за 2 часа",field_talkorus_product_feature_title,686,field_talkorus_product_feature_icon,"Эффективная конвекция",field_talkorus_product_feature_title,685,field_talkorus_product_feature_icon,"Система ""Чистое стекло""",field_talkorus_product_feature_title,687,field_talkorus_product_feature_icon,"Облицовка Talkorus",field_talkorus_product_feature_title,,,,
668,simple,,,"Теплонакопительная облицовка Vesuri для каминной топки Астов ПС 9074",1,0,visible,,"Теплонакопительная облицовка TALKORUS «VESURI» для каминной топки Astov PS 90(74) (адаптируется под топки других производителей)\n\nОблицовка TALKORUS «VESURI» — это теплонакопительный каменный портал для каминных топок формата 90×74 см, созданный как готовое интерьерно-теплотехническое решение для коттеджей и городских домов с каминами. Конструкция соединяет архитектурную классическую геометрию с современной инженерией: массив камня аккумулирует энергию горения и затем долго и мягко отдаёт её помещению. В результате камин перестаёт быть «только красивым огнём» и превращается в полноценный источник приятного лучистого тепла.\n\nДля чего нужна теплонакопительная облицовка\nМеталлическая топка быстро разгоняет воздух конвекцией, однако после затухания пламени помещение так же быстро остывает. Каменная облицовка «VESURI» добавляет тепловую инерцию и лучистый компонент. Пока в топке пылает огонь, камень принимает на себя значительную часть энергии; когда поленья прогорают, массив ещё несколько часов излучает ровное тепло, поддерживая комфортный фон. Пики перегрева уменьшаются, а разброс температур по высоте становится ниже — сидеть рядом с камином приятно, нет «жёсткого» горячего потока.\n\nАрхитектура и внешний вид\nХарактер «VESURI» — сдержанная классика. Массивный цоколь визуально «усаживает» камин на основание и защищает нижнюю кромку от бытовых сколов. Пилястры по краям портала формируют стройные вертикали и ритм фасада, подчеркивая пропорции топки Astov. Карниз с аккуратной тенью завершает композицию и создаёт удобную надтопочную полку для аксессуаров. В филёнках возможны решения с гладкими шлифованными плитами, с «антиком» (щёточная обработка) или с акцентными вставками — например, полосами «рваного» камня. Все торцы сняты в фаску, швы ровные, геометрия выдержана. Обдувные зазоры и сервисные лючки скрыты в архитектуре, поэтому визуально облицовка воспринимается цельным каменным блоком.\n\nМатериалы и отделка\nМы используем натуральный талькомагнезит, талькохлорит и серпентинит. Эти породы проверены в высоких температурах, обладают значительной теплоёмкостью и стабильной структурой при термоциклах. Для «VESURI» чаще всего выбирают шлифовку для строгого вида или обработку «антик» — мягкую тактильную фактуру, на которой меньше заметны следы эксплуатации. По желанию выполняем частичную полировку карниза/кромок или фрезеровку декоративных поясов. Каждая партия камня проходит входной контроль: отбраковка слоистых пластин, проверка на микротрещины, точная подгонка модулей на сборочном стенде.\n\nСовместимость и возможность замены топки\nБазовая комплектация рассчитана под Astov PS 90(74) — популярную кассету с фронтальным остеклением. При этом «VESURI» изначально спроектирована как модульная система: мы адаптируем портал под топки других производителей (Kratki, Kaw-Met, Laudel, Ferlux, Schmid, Nordpeis и др.) без изменения общего дизайна. Корректируем ширину/высоту портального окна, глубину посадки, зазоры для конвекции и теплового расширения, точки крепления декоративной рамки, форм-фактор дымового патрубка и ревизионные доступы. Для точной посадки изготавливаем переходные и маскирующие рамки, чтобы зазоры соответствовали паспортам и порталу не требовалась переразделка при смене кассеты.\n\nТеплотехника и безопасность\nВ облицовке предусмотрены:\n— тепловые зазоры до металла и сгораемых конструкций;\n— скрытые каналы конвекционного обдува (нижний забор/верхний выброс), чтобы топка не перегревалась и корректно отдавала тепло;\n— возможность установки деформационных негорючих прокладок в ключевых узлах;\n— модульная задняя часть для аккуратного сопряжения с дымоходом и ревизией.\nСоблюдение этих решений в монтаже делает каменный портал не только красивым, но и функционально надёжным. Работы по подключению выполняются лицензированным подрядчиком с учётом требований СП и паспортов.\n\nМонтаж и основание\nКаменный портал имеет значительный вес, поэтому требуется жёсткое, ровное основание (бетонная плита/монолитная стяжка) и проверка несущей способности перекрытий. Поставка — в виде маркированного сборного комплекта: цокольные блоки, пилястры, филёнки, карниз, доборы. Сборка по схеме несложна для профессиональной бригады; при необходимости мы выполним подрезку по месту и подготовим комплект декоративных рамок под конкретную кассету. После монтажа достаточно сухой уборки: камень не требует лакировки и сложной химии, достаточно мягкой салфетки и нейтрального средства.\n\nЭксплуатация и уход\nФактура «антик» практична в быту: отпечатки и следы копоти менее заметны, царапины легко маскируются по рисунку камня. Шлифованные поверхности поддерживаются чуть проще — их достаточно периодически протирать. При попадании смолы/сажи используйте специализированные очистители для натурального камня. Ревизионные зоны остаются доступными — обслуживание дымохода и аппаратуры не требует разборки портала.\n\nПерсонализация\n— выбор породы: талькомагнезит, талькохлорит, серпентинит;\n— финиш: шлифовка, антик, частичная полировка, декоративная фрезеровка;\n— изменяемая геометрия портала: ширина, высота, глубина, профиль карниза и формат пилястр;\n— опция надтопочной полки увеличенной глубины, контрастные вставки, элементы «рваного» камня.\n\nЧто получает владелец\n— Камин, который греет долго и мягко за счёт каменной инерции;\n— Эстетически цельный каменный портал, подчёркивающий огонь и архитектуру интерьера;\n— Гибкость: возможность замены кассеты на другой бренд без переделки облицовки;\n— Долговечность: натуральный камень достойно переносит термоциклы и сохраняет внешний вид годами.\n\nИтог\nTALKORUS «VESURI» — тёплый, аккуратно спроектированный каменный портал для Astov PS 90(74), который при необходимости адаптируется под топки других производителей. Вы получаете архитектуру, теплотехнику и надёжность в одном изделии — готовое решение, которое делает камин не просто красивым, а по-настоящему комфортным источником тепла.",,,taxable,,1,,,0,0,,,,,1,,,,"Для дома, Для дома > Облицовки для каминных топок",,,"https://demo.talkorus.ru/wp-content/uploads/2026/06/bez-imeni-2-2-e1652807769556-optimized.webp, https://demo.talkorus.ru/wp-content/uploads/2026/06/bez-imeni-3-1-optimized.webp, https://demo.talkorus.ru/wp-content/uploads/2026/06/bez-imeni-1-2-optimized.webp",,,,,,,,,0,,,"Площадь обогрева","до 110 м²",1,1,Стиль,Эксклюзив,1,1,,field_talkorus_tab_description_heading,,field_talkorus_tab_description_content,"Технические данные",field_talkorus_tab_technical_heading,"<p class=""p1""><b>Общие характеристики</b></p>
<p class=""p1"">Время тепловой отдачи</p>
<p class=""p1""><b>................... до 24 часов</b></p>
<p class=""p1"">Площадь обогрева</p>
<p class=""p1""><b>................... до 110 м²</b></p>
<p class=""p1""><b>Характеристики топки</b></p>
<p class=""p1"">Модель</p>
<p class=""p1""><b>................... Астов ПС 9074</b></p>
<p class=""p1"">Тепловая мощность</p>
<p class=""p1""><b>................... 9 кВт</b></p>
<p class=""p1"">Диаметр дымохода</p>
<p class=""p1""><b>................... 150 мм</b></p>
<p class=""p1""><b>Характеристики облицовки</b></p>
<p class=""p1"">Порода камня</p>
<p class=""p1""><b>................... Талькомагнезит, Серпентинит</b></p>
<p class=""p1"">Вид обработки</p>
<p class=""p1""><b>................... ШЛИФОВКА, БАРХАТ, ПРЕМИУМ</b></p>
<p class=""p1"">Толщина облицовки</p>
<p class=""p1""><b>................... 50 мм</b></p>",field_talkorus_tab_technical_content,"Размеры и вес",field_talkorus_tab_dimensions_heading,"<p class=""p1"">Высота</p>
<p class=""p1""><b>................... 2100 мм</b></p>
<p class=""p1"">Ширина</p>
<p class=""p1""><b>................... 1440 мм</b></p>
<p class=""p1"">Глубина</p>
<p class=""p1""><b>................... 820 мм</b></p>
<p class=""p1"">Вес</p>
<p class=""p1""><b>................... 1800 кг</b></p>",field_talkorus_tab_dimensions_content,,field_talkorus_tab_cut_content,,field_talkorus_tab_scheme_content,,field_talkorus_tab_purpose_content,,field_talkorus_tab_advantages_content,,field_talkorus_tab_docs_content,,field_talkorus_tab_video_content,,field_talkorus_tab_projects_content,4,field_talkorus_product_features,2100,field_69f20d9c512d1,688,field_talkorus_product_feature_icon,"Сухая сборка за 2 часа",field_talkorus_product_feature_title,686,field_talkorus_product_feature_icon,"Эффективная конвекция",field_talkorus_product_feature_title,685,field_talkorus_product_feature_icon,"Система ""Чистое стекло""",field_talkorus_product_feature_title,687,field_talkorus_product_feature_icon,"Облицовка Talkorus",field_talkorus_product_feature_title,Расположение,Пристенное,1,1
672,simple,,,"Теплонакопительная облицовка Kelo для каминной топки Windo 2 95 DX угловая",1,0,visible,,"Облицовка Kelo — это уникальное решение для дома, позволяющее не только создать уютную атмосферу, но и эффективно обогреть помещение. Эта облицовка спроектирована специально для каминной топки Windo 2 95 DX, что делает ее оптимальным отопительным прибором для тех, кто ценит качество, а также стиль.\n<h2>Уникальный дизайн</h2>\nОблицовка Kelo выделяется своим нестандартным дизайном. Основная часть облицовки, выполненная из серпентинита, имеет перевернутую F-образную форму. Эта форма не только эстетична, но и функциональна. С одной стороны, такая форма позволяет равномерно распределить тепло по всему помещению сверху донизу, поэтому с помощью такой облицовки можно отапливать сразу два этажа. А с другой стороны эта форма создает визуальный акцент, который привлекает взгляды.\n\n&nbsp;\n\nТемный камень сине-зеленого оттенка придаёт облицовке глубину, загадочность, а также хорошо сочетается с современными, а также с классическими интерьерами.\n\n&nbsp;\n\nНад основной частью располагается «‎надстройка», которая выглядит как лоскутное одеяло, состоящее из квадратиков камня разных оттенков коричневого и серого. Это решение добавляет текстуры и разнообразия в дизайн, делая облицовку не просто элементом функциональности, но и полноценным элементом интерьера. Каждый квадратик имеет разную текстуру камня, что позволяет создавать непохожие друг на друга сочетания текстур.\n<h2>Преимущества облицовки Kelo</h2>\n<h3>1. Эффективная конвекционная система</h3>\nОблицовка Kelo имеет встроенную систему конвекции, которая обеспечивает циркуляцию воздуха, а также равномерное распределение тепла по всему помещению. Это позволяет избежать холодных зон, создать комфортную атмосферу в каждом уголке вашего дома.\n<h3>2. Система «‎Чистое стекло»</h3>\nЭта система предотвращает загрязнение стекла камина, обеспечивая максимальный обзор огня. Вы сможете наслаждаться красотой пламени, не беспокоясь о необходимости постоянной чистки стекла. Это достигается за счет создания конвекционной системой воздушного потока, который перекрывает продуктам горения «‎доступ» к стеклу, а затем направляет их сразу в дымоход.\n<h3>3. Сухая сборка</h3>\nУстановка облицовки Kelo осуществляется без использования инструментов, а также клея, что упрощает монтаж. Всего за 2 часа вы получите готовый к эксплуатации камин, который порадует вас и ваших близких.\n<h3>4. Площадь обогрева до 110 м²</h3>\nОблицовка Kelo подходит для обогрева больших помещений, что делает её подходящим выбором для загородных домов, а также бань.\n<h3>5. Толщина облицовки 50 мм</h3>\nУвеличенная толщина материала обеспечивает повышенную теплоемкость, теплоотдачу и долговечность.\n<h3>6. Время теплоотдачи 8 часов</h3>\nПосле окончания топки облицовка Kelo будет продолжать отдавать тепло в течение 8 часов, что позволяет поддерживать комфортную температуру даже в холодные ночи без необходимости постоянно подкидывать дрова, а также контролировать горение. Просто растопите печь днем, а затем отдыхайте в тепле и с комфортом ночью.\n<h3>7. Диаметр дымохода 200 мм</h3>\nОптимальный диаметр дымохода обеспечивает ускоренное удаление дымовых газов и поддерживает повышенную производительность печи-камина.\n<h2>Материал и обработка</h2>\nОблицовка Kelo выполнена из серпентинита, который известен своей прочностью и долговечностью. Обработка «‎шлифовка» придаёт поверхности гладкость и привлекательный вид, а также облегчает уход за камином. Серпентинит также обладает хорошими теплоаккумулирующими свойствами, что делает его оптимальным материалом для теплоотдачи.\n<h2>Влияние камина на микроклимат и атмосферу в доме</h2>\nПечи-камины не только служат источником тепла, но и оказывают влияние на микроклимат в помещении. Их присутствие положительно влияет не только на температурный режим, но и на влажность, а также общее качество воздуха.\n<ul>\n 	<li>Регулирование уровня влажности. Печи-камины способствуют естественному регулированию влажности в воздухе. За счет тепла, образующегося в процессе горения, лишняя влага испаряется. При этом, в отличие от классических радиаторных батарей, во время топки не образуется инфракрасное излучение, поэтому воздух не пересушивается. Это важно в зимний период, когда центральное отопление часто пересушивает воздух. Поддержание нужного уровня влажности способствует улучшению самочувствия, а также снижению риска заболеваний дыхательных путей, нормализует состояние кожи и полезно для аллергиков;</li>\n 	<li>Комфортная температура. Камины обеспечивают не только тепло, но и постоянство температуры в помещении. Это позволяет избежать резких перепадов температуры, что важно для создания комфортной обстановки. Тепло от камина помогает поддерживать оптимальный микроклимат в любой точке дома;</li>\n 	<li>Эстетическое восприятие и психологический комфорт. Наличие камина в доме влияет на общее восприятие пространства. Он создает атмосферу уюта, спокойствия, что положительно сказывается на психоэмоциональном состоянии жильцов. Исследования показывают, что регулярное наблюдение за огнем снижает уровень стресса, повышает общее настроение. Также, за счет уменьшения стресса, улучшает отношения между членами семьи, повышает трудоспособность;</li>\n 	<li>Альтернатива классическим отопительным приборам. Использование камина как альтернативного источника тепла позволяет снизить зависимость от центрального отопления и электроэнергии. В случае отключения электричества или проблем с отоплением камин поможет поддержать комфортную температуру в доме. Кроме того, применение печи-камина позволяет снизить расходы на отопление за счет экономии дров до 30%, поэтому, если купить теплонакопительную печь, она быстро окупит себя.</li>\n</ul>\n&nbsp;\n\nКамин — это не просто элемент интерьера, а важный компонент, который влияет на микроклимат в доме. Выбор правильной печи-камина улучшит ваше самочувствие, повысит качество жизни.",,,taxable,,1,,,0,0,,,,,1,,,,"Для дома, Для дома > Облицовки для каминных топок",,,"https://demo.talkorus.ru/wp-content/uploads/2026/06/bez-imeni-2-6-optimized.jpg, https://demo.talkorus.ru/wp-content/uploads/2026/06/kelo-talkorus.-optimized.webp",,,,,,,,,0,,,"Площадь обогрева","до 110 м²",1,1,Расположение,"Пристенно-угловое, Угловое",1,1,,field_talkorus_tab_description_heading,,field_talkorus_tab_description_content,"Технические данные",field_talkorus_tab_technical_heading,"<p class=""p1""><b>Общие характеристики</b></p>
<p class=""p1"">Время тепловой отдачи</p>
<p class=""p1""><b>................... 12 часов</b></p>
<p class=""p1"">Площадь обогрева</p>
<p class=""p1""><b>................... до 110 м²</b></p>
<p class=""p1""><b>Характеристики топки</b></p>
<p class=""p1"">Модель</p>
<p class=""p1""><b>................... Windo 2 95 DX</b></p>
<p class=""p1"">Тепловая мощность</p>
<p class=""p1""><b>................... 14 кВт</b></p>
<p class=""p1"">Диаметр дымохода</p>
<p class=""p1""><b>................... 200 мм</b></p>
<p class=""p1""><b>Характеристики облицовки</b></p>
<p class=""p1"">Порода камня</p>
<p class=""p1""><b>................... Серпентинит</b></p>
<p class=""p1"">Вид обработки</p>
<p class=""p1""><b>................... ШЛИФОВКА</b></p>
<p class=""p1"">Толщина облицовки</p>
<p class=""p1""><b>................... 50 мм</b></p>",field_talkorus_tab_technical_content,"Размеры и вес",field_talkorus_tab_dimensions_heading,"<p class=""p1"">Высота</p>
<p class=""p1""><b>................... 2400 мм</b></p>
<p class=""p1"">Ширина</p>
<p class=""p1""><b>................... 2040 мм</b></p>
<p class=""p1"">Глубина</p>
<p class=""p1""><b>................... 1070 мм</b></p>
<p class=""p1"">Вес</p>
<p class=""p1""><b>................... 1276 кг</b></p>",field_talkorus_tab_dimensions_content,,field_talkorus_tab_cut_content,,field_talkorus_tab_scheme_content,,field_talkorus_tab_purpose_content,,field_talkorus_tab_advantages_content,,field_talkorus_tab_docs_content,,field_talkorus_tab_video_content,,field_talkorus_tab_projects_content,4,field_talkorus_product_features,2400,field_69f20d9c512d1,688,field_talkorus_product_feature_icon,"Сухая сборка за 2 часа",field_talkorus_product_feature_title,686,field_talkorus_product_feature_icon,"Эффективная конвекция",field_talkorus_product_feature_title,685,field_talkorus_product_feature_icon,"Система ""Чистое стекло""",field_talkorus_product_feature_title,687,field_talkorus_product_feature_icon,"Облицовка Talkorus",field_talkorus_product_feature_title,Стиль,Эксклюзив,1,1
675,simple,,,"Теплонакопительная облицовка Virta 1820 Premium S для сквозной каминной топки",1,0,visible,,"Камин — это не просто источник тепла, но и важный элемент интерьера, который способен преобразить любое пространство. Облицовка Virta 1820 Premium S для сквозной каминной топки Liseo L5 DF представляет собой сочетание стиля, практичности и энергоэффективности. Прямоугольная вертикальная форма, а также сдержанный дизайн делают эту облицовку универсальным решением для любого стиля интерьера, от классики до современного минимализма. Поэтому купить теплонакопительную облицовку Virta 1820 Premium S — значит внести в дом уют, а также элегантность.\n<h2>Технические характеристики Virta 1820 Premium S</h2>\n<h3>Сухая сборка за 2 часа</h3>\nТехнология сухой сборки по технологии «‎конструктор» позволяет установить облицовку всего за 2 часа. Это сокращает время, необходимое для монтажа, а также минимизирует сложности, связанные с выполнением строительных работ. Легкость установки делает облицовку доступной для всех — даже тех, у кого нет опыта в строительстве. Также не потребуются сложные инструменты или специальные навыки.\n<h3>Энергоэффективная конвекция</h3>\nОблицовка Virta 1820 Premium S обеспечивает повышенную эффективность конвекции, что позволяет равномерно распределить тепло по всему помещению. Это особенно важно для создания комфортного климата в вашем доме. Классические отопительные приборы отапливают только зону вокруг себя, а также увеличивают риск появления холодных зон.\n\nТакже конвекционная система способствует ускоренному прогреву воздуха, что делает камин оптимальным решением для обогрева даже больших помещений.\n<h3>Система «‎Чистое стекло»</h3>\nЭта система, в сочетании с конвекционной системой, защищает от накопления копоти и сажи (на стекле, а также на внутренних стенках дымохода). Это значительно упрощает уход за камином, позволяя уменьшить время на его чистку.\n<h3>Площадь обогрева до 60 м²</h3>\nОблицовка Virta 1820 Premium S способна обогревать площади до 60 м². Это делает ее идеальной для использования в различных типах помещений — от небольших дачных домиков до просторных загородных домов. Такая энергоэффективность обогрева позволяет создавать комфортные условия в течение всего отопительного сезона.\n\nКонструкция топки обеспечивает повышенный КПД до 82%, практически полное сгорание топлива, а также моментальное начало теплоотдачи. В помещении будет теплее уже через несколько минут, а через 4-5 часов даже большое помещение площадью до 60 квадратных метров прогреется полностью.\n<h3>Толщина облицовки 50 мм</h3>\nОптимальная толщина 50 мм обеспечивает увеличенную теплоаккумуляцию, а также долговечность конструкции. То есть, такая толщина камня позволяет максимизировать накопление тепла в печи, достичь максимальной теплоотдачи, что делает облицовку не только стильной, но и функциональной.\n<h3>Время теплоотдачи до 12 часов</h3>\nГлавное преимущество облицовки — длительное время теплоотдачи — до 12 часов. После окончания горения камин продолжает обогревать помещение, что обеспечивает экономию на отоплении.\n<h3>Увеличенный диаметр дымохода 180 мм</h3>\nУвеличенный диаметр дымохода в 150 мм обеспечивает ускоренное отведение дыма, дымовых газов, что делает использование камина безопасным, а также комфортным. Также это упрощает процесс установки и подключения камина.\n<h2>Материал облицовки: серпентинит в обработке «премиум»</h2>\nОблицовка Virta 1820 Premium S выполнена из серпентинита с премиум обработкой. Это придаёт ей не только эстетичность за счет естественной текстуры натурального камня, но и отличные технические характеристики. Серпентинит — это природный камень, обладающий повышенной теплоемкостью и долговечностью. Он отлично сохраняет тепло, а затем постепенно отдаёт его в помещение, что делает камин более энергоэффективным в обогреве.\n\nПольза использования серпентинита заключается не только в его физических свойствах, но и в его природной красоте. Каждое изделие неповторимо, а обработанная поверхность камня блестит и придаёт облицовке элегантный, современный вид. Такой камин станет не только источником тепла, но и акцентом в вашем интерьере. А прикасаться к обработанному натуральному камню — отдельное удовольствие.\n<h2>Камин — не только про тепло: купить печь-камин и забыть о стрессе</h2>\nИспользование камина в доме не только приносит тепло, но и создает атмосферу уюта и спокойствия. Пламя огня способно расслабить, успокоить, что важно в условиях постоянного стресса и напряжения. Камин становится местом, где можно собраться с семьей, друзьями, поделиться впечатлениями или просто насладиться общением.\n\nИсследования показывают, что мягкое тепло, а также свет огня положительно влияют на эмоциональное состояние человека, способствуя снижению уровня тревожности и стресса. Вечера у камина станут прекрасной традицией, приносящей радость, спокойствие. К тому же, камин будет служить отличным фоном для чтения книг, просмотра фильмов или наслаждения чашечкой горячего шоколада.\n\nКамин с облицовкой Virta 1820 Premium S станет не только функциональным решением для обогрева вашего дома, но и важной частью домашней культуры. Он создаст уют для вас, а также ваших близких. Его сдержанный стиль, элегантный дизайн помогут сделать акцент в интерьере, а улучшенные характеристики — обеспечить эффективное и долговременное отопление.\n<h2>Virta 1820 Premium S — гибкость в дизайне и размещении</h2>\nПрямоугольная вертикальная форма и сдержанный дизайн облицовки позволяют легко интегрировать её в любой стиль интерьера, будь то классика, современный минимализм или лофт. Это решение подходит для любого пространства, позволяя создавать уникальные комбинации дизайнерских решений в одном помещении. Кроме того, за счет небольших размеров в сравнении с другими моделями облицовка Virta 1820 Premium S экономит пространство и предоставляет дополнительные возможности для оформления помещения.",,,taxable,,1,,,0,0,,,,,1,,,,"Для дома, Для дома > Облицовки для каминных топок",,,"https://demo.talkorus.ru/wp-content/uploads/2026/06/virta-1820-premium-s.talkorus-1-optimized.webp, https://demo.talkorus.ru/wp-content/uploads/2026/06/virta-1820-premium-s.talkorus-3-optimized.webp, https://demo.talkorus.ru/wp-content/uploads/2026/06/virta-1820-premium-s.talkorus-2-optimized.webp",,,,,,,,,0,,,"Площадь обогрева","до 110 м²",1,1,Расположение,"Островное, Сквозное",1,1,,field_talkorus_tab_description_heading,,field_talkorus_tab_description_content,"Технические данные",field_talkorus_tab_technical_heading,"<p class=""p1""><b>Общие характеристики</b></p>
<p class=""p1"">Время тепловой отдачи</p>
<p class=""p1""><b>................... 12 часов</b></p>
<p class=""p1"">Площадь обогрева</p>
<p class=""p1""><b>................... до 110 м²</b></p>
<p class=""p1""><b>Характеристики топки</b></p>
<p class=""p1"">Модель</p>
<p class=""p1""><b>................... Liseo L5 DF</b></p>
<p class=""p1"">Тепловая мощность</p>
<p class=""p1""><b>................... 14 кВт</b></p>
<p class=""p1"">Диаметр дымохода</p>
<p class=""p1""><b>................... 150 мм</b></p>
<p class=""p1""><b>Характеристики облицовки</b></p>
<p class=""p1"">Порода камня</p>
<p class=""p1""><b>................... Серпентинит</b></p>
<p class=""p1"">Вид обработки</p>
<p class=""p1""><b>................... ПОЛИРОВКА</b></p>
<p class=""p1"">Толщина облицовки</p>
<p class=""p1""><b>................... 50 мм</b></p>",field_talkorus_tab_technical_content,"Размеры и вес",field_talkorus_tab_dimensions_heading,"<p class=""p1"">Высота</p>
<p class=""p1""><b>................... 1820 мм</b></p>
<p class=""p1"">Ширина</p>
<p class=""p1""><b>................... 770 мм</b></p>
<p class=""p1"">Глубина</p>
<p class=""p1""><b>................... 410 мм</b></p>
<p class=""p1"">Вес</p>
<p class=""p1""><b>................... 615 кг</b></p>",field_talkorus_tab_dimensions_content,,field_talkorus_tab_cut_content,,field_talkorus_tab_scheme_content,,field_talkorus_tab_purpose_content,,field_talkorus_tab_advantages_content,,field_talkorus_tab_docs_content,,field_talkorus_tab_video_content,,field_talkorus_tab_projects_content,4,field_talkorus_product_features,1818,field_69f20d9c512d1,688,field_talkorus_product_feature_icon,"Сухая сборка за 2 часа",field_talkorus_product_feature_title,686,field_talkorus_product_feature_icon,"Эффективная конвекция",field_talkorus_product_feature_title,685,field_talkorus_product_feature_icon,"Система ""Чистое стекло""",field_talkorus_product_feature_title,687,field_talkorus_product_feature_icon,"Облицовка Talkorus",field_talkorus_product_feature_title,,,,
679,simple,,,"Теплонакопительная облицовка Grand для каминной топки Ferlux 720",1,0,visible,,"<p class=""p1"">Теплонакопительная облицовка TALKORUS «GRAND» для каминной топки Ferlux 720 (совместима с топками других производителей)</p>\n<p class=""p1"">Облицовка TALKORUS «GRAND» — это теплонакопительный каменный портал для каминной топки формата 720, разработанный как готовое интерьерное решение для частных домов и загородных резиденций. Мы сохранили классические пропорции и архитектурный язык — массивный цоколь, стройные пилястры, выразительный карниз и аккуратная надтопочная полка — и дополнили их современной теплотехникой: каменная масса не только украшает камин, но и работает как аккумулятор тепла, сглаживая перепады температуры и продлевая комфортное послевечернее тепло.</p>\n<p class=""p1""> Для чего нужна теплонакопительная облицовка\nУ стандартного камина с металлической топкой основная отдача идёт конвекцией: помещение быстро прогревается, но столь же быстро остывает после затухания пламени. Каменная облицовка «GRAND» добавляет лучистый компонент и тепловую инерцию. Пока огонь разгоряется, топка отдаёт энергию камню; далее тёплые плоскости портала долго и мягко излучают тепло. Домочадцы чувствуют комфорт без жёстких потоков горячего воздуха, а система отопления получает меньше пиковых нагрузок.</p>\n<p class=""p1""> Архитектура и внешний вид\nВизуальный код «GRAND» — это благородная классика без лишнего декора. Облицовка строится на базе портала с пилястрами по краям, ритмично разбивающими высоту, и рельефным карнизом с тенью по периметру. Широкая надтопочная полка служит функциональным акцентом: на неё удобно поставить аксессуары, биокерамические ёмкости для аромата или компактные элементы декора. Цоколь отделён горизонтальным поясом — камин визуально «стоячий», устойчивый и собранный. Зазоры обдува и технологические швы максимально скрыты в архитектуре: теплоотвод работает, при этом ничего не отвлекает от камня и огня. По запросу возможны версии с облегчённой геометрией, прямой полкой, расширенным портальным проёмом, а также с контрастными вставками или «рваным» камнем в филёнках.</p>\n<p class=""p1""> Материалы и отделка\nМы применяем проверенные породы: талькомагнезит, талькохлорит и серпентинит. Все три материала имеют высокую теплоёмкость, устойчивы к термоциклам и красивы в отделке. Для «GRAND» чаще выбирают шлифовку или обработку «антик» (щёточная фактура с мягким блеском), но доступны и варианты с частичной полировкой карниза/кромок, а также с декоративной фрезеровкой. На производстве мы строго контролируем геометрию: кромки сняты фаской, модули портала подогнаны, швы ровные. Камень поставляется из стабильных месторождений и проходит входной контроль на микротрещины и расслоение.</p>\n<p class=""p1""> Совместимость и замена кассеты\nБазовая версия рассчитана на топку Ferlux 720. Однако конструкция модульная — мы адаптируем портал под топки других производителей без изменения общего образа. Возможна установка изделий Laudel, Kaw-Met, Kratki, Schmid, Nordpeis, а также российских и белорусских марок — при условии предоставления паспорта-размера топки. Мы корректируем ширину и высоту портального окна, глубину посадки, отступы для конвекционного обдува, точки крепления декоративной рамки и технологические вырезы под дымоход/рекуперацию. При необходимости изготовим переходные и маскирующие рамки, чтобы посадка была плотной и аккуратной, а тепловые зазоры соблюдались по паспорту.</p>\n<p class=""p1""> Теплотехника и безопасность\nКаменному порталу важно, чтобы он был не просто «красивой оболочкой», а корректно работал с топкой. В «GRAND» предусмотрены:\n— тепловые зазоры до металла и до ограждающих конструкций;\n— каналы естественной конвекции (впуск/выпуск) с скрытой интеграцией в архитектуру;\n— возможность установки деформационных прокладок из негорючих материалов в узлах стыкования;\n— модульная задняя стенка для аккуратного сопряжения с дымоходом.\nПри грамотном монтаже каменная масса работает как буфер: снижает пиковые температуры обшивки, сглаживает динамику нагрева и исключает эффект перегретых металлических плоскостей. Внимание: все работы по подключению дымохода и обвязке выполняются лицензированным подрядчиком в соответствии с СП и паспортами оборудования.</p>\n<p class=""p1""> Монтаж и основание\nВес теплонакопительного портала ощутим. Нужна ровная, несущая площадка (бетонная стяжка/плита) и проверка допустимых нагрузок перекрытия. Мы поставляем сборный комплект: цокольные модули, пилястры, филёнки, карниз, доборы. Сборка ведётся по схеме, все элементы промаркированы. При необходимости выполним подрезку по месту и подготовим комплект декоративных рамок под выбранную топку. Для чистовой отделки достаточно сухой уборки и протирки камня мягкой салфеткой; агрессивные химические средства не требуются.</p>\n<p class=""p1""> Эксплуатация и уход\nКамень долговечен и неприхотлив. Фактура «антик» особенно практична — отпечатки и небольшие следы копоти менее заметны. Периодически выполняйте сухую уборку, используйте мягкие неабразивные средства. Если на плоскость попали капли смолы/сажи, их легко удалить специализированными очистителями для камня. Тыльные полости портала остаются доступными для ревизии — это упрощает обслуживание и продлевает ресурс системы.</p>\n<p class=""p1""> Варианты персонализации\n— выбор породы: талькомагнезит, талькохлорит, серпентинит;\n— финиш: шлифовка, антик, частичная полировка, декоративная фрезеровка;\n— конфигурация карниза и пилястр (строгие/фасетные/с филёнками);\n— расширенная полка, добавочный верхний карниз или боковые доборы в линию с порталом;\n— контрастные вставки (например, полированный карниз на фоне антика) или элементы «рваного камня» в филёнках.</p>\n<p class=""p1""> Что получает владелец\n— Камин, который не только красив, но и долго греет за счёт каменной инерции;\n— Классическую архитектуру, уместную и в «шале», и в модерне;\n— Свободу выбора: можно заменить кассету на другой бренд без перестройки интерьера;\n— Надёжность и ресурс: натуральный камень достойно переносит термоциклы.</p>\n<p class=""p1""> Итог</p>\n<p class=""p1"">TALKORUS «GRAND» — это тёплый каменный портал для Ferlux 720, который при необходимости адаптируется под любую другую топку сопоставимого формата. Вы получаете архитектуру, теплотехнику и долговечность в одном изделии. Хотите другой размер, финиш или посадку под конкретную кассету — мы изготовим комплект под ваш проект и обеспечим аккуратный монтаж.</p>",,,taxable,,1,,,0,0,,,,,1,,,,"Для дома, Для дома > Облицовки для каминных топок",,,"https://demo.talkorus.ru/wp-content/uploads/2026/06/grand.talkorus-1-optimized.webp, https://demo.talkorus.ru/wp-content/uploads/2026/06/grand.talkorus-2-optimized.webp",,,,,,,,,0,,,"Площадь обогрева","до 110 м²",1,1,Расположение,"Островное, Пристенное",1,1,,field_talkorus_tab_description_heading,,field_talkorus_tab_description_content,"Технические данные",field_talkorus_tab_technical_heading,"<p class=""p1""><b>Общие характеристики</b></p>
<p class=""p1"">Время тепловой отдачи</p>
<p class=""p1""><b>................... 12 часов</b></p>
<p class=""p1"">Площадь обогрева</p>
<p class=""p1""><b>................... до 110 м²</b></p>
<p class=""p1""><b>Характеристики топки</b></p>
<p class=""p1"">Модель</p>
<p class=""p1""><b>................... Ferlux 720</b></p>
<p class=""p1"">Тепловая мощность</p>
<p class=""p1""><b>................... 12 кВт</b></p>
<p class=""p1"">Диаметр дымохода</p>
<p class=""p1""><b>................... 200 мм</b></p>
<p class=""p1""><b>Характеристики облицовки</b></p>
<p class=""p1"">Порода камня</p>
<p class=""p1""><b>................... Талькомагнезит</b></p>
<p class=""p1"">Вид обработки</p>
<p class=""p1""><b>................... ШЛИФОВКА</b></p>
<p class=""p1"">Толщина облицовки</p>
<p class=""p1""><b>................... 50 мм</b></p>",field_talkorus_tab_technical_content,"Размеры и вес",field_talkorus_tab_dimensions_heading,"<p class=""p1"">Высота</p>
<p class=""p1""><b>................... 1800 мм</b></p>
<p class=""p1"">Ширина</p>
<p class=""p1""><b>................... 1520 мм</b></p>
<p class=""p1"">Глубина</p>
<p class=""p1""><b>................... 940 мм</b></p>
<p class=""p1"">Вес</p>
<p class=""p1""><b>................... 1870 кг</b></p>",field_talkorus_tab_dimensions_content,,field_talkorus_tab_cut_content,,field_talkorus_tab_scheme_content,,field_talkorus_tab_purpose_content,,field_talkorus_tab_advantages_content,,field_talkorus_tab_docs_content,,field_talkorus_tab_video_content,,field_talkorus_tab_projects_content,4,field_talkorus_product_features,1800,field_69f20d9c512d1,688,field_talkorus_product_feature_icon,"Сухая сборка за 2 часа",field_talkorus_product_feature_title,686,field_talkorus_product_feature_icon,"Эффективная конвекция",field_talkorus_product_feature_title,685,field_talkorus_product_feature_icon,"Система ""Чистое стекло""",field_talkorus_product_feature_title,687,field_talkorus_product_feature_icon,"Облицовка Talkorus",field_talkorus_product_feature_title,,,,
682,simple,,,"Теплонакопительная облицовка Аякс для каминной топки Ferlux 720 призма, угловая",1,0,visible,,"Теплонакопительная облицовка Аякс для каминной топки Ferlux 720 призма — это идеальный акцент для вашего интерьера. Она не только красиво выглядит, но и эффективно сохраняет тепло, обеспечивая комфортную температуру воздуха.\n\nТалькорус может изготовить любое дизайнерское решение, поэтому вы сможете получить нестандартную печь, которая подойдет даже к самому вычурному интерьеру. Установка не занимает много времени, что позволяет быстро насладиться результатом. Аякс — это не просто камень, а целая философия уюта, которая преобразит ваше пространство, добавив в него гармонии.\n<h2>Основные характеристики, особенности облицовки Аякс</h2>\n<h3>1. Материал</h3>\nВ качестве облицовочного материала используется талькомагнезит, который обладает повышенной теплоемкостью и увеличенным сроком службы. Этот материал обеспечивает повышенные теплоаккумуляционные свойства, придает облицовке эстетически приятный внешний вид благодаря шлифованной поверхности. Вы можете как купить теплонакопительную облицовку в представленном дизайне, так и заказать персональный проект по вашим предпочтениям с учетом уже имеющихся элементов интерьера.\n<h3>2. Сухая сборка</h3>\nСборка выполняется за 2 часа без использования специальных строительных материалов, растворов, а также клея. Принцип сборки — как конструктор. Все детали крепятся на алюминиевых направляющих, при совмещении образуют надежную, устойчивую конструкцию, где каждая деталь поддерживает другую. Это позволяет уменьшить время, а также расходы на монтаж.\n<h3>3. Эффективная конвекция</h3>\nОблицовка Аякс разработана с применением современной технологии конвекции воздуха, что обеспечивает равномерное распределение тепла по всему помещению. Поэтому площадь до 110 м² прогревается всего за 4-6 часов.\n<h3>4. Система «‎Чистое стекло»</h3>\nУникальная система, которая предотвращает образование сажи, налета на стекле каминной топки. Это упрощает уход за камином, а также сохраняет его чистоту.\n<h3>5. Толщина облицовочного камня</h3>\nТолщина 50 мм обеспечивает увеличенную теплоемкость камина, что позволяет аккумулировать тепло, а затем постепенно отдавать его в окружающую среду (чем больше толщина облицовки — тем больше тепла может накопить камень).\n<h3>6. Время теплоотдачи</h3>\nКамень сохраняет тепло до 6-8 часов после последнего подбрасывания дров. Поэтому наши клиенты используют ее для обогрева в холодное время года, особенно ночью, при этом не нужно поддерживать горение.\n<h3>7. Диаметр дымохода</h3>\nПредусмотрено отверстие для дымохода диаметром 200 мм, что обеспечивает нормальный отвод дыма, продуктов горения, предотвращает их накопление в помещении.\n<h3>8. Возможность хранения дров и вещей</h3>\nС правой стороны облицовки предусмотрена удобная полка, на которой можно разместить декор или необходимые аксессуары. С обратной стороны расположена ниша для укладки дров, что облегчает их хранение и эксплуатацию печи — можно заранее заготовить дрова, а затем подкидывать их в топку, не отходя от печи.\n<h2>Преимущества облицовки Аякс</h2>\n<ul>\n 	<li>Экономия времени и усилий. Быстрая установка, легкость эксплуатации делают облицовку лучшим решением для тех, кто ценит время;</li>\n 	<li>Эстетика, практичность, функциональность. Монументальный, но сдержанный дизайн в сочетании с природным камнем обеспечивают гармоничное сочетание внешнего вида и практичности. А если поставить на полки декоративные элементы или аксессуары, это добавит индивидуальности вашему пространству;</li>\n 	<li>Износостойкость камня. Талькомагнезит, использованный в облицовке, обладает высокой устойчивостью к высоким температурам, механическим повреждениям, а также не трескается при нагревании.</li>\n</ul>\n<h2>Что любят клиенты в  теплонакопительной облицовке Талькорус</h2>\nКамин — это не просто отопительный прибор в гостиной. Это ещё и место «сбора» семьи и друзей, центр тепла и уюта. Однако чтобы нахождение у камина было не только приятным, но и полезным для здоровья, необходимо обратить внимание на материалы, из которых изготовлен отопительный прибор, — чтобы было тепло и не было инфракрасного излучения. Для этого и нужна теплонакопительная облицовка, которая была разработана с учётом современных требований к безопасности отопительных приборов. Помимо вышеперечисленных преимуществ наши клиенты выделяют следующие факторы:\n<ol>\n 	<li>Экономия дров до 30%;</li>\n 	<li>Удобство и эстетика;</li>\n 	<li>Улучшение самочувствия в результате воздействия тепла печи;</li>\n 	<li>Лёгкость ухода, долговечность.</li>\n</ol>\n<h3>Экономия дров до 30%</h3>\nЗа счет того, что тепло в камне сохраняется даже после окончания горения, не нужно постоянно подкидывать дрова, достаточно один раз растопить печь.\n<h3>Удобство, эстетика</h3>\nС помощью облицовки Аякс можно создать не только функциональное, но и атмосферное пространство. Благодаря современному дизайну вы сможете наслаждаться не только теплом, но и интерьером, который станет отличным фоном для вашего отдыха с друзьями или семьей.\n<h3>Здоровье и расслабление</h3>\nМягкое тепло, образующееся при нагревании природного камня, создает комфортную атмосферу, которая расслабляет и ускоряет восстановление после физических и умственных нагрузок. Тепло, аккумулируемое камнем, проникает в тело, помогая снять напряжение, улучшить кровообращение. Также оно способствует общему оздоровлению. Такой подход делает семейные посиделки не только приятными, но и полезными для здоровья.\n<h3>Легкость ухода в сочетании с долговечностью</h3>\nУход за камином с фасадом из теплонакопительного камня не требует усилий. Благодаря системе «‎Чистое стекло», которая предотвращает образование сажи и налета, вам не придется тратить много времени на поддержание порядка. Кроме того, долговечность материалов гарантирует срок службы банной печи до 5 лет без потери характеристик. А за счет специальной технологии сборки любой элемент печи можно заменить — если потребовался ремонт или просто хочется обновить фасад печи. Вся печь при этом замены не требует.",,,taxable,,1,,,0,0,,,,,1,,,,"Для дома, Для дома > Облицовки для каминных топок",,,"https://demo.talkorus.ru/wp-content/uploads/2026/06/1-optimized.webp, https://demo.talkorus.ru/wp-content/uploads/2026/06/2-optimized.webp",,,,,,,,,0,,,"Площадь обогрева","до 110 м²",1,1,Расположение,"Пристенно-угловое, Угловое",1,1,,field_talkorus_tab_description_heading,,field_talkorus_tab_description_content,"Технические данные",field_talkorus_tab_technical_heading,"<p class=""p1""><b>Общие характеристики</b></p>
<p class=""p1"">Время тепловой отдачи</p>
<p class=""p1""><b>................... 12 часов</b></p>
<p class=""p1"">Площадь обогрева</p>
<p class=""p1""><b>................... до 110 м²</b></p>
<p class=""p1""><b>Характеристики топки</b></p>
<p class=""p1"">Модель</p>
<p class=""p1""><b>................... Ferlux 720 prisma</b></p>
<p class=""p1"">Тепловая мощность</p>
<p class=""p1""><b>................... 12 кВт</b></p>
<p class=""p1"">Диаметр дымохода</p>
<p class=""p1""><b>................... 200 мм</b></p>
<p class=""p1""><b>Характеристики облицовки</b></p>
<p class=""p1"">Порода камня</p>
<p class=""p1""><b>................... Талькомагнезит</b></p>
<p class=""p1"">Вид обработки</p>
<p class=""p1""><b>................... ШЛИФОВКА</b></p>
<p class=""p1"">Толщина облицовки</p>
<p class=""p1""><b>................... 50 мм</b></p>",field_talkorus_tab_technical_content,"Размеры и вес",field_talkorus_tab_dimensions_heading,"<p class=""p1"">Высота</p>
<p class=""p1""><b>................... 1750 мм</b></p>
<p class=""p1"">Ширина</p>
<p class=""p1""><b>................... 2300 мм</b></p>
<p class=""p1"">Глубина</p>
<p class=""p1""><b>................... 1000 мм</b></p>
<p class=""p1"">Вес</p>
<p class=""p1""><b>................... 1514 кг</b></p>",field_talkorus_tab_dimensions_content,,field_talkorus_tab_cut_content,,field_talkorus_tab_scheme_content,,field_talkorus_tab_purpose_content,,field_talkorus_tab_advantages_content,,field_talkorus_tab_docs_content,,field_talkorus_tab_video_content,,field_talkorus_tab_projects_content,4,field_talkorus_product_features,1750,field_69f20d9c512d1,688,field_talkorus_product_feature_icon,"Сухая сборка за 2 часа",field_talkorus_product_feature_title,686,field_talkorus_product_feature_icon,"Эффективная конвекция",field_talkorus_product_feature_title,685,field_talkorus_product_feature_icon,"Система ""Чистое стекло""",field_talkorus_product_feature_title,687,field_talkorus_product_feature_icon,"Облицовка Talkorus",field_talkorus_product_feature_title,,,,
