ID,Тип,Артикул,"GTIN, UPC, EAN или ISBN",Имя,Опубликован,Рекомендуемый?,Видимость в каталоге,Краткое описание,Описание,Дата начала действия скидки,Дата окончания действия скидки,Статус налога,Налоговый класс,Наличие,Запасы,Величина малых запасов,Возможен ли предзаказ?,Продано индивидуально?,Вес (кг),Длина (мм),Ширина (мм),Высота (мм),Разрешить отзывы от клиентов?,Примечание к покупке,Акционная цена,Базовая цена,Категории,Метки,Класс доставки,Изображения,Лимит скачивания,Дней срока скачивания,Родительский,Сгруппированные товары,Апсэлы,Кросселы,Внешний URL,Текст кнопки,Позиция,Swatches Attributes,Бренды,Название атрибута 1,Значения атрибутов 1,Видимость атрибута 1,Глобальный атрибут 1,Название атрибута 5,Значения атрибутов 5,Видимость атрибута 5,Глобальный атрибут 5,Атрибут 5 по умолчанию,Мета: height_mm,Мета: _height_mm,Название атрибута 2,Значения атрибутов 2,Видимость атрибута 2,Глобальный атрибут 2,Название атрибута 3,Значения атрибутов 3,Видимость атрибута 3,Глобальный атрибут 3,Атрибут 3 по умолчанию,Название атрибута 4,Значения атрибутов 4,Видимость атрибута 4,Глобальный атрибут 4,Атрибут 4 по умолчанию,Мета: talkorus_tab_description_heading,Мета: _talkorus_tab_description_heading,Мета: talkorus_tab_description_content,Мета: _talkorus_tab_description_content,Мета: talkorus_tab_technical_heading,Мета: _talkorus_tab_technical_heading,Мета: talkorus_tab_technical_content,Мета: _talkorus_tab_technical_content,Мета: talkorus_tab_dimensions_heading,Мета: _talkorus_tab_dimensions_heading,Мета: talkorus_tab_dimensions_content,Мета: _talkorus_tab_dimensions_content,Мета: talkorus_tab_cut_content,Мета: _talkorus_tab_cut_content,Мета: talkorus_tab_scheme_content,Мета: _talkorus_tab_scheme_content,Мета: talkorus_tab_purpose_content,Мета: _talkorus_tab_purpose_content,Мета: talkorus_tab_advantages_content,Мета: _talkorus_tab_advantages_content,Мета: talkorus_tab_docs_content,Мета: _talkorus_tab_docs_content,Мета: talkorus_tab_video_content,Мета: _talkorus_tab_video_content,Мета: talkorus_tab_projects_content,Мета: _talkorus_tab_projects_content,Мета: talkorus_product_features_0_icon,Мета: _talkorus_product_features_0_icon,Мета: talkorus_product_features_0_title,Мета: _talkorus_product_features_0_title,Мета: talkorus_product_features_1_icon,Мета: _talkorus_product_features_1_icon,Мета: talkorus_product_features_1_title,Мета: _talkorus_product_features_1_title,Мета: talkorus_product_features_2_icon,Мета: _talkorus_product_features_2_icon,Мета: talkorus_product_features_2_title,Мета: _talkorus_product_features_2_title,Мета: talkorus_product_features_3_icon,Мета: _talkorus_product_features_3_icon,Мета: talkorus_product_features_3_title,Мета: _talkorus_product_features_3_title,Мета: talkorus_product_features,Мета: _talkorus_product_features
279,simple,,,Теплонакопительная печь-камин Карелочка LUX,-1,0,visible,,"<h2 class=""p1"">Печь-камин «Карелочка Lux» — серпентинит, полировка</h2>\n<p class=""p1"">«Карелочка Lux» — теплонакопительная печь‑камин TALKORUS для небольших домов и дачных сценариев, когда важно быстро выйти на комфорт и затем удерживать тепло инерцией камня. Габариты корпуса — 1040×600×660 мм: модель остаётся компактной по посадке, но работает «по‑взрослому» за счёт сочетания стального несущего блока, разборного шамотного топливника и облицовки из серпентинита.</p>\n\n<h2 class=""p1"">Дизайн и архитектура</h2>\n<p class=""p1"">Визуально это аккуратный прямоугольный монолит с выраженной «крышкой» и нижним подиумом. Фасад читается строго: широкие плоскости камня, тонкие горизонтальные стыки рядов и топочная дверца, утопленная в рамку. Полированная обработка работает как «витрина» для рисунка породы: появляются аккуратные переливы, а поверхность выглядит строже и наряднее — хороший вариант для современного интерьера и светлых отделок. Печь выглядит цельно и не перегружает интерьер — особенно там, где рядом дерево, штукатурка, бетон или натуральный камень.</p>",,,taxable,,1,,,0,0,,,,,1,,,201540,"Для дома, Для дома > Печи-камины Talkorus, Для дома > Печи-камины Talkorus > Серия Карелочка",,,"https://demo.talkorus.ru/wp-content/uploads/2026/05/teplonakopitelnaya-pech-kamin-karelochka-lux-talkorus-2-768x573-optimized.webp, https://demo.talkorus.ru/wp-content/uploads/2026/05/teplonakopitelnaya-pech-kamin-karelochka-lux-talkorus-3-768x573-optimized.webp, https://demo.talkorus.ru/wp-content/uploads/2026/05/teplonakopitelnaya-pech-kamin-karelochka-lux-talkorus-1-1-768x573-optimized.webp",,,,,,,,,0,,,Площадь обогрева,30-60 м²,1,1,,,,,,1040,field_69f20d9c512d1,Стиль,Модерн,1,1,Возможность готовить,Нет,1,1,,Расположение,Пристенное,1,1,,,,,,,,,,,,,,,,,,,,,,,,,,,,,,,,,,,,,,,,,,,,,
283,simple,,,Теплонакопительная печь-камин  Kreivi 25/1800 SL,-1,0,visible,,"<p class=""p1"">• Назначение: обогрев помещений 60–100 м²\n• Мощность: 25 кВт\n• Материал: серпентинит, полированная обработка\n• Габариты (В×Ш×Г): 1800 × 1730/1000 × 870 мм\n• Компоновка: каминный модуль + встроенный дровяник (ступенчатые ниши)</p>\n<p class=""p1"">«Kreivi 25/1800 SL» — старший представитель семейства теплонакопительных печей-каминов TALKORUS, рассчитанный на уверенный прогрев домов площадью от 60 до 100 м². Это архитектурный объект с полноценной каменной инерцией и мощным фронтом огня: в активной фазе вы получаете зрелищное пламя и быстрый разгон объёма, а после прогорания закладки пространство ещё долго держит мягкое, равномерное тепло без «пилообразной» динамики.</p>\n<p class=""p1"">Принцип работы теплонакопительной конструкции\nКлюч к характеру «Kreivi» — массив облицовки из натурального серпентинита. Полированные панели образуют каминный «монолит» вокруг топочного блока. Во время горения камень принимает на себя избыточную энергию и запасает её; когда активная фаза заканчивается, массив отдаёт накопленное мягким инфракрасным излучением, выравнивая температурный фон. В результате воздух не пересушивается, стены не перегреваются точечно, а ощущение тепла сохраняется многие часы.</p>\n<p class=""p1"">Материал и финиш\nСерпентинит — прочная, стабильная порода с глубокой тёмно-зелёной гаммой и выразительным природным рисунком. Полировка раскрывает графику камня, усиливает светотеневой контраст и придаёт поверхности статусный блеск. Такой финиш легко поддерживать: достаточно мягкой сухой или слегка влажной салфетки без абразивов и кислот. По тактильным ощущениям полированный камень остаётся «тёплым» и гладким, не цепляет светильники бликами — фаски и радиусы корректно «снимают» лишний блик.</p>\n<p class=""p1"">Дизайн и компоновка: камин с дровяником\nФирменный силуэт «Kreivi» — высокий каминный объём, дополненный ступенчатым блоком дровяника слева. В нишах удобно хранить сухие поленья, сортировать порционные заготовки и выкладывать растопку; при этом камень вокруг ниш сохраняет монолитность и не перегружает фасад. Такая компоновка решает сразу две задачи: практику (топливо всегда под рукой) и архитектуру (ступени визуально «привязывают» камин к горизонтам комнаты). Широкая дверца со стеклом открывает панорамный вид на огонь и формирует эмоциональный центр гостиной.</p>\n<p class=""p1"">Габариты и размещение\nВысота 1800 мм создаёт выразительную вертикаль, а ширина 1730/1000 мм и глубина 870 мм обеспечивают устойчивое основание и комфортную посадку у капитальной стены. При проектировании закладывают ровную прочную базу, компенсационные зазоры до стен и негорючую площадку перед дверцей. Вертикальный дымоход выводится вверх; доступ к ревизии каналов и топочного блока предусмотрен спереди и сбоку.</p>\n<p class=""p1"">Тепловое поведение и режимы\nНоминальная мощность 25 кВт позволяет быстро прогревать холодный дом и уверенно держать температуру в морозные дни. В активной фазе грамотная естественная конвекция вокруг корпуса ускоряет разгон объёма; после затухания закладки массив серпентинита продолжает работать как большой аккумулятор — теплоотдача мягкая, равномерная, без перегрева локальных зон. Это особенно заметно в открытых планировках и помещениях с высоким потолком: комфорт держится «длинной волной», а не скачками.</p>",,,taxable,,1,,,0,0,,,,,1,,,772300,"Для дома, Для дома > Печи-камины Talkorus, Для дома > Печи-камины Talkorus > Серия Лапландия",,,"https://demo.talkorus.ru/wp-content/uploads/2026/05/pech-kamin-krevi-20-1800-talkorus-1-768x560-optimized.webp, https://demo.talkorus.ru/wp-content/uploads/2026/05/pech-kamin-krevi-20-1800-talkorus-4-768x560-optimized.webp, https://demo.talkorus.ru/wp-content/uploads/2026/05/pech-kamin-krevi-20-1800-talkorus-3-768x560-optimized.webp, https://demo.talkorus.ru/wp-content/uploads/2026/05/pech-kamin-krevi-20-1800-talkorus-2-768x560-optimized.webp",,,,,,,,,0,,,Площадь обогрева,60-100 м²,1,1,,,,,,1800,field_69f20d9c512d1,Стиль,Модерн,1,1,Возможность готовить,Нет,1,1,,Расположение,Пристенное,1,1,,,,,,,,,,,,,,,,,,,,,,,,,,,,,,,,,,,,,,,,,,,,,
288,simple,,,Теплонакопительная печь-камин TYNNYRI PREMIUM/15/1550,-1,0,visible,,"Печь-камин TYNNYRI PREMIUM -1/15/1550-P1 длительного горения для загородного дома.\n\nТеплонакопительная печь-камин TYNNYRI из природного камня.  Облицована талькомагнезитом. Пройдя по ссылке вы увидите фактуру камня.\n\nОблицевать наши печи камины можно природными камнями на выбор. Талькомагнезит, серпентинит и lappia silver. Они примерно одинаковые по характеристикам и примерно одинаково накапливают тепло.\n\nОкруглый дизайн подойдет для стиля хай-тек.\n\nТеплонакопительная печь-камин TYNNYRI поставляется комплектом. Конструктивно представляет из себя металлический корпус с шамотной плитой. Облицовка из натурального камня поставляется отдельно в  деревянных ящиках, после разгрузки, вы сможете за день собрать облицовку.\n\nВажно! Учитывайте количество камня. Чем больше вес —  тем больше печь впитает в себя тепла.\n\nРекомендуем подготовиться к установке, затем, заказать камин. Заранее надо подготовить отдельное место. Необходимо сверить вес с допустимой нагрузкой на пол помещения. Облицовка  собирается вокруг уже установленного отопительного прибора на  пластины из алюминиевого сплава, без клеевых составов, сборка называется “сухой”.\n\nЛюбую из наших моделей вы можете изменить. Дровники,полки, подиум,гравировка. Мы удовлетворим ваши пожелания.",,,taxable,,1,,,0,0,,,,,1,,,508090,"Для дома, Для дома > Печи-камины Talkorus, Для дома > Печи-камины Talkorus > Серия Tynnyri",,,https://demo.talkorus.ru/wp-content/uploads/2026/05/talkorus.tynnyri-premium-1-15-1550-p1-768x576-optimized.webp,,,,,,,,,0,,,Площадь обогрева,30-60 м²,1,1,,,,,,1550,field_69f20d9c512d1,Стиль,Модерн,1,1,Возможность готовить,Нет,1,1,,Расположение,Пристенное,1,1,,,,,,,,,,,,,,,,,,,,,,,,,,,,,,,,,,,,,,,,,,,,,
291,simple,,,Теплонакопительная печь-камин  Leikata 20/1720 SL,-1,0,visible,,"<p class=""p1"">• Назначение: обогрев помещений 40–80 м²\n• Мощность: 20 кВт\n• Материал облицовки: серпентинит — комбинированная отделка: корпус «рваный камень», угловые элементы, крышка и подиум — полировка\n• Габариты (В×Ш×Г): 1720 × 900 × 710 мм</p>\n<p class=""p1"">«Leikata 20/1720 SL» — теплонакопительная печь-камин TALKORUS для домов среднего метража. Модель объединяет мощный фронт огня, длительную каменную инерцию и необычную комбинированную отделку: фасадные плоскости имеют текстуру «рваного камня», а угловые элементы, крышка и подиум отполированы. Такой контраст даёт живой, тактильный объём и подчёркивает геометрию без перегруза декором.</p>",,,taxable,,1,,,0,0,,,,,1,,,536520,"Для дома, Для дома > Печи-камины Talkorus, Для дома > Печи-камины Talkorus > Серия Северная Карелия",,,"https://demo.talkorus.ru/wp-content/uploads/2026/05/pech-kamin-leikata-20-talkorus-2-768x573-optimized.webp, https://demo.talkorus.ru/wp-content/uploads/2026/05/pech-kamin-leikata-20-talkorus-3-768x573-optimized.webp, https://demo.talkorus.ru/wp-content/uploads/2026/05/pech-kamin-leikata-20-talkorus-1-768x573-optimized.webp",,,,,,,,,0,,,Площадь обогрева,40-80 м²,1,1,,,,,,1720,field_69f20d9c512d1,Расположение,Пристенное,1,1,Стиль,Модерн,1,1,,Возможность готовить,Нет,1,1,,,,,,,,,,,,,,,,,,,,,,,,,,,,,,,,,,,,,,,,,,,,,
295,simple,,,Теплонакопительная печь-камин Talkorus Tynnyri-20 DTSA 2180,-1,0,visible,,"Теплонакопительная печь камин Talkorus Tynnyri 20 DTSA 2180 – это подходящее решение для всех, кто хочет создать комфортную атмосферу в небольшом загородном доме или на даче.\n<h2>Характеристики и преимущества печи камина Tynnyri 20 DTSA 2180</h2>\nПокупатели печи камина Tynnyri 20 DTSA 2180 особенно выделяют площадь обогрева, которая составляет от 40 до 80 квадратных метров. Это означает, что камин подойдет для помещений средних размеров, таких как комнаты, кухни или гостиные. Она способна быстро обогреть любое помещение и создать в нем мягкое тепло и уютную обстановку.\n\nЕще одна важная характеристика — время прогрева помещения. Для этой модели оно составляет от 2,5 до 4 часов, что означает, что уже через несколько часов после розжига печи можно наслаждаться уютной расслабляющей обстановкой. За счет высокой теплоемкости время теплоотдачи составляет до 17 часов.",,,taxable,,1,,,0,0,,,,,1,,,868660,"Для дома, Для дома > Печи-камины Talkorus, Для дома > Печи-камины Talkorus > Серия Печи с духовкой",,,"https://demo.talkorus.ru/wp-content/uploads/2026/05/bez-imeni-1-768x576-optimized.webp, https://demo.talkorus.ru/wp-content/uploads/2026/05/bez-imeni-3-6-768x576-optimized.webp, https://demo.talkorus.ru/wp-content/uploads/2026/05/bez-imeni-2-768x576-optimized.webp",,,,,,,,,0,,,Площадь обогрева,40-80 м²,1,1,,,,,,2180,field_69f20d9c512d1,Возможность готовить,Да,1,1,Стиль,Эксклюзив,1,1,,Расположение,Пристенное,1,1,,,,,,,,,,,,,,,,,,,,,,,,,,,,,,,,,,,,,,,,,,,,,
299,variable,,,Теплонакопительная печь-камин TYNNYRI KOMEA DT 23/1910,-1,0,visible,,"Теплонакопительная печь-камин TYNNYRI KOMEA DT 23/1910 из натурального камня талькомагнезита. В комплектации с  каминными дверками Talkorus серии серого цвета.\n\nДанная модель печи-камина TYNNYRI KOMEA DT 23/1910 является уникальной и впишется в любой интерьер плюс будет радовать своей технологичностью . У вас есть возможность пофантазировать над будущей печкой, вы имеете уникальную возможность сделать дизайн облицовки по своему усмотрению. Дровники, полки, скамейки, сплошной подиум, гравировка – все то, что украсит ваш камин.\n\nПрежде чем выбрать печь-камин, необходимо определиться с ее назначением. Наша фирменная продукция отлично подойдет для отопления дома, будет служить резервным источником тепла.\n\nНашим клиентам мы заранее рекомендуем подготовиться к установке, затем, заказать камин. Вам необходимо подготовить отдельное место под печь-камин.А именно в первую очередь необходимо сверить вес камина с допустимой нагрузкой на пол помещения. Облицовка печи-камина собирается вокруг уже установленной печи на специальные крепления, без клеевых составов, именно по этой причине сборка называется “сухой”. Первые две топки камина нужно осуществлять в щадящем режиме неполной мощности., в таком режиме нагрев поверхности облицовки из камня не должен превышать 70 градусов. Между первыми топками должно пройти достаточно времени для полного остывания облицовки, в случае несоблюдения данного пункта поверхность облицовки может быть повреждена.",,,taxable,,1,,,0,0,,,,,1,,,,"Для дома, Для дома > Печи-камины Talkorus, Для дома > Печи-камины Talkorus > Серия Печи с духовкой",,,https://demo.talkorus.ru/wp-content/uploads/2026/05/tynnyri-komea2-optimized.webp,,,,,,,,,0,"{""\u0422\u043e\u043b\u0449\u0438\u043d\u0430 \u043a\u0430\u043c\u043d\u044f"":{""name"":""\u0422\u043e\u043b\u0449\u0438\u043d\u0430 \u043a\u0430\u043c\u043d\u044f"",""type"":""button"",""terms"":{""40 \u043c\u043c"":{""name"":""40 \u043c\u043c"",""color"":"""",""image"":"""",""show_tooltip"":"""",""tooltip_text"":"""",""tooltip_image"":"""",""image_size"":""""},""50 \u043c\u043c"":{""name"":""50 \u043c\u043c"",""color"":"""",""image"":"""",""show_tooltip"":"""",""tooltip_text"":"""",""tooltip_image"":"""",""image_size"":""""}}}}",,Площадь обогрева,40-80 м²,1,1,,,,,,1910,field_69f20d9c512d1,Возможность готовить,Да,1,1,Толщина камня,"40 мм, 50 мм",1,1,40 мм,Стиль,Эксклюзив,1,1,,,,,,,,,,,,,,,,,,,,,,,,,,,,,,,,,,,,,,,,,,,,,
696,simple,,,Теплонакопительная печь-камин Talkorus Tynnyri-20 DTSA 2180,1,0,visible,,"<p>Теплонакопительная печь камин Talkorus Tynnyri 20 DTSA 2180 – это подходящее решение для всех, кто хочет создать комфортную атмосферу в небольшом загородном доме или на даче. </p>\n<h2>Характеристики и преимущества печи камина Tynnyri 20 DTSA 2180</h2>\n<p>Покупатели печи камина Tynnyri 20 DTSA 2180 особенно выделяют площадь обогрева, которая составляет от 40 до 80 квадратных метров. Это означает, что камин подойдет для помещений средних размеров, таких как комнаты, кухни или гостиные. Она способна быстро обогреть любое помещение и создать в нем мягкое тепло и уютную обстановку.</p>\n<p>Еще одна важная характеристика — время прогрева помещения. Для этой модели оно составляет от 2,5 до 4 часов, что означает, что уже через несколько часов после розжига печи можно наслаждаться уютной расслабляющей обстановкой. За счет высокой теплоемкости время теплоотдачи составляет до 17 часов. </p>\n<p> Преимуществом этой модели является быстрая сухая сборка за счет специальной конструкции. Это означает, что вы сможете установить печь самостоятельно, без знаний и специальных инструментов. В комплекте с каждой печью поставляется подробная инструкция по сборке и эксплуатации. Если не захочется разбираться самостоятельно — порекомендуем монтажную компанию, которая выполнит сборку печи.</p>\n<p> Наружная отделка печи представляет собой фирменную облицовку Талькорус из талькомагнезита природного происхождения. </p>\n<p> Талькомагнезитовая облицовка превращает камин не просто в отопительный прибор, а в полноценный декоративный элемент. Поскольку в природе существует огромное разнообразие текстур камня, то подобрать облицовку можно под любой стиль помещения. При этом Талькорус предоставляет возможность выбора фактурной обработки камня. Самым популярным вариантом является фактура “антик”. Она придает камню “постаревший” вид. Также возможно выполнение облицовки из серпентинита либо комбинации этих двух видов камня. О наших возможностях можно узнать на сайте в разделе «Проекты».</p>\n<p> Теплонакопительная печь камин Talkorus Tynnyri 20 DTSA 2180 является лучшим выбором для небольших загородных домов или дач. Ее высокая тепловая мощность, возможность применения технологии сухой сборки и стильный дизайн обеспечат вам уютную и комфортную обстановку в течение долгого времени. </p>",,,taxable,,1,,,0,0,,,,2180,1,,,868660,"Для дома, Для дома > Печи-камины Talkorus, Для дома > Печи-камины Talkorus > Серия Печи с духовкой",,,"https://demo.talkorus.ru/wp-content/uploads/2026/06/bez-imeni-3-6-optimized.jpg, https://demo.talkorus.ru/wp-content/uploads/2026/06/bez-imeni-2-optimized.jpg, https://demo.talkorus.ru/wp-content/uploads/2026/06/bez-imeni-1-optimized-1.jpg",,,,,,,,,17,,,Мощность (кВт),23,1,1,Расположение,Пристенное,1,1,,2180,field_69f20d9c512d1,Площадь обогрева,40-80 м²,1,1,Стиль,Эксклюзив,1,1,,Возможность готовить,Да,1,1,,,field_talkorus_tab_description_heading,,field_talkorus_tab_description_content,Технические данные,field_talkorus_tab_technical_heading,"<p class=""p1""><b>Общие характеристики</b></p>
<p class=""p1"">Тепловой КПД</p>
<p class=""p1""><b>..... 82 %</b></p>
<p class=""p1"">Время тепловой отдачи</p>
<p class=""p1""><b>..... до 17 часов</b></p>
<p class=""p1"">Площадь обогрева</p>
<p class=""p1""><b>..... 40-80 м²</b></p>
<p class=""p1"">Время прогрева помещения</p>
<p class=""p1""><b>..... от 2,5 до 4 часов</b></p>
<p class=""p1"">Длина дров</p>
<p class=""p1""><b>..... 450 мм</b></p>
<p class=""p1"">Сечение дымохода</p>
<p class=""p1""><b>..... 130 мм</b></p>
<p class=""p1""><b>Характеристики топки</b></p>
<p class=""p1"">Тип</p>
<p class=""p1""><b>..... Вихревая подовая</b></p>
<p class=""p1"">Тепловая мощность</p>
<p class=""p1""><b>..... 23 кВт</b></p>
<p class=""p1"">Толщина топочного шамотного кирпича</p>
<p class=""p1""><b>..... 65 мм</b></p>
<p class=""p1"">Высота топки</p>
<p class=""p1""><b>..... 460 мм</b></p>
<p class=""p1"">Ширина топки</p>
<p class=""p1""><b>..... 240/350 мм</b></p>
<p class=""p1"">Глубина топки</p>
<p class=""p1""><b>..... 260 мм</b></p>
<p class=""p1""><b>Характеристики облицовки</b></p>
<p class=""p1"">Порода камня</p>
<p class=""p1""><b>..... Талькомагнезит</b></p>
<p class=""p1"">Вид обработки</p>
<p class=""p1""><b>..... ШЛИФОВКА</b></p>
<p class=""p1"">Толщина облицовки</p>
<p class=""p1""><b>..... 50 мм</b></p>",field_talkorus_tab_technical_content,Размеры и вес,field_talkorus_tab_dimensions_heading,"<p class=""p1"">Высота</p>
<p class=""p1""><b>..... 2180 мм</b></p>
<p class=""p1"">Ширина</p>
<p class=""p1""><b>..... 947 мм</b></p>
<p class=""p1"">Глубина</p>
<p class=""p1""><b>..... 740 мм</b></p>
<p class=""p1"">Вес изделия толщиной 50мм</p>
<p class=""p1""><b>..... 1876 кг</b></p>",field_talkorus_tab_dimensions_content,,field_talkorus_tab_cut_content,,field_talkorus_tab_scheme_content,,field_talkorus_tab_purpose_content,,field_talkorus_tab_advantages_content,,field_talkorus_tab_docs_content,,field_talkorus_tab_video_content,,field_talkorus_tab_projects_content,700,field_talkorus_product_feature_icon,Быстрая сухая сборка,field_talkorus_product_feature_title,686,field_talkorus_product_feature_icon,Эффективная конвекция,field_talkorus_product_feature_title,685,field_talkorus_product_feature_icon,"Система ""Чистое стекло""",field_talkorus_product_feature_title,687,field_talkorus_product_feature_icon,Облицовка Talkorus,field_talkorus_product_feature_title,4,field_talkorus_product_features
709,simple,,,Теплонакопительная печь-камин Tower 25/1900 D TG,1,0,visible,,"<p class=""p1"">• Назначение: обогрев помещений 60–100 м²<br />\n• Мощность: 25 кВт<br />\n• Материал облицовки: талькомагнезит, шлифованная обработка<br />\n• Габариты (В×Ш×Г): 1900 × 1180 × 800 мм<br />\n• Особенность: встроенная духовка (верхняя камера) для запекания и томления</p>\n<p class=""p1"">«Tower 25/1900 D TG» — теплонакопительная печь-камин TALKORUS для домов среднего и большого метража, в которой соединены живой огонь, длительная каменная инерция и полноценная духовка. Высокий корпус из талькомагнезита в шлифованной обработке выглядит строго и современно, а продуманная теплотехника даёт ровный, «бархатный» микроклимат без перегрева и пересушенного воздуха.</p>\n<p class=""p1"">Как работает теплонакопительная схема<br />\nГлавная идея — массив из натурального камня вокруг топочного блока. Во время активного горения талькомагнезит аккумулирует избыточную энергию, а после прогорания закладки долго отдаёт её мягким инфракрасным излучением. Благодаря этому температура в доме держится «длинной волной»: нет резких провалов, а ощущение тепла остаётся комфортным и естественным. Естественная конвекция вдоль корпуса помогает быстрее выйти на режим, после чего главную роль берёт на себя каменная масса.</p>\n<p class=""p1"">Материал и финиш<br />\nТалькомагнезит десятилетиями используется в печестроении: он стабилен к температурным циклам, долго сохраняет аккуратный вид и обладает высокой теплоёмкостью. Шлифовка подчёркивает природный рисунок, даёт тактильно приятную «сатиновую» поверхность без излишних бликов и проста в уходе. Достаточно мягкой сухой или слегка влажной салфетки, без абразивов и кислот. Каменные панели собраны с аккуратными фасками и мягкими радиусами — силуэт ощущается безопасным на касание и визуально лёгким.</p>\n<p class=""p1"">Духовка: возвращение к истокам — в современном исполнении<br />\nВерхняя камера «Tower 25/1900 D TG» — это функциональная духовка. Она прогревается теплом от топки и каменного массива, сохраняет устойчивую температуру и идеально подходит для запекания и томления. Овощи, хлеб, птица, рыба, запеканки и рагу — всё готовится равномерно, без резких перегревов. Каменная инерция работает как естественная «рубашка»: продукты не пересушиваются и получают глубокий вкус, знакомый по традиционным блюдам из русской печи. Духовка располагается на удобной высоте и имеет отдельную дверцу — работать безопасно и удобно.</p>\n<p class=""p1"">Архитектура и пропорции<br />\nВысота 1900 мм формирует выразительную вертикаль, ширина 1180 мм и глубина 800 мм дают устойчивую базу. Фирменные горизонтальные пояса делят массив на «этажи», визуально облегчая объём, а строгая геометрия лицевых панелей подчёркивает современный характер. Большая дверца со стеклом открывает панорамный вид пламени и делает камин композиционным центром гостиной или кухни-гостиной.</p>\n<p class=""p1"">Тепловое поведение и режимы<br />\nНоминальная мощность 25 кВт позволяет уверенно обогревать дом площадью 60–100 м². В активной фазе за счёт естественной конвекции помещение быстро выходит на комфорт; когда пламя гаснет, талькомагнезит продолжает мягко отдавать тепло многие часы. В межсезонье часто достаточно одной вечерней топки, а зимой каменная инерция сглаживает пики между подбросами. Такой характер особенно ценят семьи, которые не хотят постоянно «дежурить» у печи.</p>\n<p class=""p1"">Размещение и монтаж<br />\n«Tower 25/1900 D TG» устанавливают у капитальной стены или в угловой зоне с верхним подключением дымохода. В проекте предусматривают прочное основание, компенсационные зазоры до стен и негорючую площадку перед дверцей. Для обслуживания духовки и ревизии каналов нужен свободный доступ спереди и сбоку. Привяжите высоту верхнего пояса к горизонтам мебели или подоконников — печь визуально «встроится» в архитектуру помещения.</p>\n<p class=""p1"">Эксплуатация и уход<br />\nШлифованная поверхность практична в ежедневной уборке и не боится температурных циклов. Для чистки достаточно нейтральных средств. Стекло дверцы остаётся чистым при сухих дровах и корректной тяге. Рекомендуем использовать жаропрочные рукавицы при работе с духовкой и предусмотреть небольшой каменный или металлический коврик у портала.</p>\n<p class=""p1"">Сочетаемость в интерьере<br />\nТалькомагнезит с «сатиновым» финишем легко вписывается в разные стили — от скандии-минимализма до современной классики. Он органично сочетается с термодревесиной, минеральными штукатурками, микробетоном и натуральным текстилем. Боковая тёплая подсветка подчёркивает фактуру камня, а панорамный огонь создаёт эмоциональный центр комнаты.</p>\n<p class=""p1"">Для кого эта модель<br />\nДля тех, кто хочет живой огонь, длительную теплоотдачу и возможность домашней готовки в одном объекте. Если семья ценит натуральные материалы, предсказуемую работу и спокойный микроклимат, «Tower 25/1900 D TG» станет сердцем дома на многие годы.</p>\n<p class=""p1"">Итог<br />\n«Tower 25/1900 D TG» — это 25 кВт живого огня и каменной инерции, габариты 1900×1180×800 мм и талькомагнезит в шлифованном финише. Встроенная духовка возвращает в дом традицию «медленного тепла», а строгая архитектура делает печь-камин выразительным центром интерьера.</p>",,,taxable,,1,,,0,0,,,,1900,1,,,648590,"Для дома, Для дома > Печи-камины Talkorus, Для дома > Печи-камины Talkorus > Серия Печи с духовкой",,,"https://demo.talkorus.ru/wp-content/uploads/2026/06/pech-kamin-tover-25-1900-d-talkorus.-ru-88-2-optimized.webp, https://demo.talkorus.ru/wp-content/uploads/2026/06/pech-kamin-tover-25-1900-d-talkorus.-ru-88-1-optimized.webp, https://demo.talkorus.ru/wp-content/uploads/2026/06/pech-kamin-tover-25-1900-d-talkorus.-ru-88-3-optimized.webp, https://demo.talkorus.ru/wp-content/uploads/2026/06/pech-kamin-tower-25-1900-talkorus-1-optimized.webp, https://demo.talkorus.ru/wp-content/uploads/2026/06/pech-kamin-tower-25-1900-talkorus-2-optimized.webp, https://demo.talkorus.ru/wp-content/uploads/2026/06/pech-kamin-tower-25-1900-talkorus-3-optimized.webp",,,,,,,,,0,,,Площадь обогрева,60-100 м²,1,1,,,,,,1900,field_69f20d9c512d1,Стиль,Классика,1,1,Возможность готовить,Да,1,1,,Расположение,Пристенное,1,1,,,field_talkorus_tab_description_heading,,field_talkorus_tab_description_content,Технические данные,field_talkorus_tab_technical_heading,"<p class=""p1""><b>Общие характеристики</b></p>
<p class=""p1"">Тепловой КПД</p>
<p class=""p1""><b>..... 82 %</b></p>
<p class=""p1"">Время тепловой отдачи</p>
<p class=""p1""><b>..... 19 часов часов</b></p>
<p class=""p1"">Площадь обогрева</p>
<p class=""p1""><b>..... 60-100 м²</b></p>
<p class=""p1"">Время прогрева помещения</p>
<p class=""p1""><b>..... от 1 до 3 часов</b></p>
<p class=""p1"">Длина дров</p>
<p class=""p1""><b>..... 400 мм</b></p>
<p class=""p1"">Сечение дымохода</p>
<p class=""p1""><b>..... 150 мм</b></p>
<p class=""p1""><b>Характеристики топки</b></p>
<p class=""p1"">Тип</p>
<p class=""p1""><b>..... Вихревая подовая</b></p>
<p class=""p1"">Тепловая мощность</p>
<p class=""p1""><b>..... 25 кВт</b></p>
<p class=""p1"">Толщина топочного шамотного кирпича</p>
<p class=""p1""><b>..... 75 мм</b></p>
<p class=""p1"">Высота топки</p>
<p class=""p1""><b>..... 460 мм</b></p>
<p class=""p1"">Ширина топки</p>
<p class=""p1""><b>..... 460 мм</b></p>
<p class=""p1"">Глубина топки</p>
<p class=""p1""><b>..... 380 мм</b></p>
<p class=""p1""><b>Характеристики облицовки</b></p>
<p class=""p1"">Порода камня</p>
<p class=""p1""><b>..... Талькомагнезит</b></p>
<p class=""p1"">Вид обработки</p>
<p class=""p1""><b>..... ШЛИФОВКА</b></p>
<p class=""p1"">Толщина облицовки</p>
<p class=""p1""><b>..... 50 мм</b></p>",field_talkorus_tab_technical_content,Размеры и вес,field_talkorus_tab_dimensions_heading,"<p class=""p1"">Высота</p>
<p class=""p1""><b>..... 1900 мм</b></p>
<p class=""p1"">Ширина</p>
<p class=""p1""><b>..... 1180 мм</b></p>
<p class=""p1"">Глубина</p>
<p class=""p1""><b>..... 800 мм</b></p>
<p class=""p1"">Вес изделия толщиной 50мм</p>
<p class=""p1""><b>..... 1041 кг</b></p>",field_talkorus_tab_dimensions_content,,field_talkorus_tab_cut_content,,field_talkorus_tab_scheme_content,,field_talkorus_tab_purpose_content,,field_talkorus_tab_advantages_content,,field_talkorus_tab_docs_content,,field_talkorus_tab_video_content,,field_talkorus_tab_projects_content,700,field_talkorus_product_feature_icon,Быстрая сухая сборка,field_talkorus_product_feature_title,686,field_talkorus_product_feature_icon,Эффективная конвекция,field_talkorus_product_feature_title,685,field_talkorus_product_feature_icon,"Система ""Чистое стекло""",field_talkorus_product_feature_title,687,field_talkorus_product_feature_icon,Облицовка Talkorus,field_talkorus_product_feature_title,4,field_talkorus_product_features
716,simple,,,Теплонакопительная печь-камин Torua 20/1650 D SL,1,0,visible,,"<p class=""p1"">• Назначение: обогрев помещений 40–80 м²<br />\n• Мощность: 20 кВт<br />\n• Материал облицовки: серпентинит, полированная обработка<br />\n• Габариты (В×Ш×Г): 1650 × 780 × 800 мм<br />\n• Особенность: встроенная духовка (верхняя камера) для ежедневной готовки</p>\n<p class=""p1"">«Torua 20/1650 D SL» — теплонакопительная печь-камин TALKORUS, в которой объединены живой огонь, длительная каменная инерция и полноценная духовка. Модель рассчитана на дома площадью 40–80 м² и одинаково уверенно работает как в роли основного источника тепла в межсезонье, так и поддерживающего зимой. Пока пламя активно — помещение быстро выходит на комфорт, после прогорания закладки серпентинит долго отдаёт мягкое инфракрасное тепло.</p>\n<p class=""p1"">Как работает теплонакопление<br />\nВ основе «Torua» — массив из натурального серпентинита. Камень аккумулирует избыток энергии в пике горения и возвращает его плавно в течение многих часов. Это устраняет «пилообразную» динамику температуры, воздух не пересушивается, а у стен нет жёстких лучистых зон. Естественная конвекция вдоль корпуса ускоряет разгон объёма, после чего главную роль берёт на себя каменная масса.</p>\n<p class=""p1"">Духовка: каждый день — как дома в русской печи<br />\nВерхняя камера — это настоящая духовка. Она прогревается теплом топки и каменного массива, сохраняя стабильную температуру без резких перегревов. Здесь удобно запекать овощи, птицу и рыбу, томить рагу и каши, сушить травы. Инерция камня создаёт эффект «медленного тепла» — продукты готовятся равномерно, сохраняют сочность и аромат. Это не декоративный отсек, а рабочий инструмент, расширяющий бытовой сценарий камина.</p>\n<p class=""p1"">Материалы и финиш<br />\nСерпентинит — надёжная порода с глубокой тёмно-зелёной гаммой и характерной графикой. Полированная обработка раскрывает рисунок и придаёт поверхности благородный блеск. Уход прост: достаточно мягкой сухой или слегка влажной салфетки без абразивов и кислот. Каменные панели собраны с аккуратными фасками и радиусными кромками — это снижает риск сколов и делает силуэт тактильно «мягким».</p>\n<p class=""p1"">Архитектура и пропорции<br />\nГабариты 1650 × 780 × 800 мм дают устойчивую базу и выразительную вертикаль. Большая дверца со стеклом обеспечивает панорамный вид пламени, а отдельная дверца духовки располагается на удобной высоте. Фирменные пояса делят объём на «этажи», визуально облегчая массив; нижняя площадка удобна для размещения инструмента во время растопки.</p>\n<p class=""p1"">Тепловое поведение и режимы<br />\nНоминальная мощность 20 кВт позволяет уверенно держать дома 40–80 м². В межсезонье часто достаточно одной вечерней топки: каменная инерция поддерживает комфорт до утра. Зимой «Torua» сглаживает пики между подбросами и создаёт ровный фон — в помещении не случаются резкие провалы температуры даже при проветривании.</p>\n<p class=""p1"">Размещение и монтаж<br />\nПечь-камин устанавливается у капитальной стены или в угловой зоне с верхним подключением дымохода. В проекте предусматривают прочное ровное основание, компенсационные зазоры до стен, негорючую площадку перед дверцей и свободный доступ к духовке и ревизии. Привязка верхнего пояса к горизонтам мебели помогает визуально «встроить» камин в архитектуру комнаты.</p>\n<p class=""p1"">Удобство эксплуатации<br />\nКрупная стеклянная дверца упрощает закладку дров и даёт отличный обзор огня. Полированный серпентинит легко очищается; стекло остаётся чистым при сухих дровах и корректной тяге. Для кухни-гостиной такая компоновка особенно удобна: один объект отвечает и за уют, и за кулинарию медленного приготовления.</p>\n<p class=""p1"">Сочетаемость в интерьере<br />\nГлубокий тон серпентинита подчёркивает натуральные материалы: термодревесину, микробетон, минеральные штукатурки, натуральный текстиль. Боковая тёплая подсветка вызывает благородную игру бликов на полировке, а пламя в дверце становится эмоциональным центром гостиной.</p>\n<p class=""p1"">Итог<br />\n«Torua 20/1650 D SL» — печь-камин для тех, кто хочет живой огонь, длинную каменную теплоотдачу и настоящую духовку в одном предсказуемо работающем корпусе. 20 кВт мощности, полированный серпентинит и продуманная геометрия делают модель универсальным решением для домов 40–80 м².</p>",,,taxable,,1,,,0,0,,,,1650,1,,,507080,"Для дома, Для дома > Печи-камины Talkorus, Для дома > Печи-камины Talkorus > Серия Печи с духовкой",,,"https://demo.talkorus.ru/wp-content/uploads/2026/06/pechi-kamin-torua-20-1650-d-sl-talkorus.ru-88-1-optimized.webp, https://demo.talkorus.ru/wp-content/uploads/2026/06/pechi-kamin-torua-20-1650-d-sl-talkorus.ru-88-2-optimized.webp, https://demo.talkorus.ru/wp-content/uploads/2026/06/pechi-kamin-torua-20-1650-d-sl-talkorus.ru-88-3-optimized.webp, https://demo.talkorus.ru/wp-content/uploads/2026/06/pech-kamin-torua-20-1650-sl-talkorus-1-optimized.webp, https://demo.talkorus.ru/wp-content/uploads/2026/06/pech-kamin-torua-20-1650-sl-talkorus-2-optimized.webp, https://demo.talkorus.ru/wp-content/uploads/2026/06/pech-kamin-torua-20-1650-sl-talkorus.ru-88-optimized.webp",,,,,,,,,1,,,Площадь обогрева,40-80 м²,1,1,,,,,,1650,field_69f20d9c512d1,Стиль,Классика,1,1,Возможность готовить,Да,1,1,,Расположение,Пристенное,1,1,,,field_talkorus_tab_description_heading,,field_talkorus_tab_description_content,Технические данные,field_talkorus_tab_technical_heading,"<p class=""p1""><b>Общие характеристики</b></p>
<p class=""p1"">Тепловой КПД</p>
<p class=""p1""><b>..... 82 %</b></p>
<p class=""p1"">Время тепловой отдачи</p>
<p class=""p1""><b>..... 14 часов часов</b></p>
<p class=""p1"">Площадь обогрева</p>
<p class=""p1""><b>..... 40-80 м²</b></p>
<p class=""p1"">Время прогрева помещения</p>
<p class=""p1""><b>..... от 1 до 3 часов</b></p>
<p class=""p1"">Длина дров</p>
<p class=""p1""><b>..... 400 мм</b></p>
<p class=""p1"">Сечение дымохода</p>
<p class=""p1""><b>..... 130 мм</b></p>
<p class=""p1""><b>Характеристики топки</b></p>
<p class=""p1"">Тип</p>
<p class=""p1""><b>..... Вихревая подовая</b></p>
<p class=""p1"">Тепловая мощность</p>
<p class=""p1""><b>..... 20 кВт</b></p>
<p class=""p1"">Толщина топочного шамотного кирпича</p>
<p class=""p1""><b>..... 65 мм</b></p>
<p class=""p1"">Высота топки</p>
<p class=""p1""><b>..... 460 мм</b></p>
<p class=""p1"">Ширина топки</p>
<p class=""p1""><b>..... 240/350 мм</b></p>
<p class=""p1"">Глубина топки</p>
<p class=""p1""><b>..... 260 мм</b></p>
<p class=""p1""><b>Характеристики облицовки</b></p>
<p class=""p1"">Порода камня</p>
<p class=""p1""><b>..... Серпентинит</b></p>
<p class=""p1"">Вид обработки</p>
<p class=""p1""><b>..... ПОЛИРОВКА</b></p>
<p class=""p1"">Толщина облицовки</p>
<p class=""p1""><b>..... 40 мм</b></p>",field_talkorus_tab_technical_content,Размеры и вес,field_talkorus_tab_dimensions_heading,"<p class=""p1"">Высота</p>
<p class=""p1""><b>..... 1650 мм</b></p>
<p class=""p1"">Ширина</p>
<p class=""p1""><b>..... 780 мм</b></p>
<p class=""p1"">Глубина</p>
<p class=""p1""><b>..... 800 мм</b></p>
<p class=""p1"">Вес изделия толщиной 50мм</p>
<p class=""p1""><b>..... 1041 кг</b></p>
<p class=""p1"">Вес изделия толщиной 40мм</p>
<p class=""p1""><b>..... 923 кг</b></p>",field_talkorus_tab_dimensions_content,,field_talkorus_tab_cut_content,,field_talkorus_tab_scheme_content,,field_talkorus_tab_purpose_content,,field_talkorus_tab_advantages_content,,field_talkorus_tab_docs_content,,field_talkorus_tab_video_content,,field_talkorus_tab_projects_content,700,field_talkorus_product_feature_icon,Быстрая сухая сборка,field_talkorus_product_feature_title,686,field_talkorus_product_feature_icon,Эффективная конвекция,field_talkorus_product_feature_title,685,field_talkorus_product_feature_icon,"Система ""Чистое стекло""",field_talkorus_product_feature_title,687,field_talkorus_product_feature_icon,Облицовка Talkorus,field_talkorus_product_feature_title,4,field_talkorus_product_features
723,simple,,,Теплонакопительная печь-камин Takka 25/1820 D SA,1,0,visible,,"<p class=""p1"">• Назначение: обогрев помещений 60–100 м²<br />\n• Мощность: 25 кВт<br />\n• Материал облицовки: серпентинит, финиш «антик» (щёточная обработка)<br />\n• Габариты (В×Ш×Г): 1840 × 1060 × 900 мм<br />\n• Особенность: встроенная духовка (верхняя камера) для готовки по-домашнему</p>\n<p class=""p1"">«Takka 25/1820 D SA» — теплонакопительная печь-камин TALKORUS, которая объединяет живой огонь, длительную каменную инерцию и полноценную печную духовку. Это не просто красивый камин для гостиной, а центр дома: он разгоняет объём в активной фазе, затем долго удерживает комфортный фон, а в верхней камере можно готовить еду — от традиционного хлеба и запеканок до рагу и томлёного мяса. Возвращение к истокам без ностальгии: современная эргономика, чистое стекло, правильная тяга и предсказуемый результат.</p>\n<p class=""p1"">Принцип работы и преимущества теплонакопления<br />\nОблицовка из натурального серпентинита работает как большой аккумулятор: в пике горения камень забирает избыток энергии, а после прогорания отдаёт её мягким инфракрасным излучением ещё многие часы. Благодаря этому температура в доме не скачет, воздух не пересушивается, а рядом со стенами нет жёстких лучистых зон. При сухих дровах и правильно настроенной тяге стекло дверцы остаётся чистым, а огонь — зрелищным и «живым».</p>\n<p class=""p1"">Конструкция и материалы<br />\nСерпентинит — порода, проверенная печестроением. Щёточная обработка «антик» подчёркивает природный рисунок, делает поверхность тактильно тёплой и практичной: следы повседневного использования менее заметны, уход элементарен — достаточно мягкой сухой или слегка влажной салфетки без абразивов и кислот. Каменные панели собраны с аккуратными фасками и радиусами, что снижает риск сколов и формирует благородный силуэт. Масса каменной оболочки создаёт ту самую долгую, «бархатную» отдачу, ради которой ценят теплонакопительные решения.</p>\n<p class=""p1"">Духовка: можно и нужно готовить<br />\nВерхняя камера «Takka 25/1820 D SA» — полноценная духовка. Она прогревается теплом от топки и каменного массива и поддерживает стабильную температуру без резких перегревов. Это идеальная среда для медленного томления — как в русской печи: каши, супы, запечённые овощи, птица и мясо получаются сочными, с глубоким вкусом. Каменная инерция работает как естественная «рубашка» — блюдо не пересушивается, а тепло распределяется равномерно. Это не декоративный отсек, а рабочий инструмент, который по-настоящему расширяет бытовой сценарий камина.</p>\n<p class=""p1"">Тепловое поведение и режимы<br />\nНоминальная мощность 25 кВт обеспечивает уверенный прогрев дома площадью 60–100 м². В активной фазе тепловой разгон происходит быстро за счёт естественной конвекции вдоль корпуса. Когда пламя угасает, серпентинит берёт на себя роль «тихого» источника — помещение держит комфортные значения многие часы. Для межсезонья это особый плюс: одна полноценная вечерняя топка создаёт и сохраняет уют до утра.</p>\n<p class=""p1"">Габариты и размещение<br />\nФормат 1840 × 1060 × 900 мм даёт устойчивую базу и выразительную вертикаль, которая гармонично смотрится в гостиной или в комнате отдыха при бане. Печь-камин ставят у капитальной стены или в угловой зоне с верхним подключением дымохода. При проектировании предусматривают ровное прочное основание, компенсационные зазоры до стен и негорючую площадку перед дверцей. Для обслуживания духовки и ревизии каналов оставляют свободный доступ спереди и сбоку.</p>\n<p class=""p1"">Эргономика и безопасность<br />\nБольшая дверца упрощает закладку и даёт панорамный обзор пламени. Радиусные кромки по периметру делают камень тактильно мягким и защищают углы. Духовка оснащена герметичной дверцей — тепло остаётся внутри, блюда доходят равномерно, а каменный массив продолжает аккумулировать энергию.</p>\n<p class=""p1"">Сочетаемость в интерьере<br />\nСерпентинит в финише «антик» органично смотрится рядом с термодревесиной, минеральными штукатурками и микробетоном. Тёплая боковая подсветка подчёркивает фактуру камня, а вертикальные пояса визуально «собирают» фасад. В минималистичных пространствах «Takka» выступает самостоятельным объектом, в классике — поддерживает спокойный северный характер отделки.</p>\n<p class=""p1"">Практика эксплуатации<br />\nУход за камнем несложен, чистка стекла занимает минуты при правильно настроенной тяге. Для кухни-гостиной это особенно важно: один объект решает сразу две задачи — уют и готовку. Рекомендуем использовать сухие лиственные дрова и жаропрочные перчатки при работе с духовкой. При длительной эксплуатации оцените вкус блюд «из камня» — это тот самый домашний формат, к которому хочется возвращаться.</p>\n<p class=""p1"">Итог<br />\n«Takka 25/1820 D SA» — печь-камин с характером большого дома: 25 кВт тепла, каменная инерция серпентинита и настоящая духовка, в которой можно и нужно готовить полезную и вкусную пищу, как раньше в русской печи. Если вы ищете центр семейной жизни — с живым огнём, долгим теплом и кухней «медленного приготовления», эта модель создана именно для такого сценария.</p>",,,taxable,,1,,,0,0,,,,1840,1,,,703330,"Для дома, Для дома > Печи-камины Talkorus, Для дома > Печи-камины Talkorus > Серия Печи с духовкой",,,"https://demo.talkorus.ru/wp-content/uploads/2026/06/pech-kamin-takka-25-d-talkorus.ru-88-2-optimized.webp, https://demo.talkorus.ru/wp-content/uploads/2026/06/pech-kamin-takka-25-d-talkorus.ru-88-3-optimized.webp, https://demo.talkorus.ru/wp-content/uploads/2026/06/pech-kamin-takka-25-d-talkorus.ru-88-4-optimized.webp, https://demo.talkorus.ru/wp-content/uploads/2026/06/pech-kamin-takka-25-d-talkorus-1-optimized.webp, https://demo.talkorus.ru/wp-content/uploads/2026/06/pech-kamin-takka-25-d-talkorus-2-optimized.webp, https://demo.talkorus.ru/wp-content/uploads/2026/06/pech-kamin-takka-25-d-talkorus-3-optimized.webp",,,,,,,,,2,,,Площадь обогрева,60-100 м²,1,1,,,,,,1840,field_69f20d9c512d1,Стиль,Модерн,1,1,Возможность готовить,Да,1,1,,Расположение,Пристенное,1,1,,,field_talkorus_tab_description_heading,,field_talkorus_tab_description_content,Технические данные,field_talkorus_tab_technical_heading,"<p class=""p1""><b>Общие характеристики</b></p>
<p class=""p1"">Тепловой КПД</p>
<p class=""p1""><b>..... 82 %</b></p>
<p class=""p1"">Время тепловой отдачи</p>
<p class=""p1""><b>..... 18 часов часов</b></p>
<p class=""p1"">Площадь обогрева</p>
<p class=""p1""><b>..... 60-100 м²</b></p>
<p class=""p1"">Время прогрева помещения</p>
<p class=""p1""><b>..... от 2 до 4 часов</b></p>
<p class=""p1"">Длина дров</p>
<p class=""p1""><b>..... 400 мм</b></p>
<p class=""p1"">Сечение дымохода</p>
<p class=""p1""><b>..... 150 мм</b></p>
<p class=""p1""><b>Характеристики топки</b></p>
<p class=""p1"">Тип</p>
<p class=""p1""><b>..... Вихревая подовая</b></p>
<p class=""p1"">Тепловая мощность</p>
<p class=""p1""><b>..... 25 кВт</b></p>
<p class=""p1"">Толщина топочного шамотного кирпича</p>
<p class=""p1""><b>..... 75 мм</b></p>
<p class=""p1""><b>Характеристики облицовки</b></p>
<p class=""p1"">Порода камня</p>
<p class=""p1""><b>..... Серпентинит</b></p>
<p class=""p1"">Вид обработки</p>
<p class=""p1""><b>..... БАРХАТ</b></p>
<p class=""p1"">Толщина облицовки</p>
<p class=""p1""><b>..... 50 мм</b></p>",field_talkorus_tab_technical_content,Размеры и вес,field_talkorus_tab_dimensions_heading,"<p class=""p1"">Высота</p>
<p class=""p1""><b>..... 1840 мм</b></p>
<p class=""p1"">Ширина</p>
<p class=""p1""><b>..... 1060 мм</b></p>
<p class=""p1"">Глубина</p>
<p class=""p1""><b>..... 900 мм</b></p>",field_talkorus_tab_dimensions_content,,field_talkorus_tab_cut_content,,field_talkorus_tab_scheme_content,,field_talkorus_tab_purpose_content,,field_talkorus_tab_advantages_content,,field_talkorus_tab_docs_content,,field_talkorus_tab_video_content,,field_talkorus_tab_projects_content,700,field_talkorus_product_feature_icon,Быстрая сухая сборка,field_talkorus_product_feature_title,686,field_talkorus_product_feature_icon,Эффективная конвекция,field_talkorus_product_feature_title,685,field_talkorus_product_feature_icon,"Система ""Чистое стекло""",field_talkorus_product_feature_title,687,field_talkorus_product_feature_icon,Облицовка Talkorus,field_talkorus_product_feature_title,4,field_talkorus_product_features
730,simple,,,Теплонакопительная печь Torua 25/1940 D SA,1,0,visible,,"<p>Для больших помещений, которые имеют площадь от 60 до 100 квадратных метров, незаменимым вариантом отопления является теплонакопительная печь Torua 25/1940 DSA. Благодаря своим техническим характеристикам этот камин — один из лучших в своем классе и обеспечивает энергоэффективное отопление.</p>\n<h2>Технические характеристики теплонакопительной печи-камина Torua 25/1940 D SA</h2>\n<p>Подходит для обогрева помещений площадью до 100 квадратов. Эта модель разработана специально для использования в средних и больших помещениях. Она способна обогревать площадь до 100 квадратных метров. С ней можно наслаждаться теплом в любой комнате дома.</p>\n<ul>\n<li style=""font-weight: 400"">2,5-4 часа — время на прогрев помещения. Благодаря своей мощности в 25 киловатт и конвекционной технологии, печь-камин Torua способна прогреть помещение любого размера до 100 квадратов за 2,5-4 часа. Время прогрева зависит от размера помещения.</li>\n<li style=""font-weight: 400"">Большая теплоемкость печи-камина. За счет конструкционных решений компании  печь-камин способна сохранять тепло и отдавать его в окружающую среду в течение 19 часов после окончания топки. Благодаря этому можно сократить расходы на покупку дров.</li>\n<li style=""font-weight: 400"">Энергоэффективность 25 киловатт. Камин Torua 25/1940 DSA имеет повышенную тепловую мощность, поэтому подходит для больших помещений.</li>\n<li style=""font-weight: 400"">Можно собрать самостоятельно. Вы можете собрать печь самостоятельно. Она поставляется в разобранном виде, состоящем из отдельных деталей. Для сборки не требуются специальные навыки или клей. Сама сборка осуществляется  по “сухой” технологии.</li>\n</ul>\n<h2>Вихревая подовая топка</h2>\n<p>Обладая способностью эффективно сжигать дрова, обеспечивает получение большего количества тепла за единицу времени и энергии. Кроме того, она оснащена двухконтурной газоотводной системой. </p>\n<p>Наличие двухконтурной газоотводной системы обеспечивает энергоэффективное использование тепла и снижает риск повреждения дымохода. Это способствует более экономичному сжиганию топлива и обеспечивает безопасность при использовании камина.</p>\n<h2>Авторская облицовка из камня серпентинит в обработке «бархат»</h2>\n<p>Серпентинит имеет повышенную прочность и способен выдерживать сильные колебания температур без износа. Эти свойства делают его подходящим материалом для облицовки. Кроме того, серпентинит имеет эстетичный дизайн. Отличается гладкой, ровной поверхностью, а цвет может быть серым, зеленым. Фактурная обработка бархат придает эффект тиснения. Благодаря этим особенностям печь-камин  не только обеспечивает равномерное отопление, но и дополняет интерьер. Большой выбор цветов и фактур серпентинита позволяет легко вписать эту печь в любой стиль дизайна, будь то классический, модерн или лофт.</p>",,,taxable,,1,,,0,0,,,,1940,1,,,777370,"Для дома, Для дома > Печи-камины Talkorus, Для дома > Печи-камины Talkorus > Серия Печи с духовкой",,,"https://demo.talkorus.ru/wp-content/uploads/2026/06/bez-imeni-3-1-optimized.jpg, https://demo.talkorus.ru/wp-content/uploads/2026/06/bez-imeni-2-optimized-1.jpg, https://demo.talkorus.ru/wp-content/uploads/2026/06/bez-imeni-1-2-optimized.jpg",,,,,,,,,3,,,Площадь обогрева,60-100 м²,1,1,,,,,,1940,field_69f20d9c512d1,Стиль,Классика,1,1,Возможность готовить,Да,1,1,,Расположение,Пристенное,1,1,,,field_talkorus_tab_description_heading,,field_talkorus_tab_description_content,Технические данные,field_talkorus_tab_technical_heading,"<p class=""p1""><b>Общие характеристики</b></p>
<p class=""p1"">Тепловой КПД</p>
<p class=""p1""><b>..... 82 %</b></p>
<p class=""p1"">Время тепловой отдачи</p>
<p class=""p1""><b>..... до 19 часов</b></p>
<p class=""p1"">Площадь обогрева</p>
<p class=""p1""><b>..... 60-100 м²</b></p>
<p class=""p1"">Время прогрева помещения</p>
<p class=""p1""><b>..... от 2,5 до 4 часов</b></p>
<p class=""p1"">Длина дров</p>
<p class=""p1""><b>..... 450 мм</b></p>
<p class=""p1"">Сечение дымохода</p>
<p class=""p1""><b>..... 150 мм</b></p>
<p class=""p1""><b>Характеристики топки</b></p>
<p class=""p1"">Тип</p>
<p class=""p1""><b>..... Вихревая подовая</b></p>
<p class=""p1"">Тепловая мощность</p>
<p class=""p1""><b>..... 25 кВт</b></p>
<p class=""p1"">Толщина топочного шамотного кирпича</p>
<p class=""p1""><b>..... 65 мм</b></p>
<p class=""p1"">Высота топки</p>
<p class=""p1""><b>..... 460 мм</b></p>
<p class=""p1"">Ширина топки</p>
<p class=""p1""><b>..... 570/460 мм</b></p>
<p class=""p1"">Глубина топки</p>
<p class=""p1""><b>..... 380 мм</b></p>
<p class=""p1""><b>Характеристики облицовки</b></p>
<p class=""p1"">Порода камня</p>
<p class=""p1""><b>..... Серпентинит</b></p>
<p class=""p1"">Вид обработки</p>
<p class=""p1""><b>..... БАРХАТ</b></p>
<p class=""p1"">Толщина облицовки</p>
<p class=""p1""><b>..... 50 мм</b></p>",field_talkorus_tab_technical_content,Размеры и вес,field_talkorus_tab_dimensions_heading,"<p class=""p1"">Высота</p>
<p class=""p1""><b>..... 1940 мм</b></p>
<p class=""p1"">Ширина</p>
<p class=""p1""><b>..... 1810 мм</b></p>
<p class=""p1"">Глубина</p>
<p class=""p1""><b>..... 815 мм</b></p>
<p class=""p1"">Вес изделия толщиной 50мм</p>
<p class=""p1""><b>..... 1878 кг</b></p>",field_talkorus_tab_dimensions_content,,field_talkorus_tab_cut_content,,field_talkorus_tab_scheme_content,,field_talkorus_tab_purpose_content,,field_talkorus_tab_advantages_content,,field_talkorus_tab_docs_content,,field_talkorus_tab_video_content,,field_talkorus_tab_projects_content,700,field_talkorus_product_feature_icon,Быстрая сухая сборка,field_talkorus_product_feature_title,686,field_talkorus_product_feature_icon,Эффективная конвекция,field_talkorus_product_feature_title,685,field_talkorus_product_feature_icon,"Система ""Чистое стекло""",field_talkorus_product_feature_title,687,field_talkorus_product_feature_icon,Облицовка Talkorus,field_talkorus_product_feature_title,4,field_talkorus_product_features
734,simple,,,Теплонакопительная печь камин Kreivi 20/1780 D SA,1,0,visible,,"<p>Теплонакопительная печь из натурального камня серпентинита поможет обогреть помещение площадью от 40 до 80 метров квадратных. Сочетание прочности и эстетичности делает данную печь функциональным декоративным элементом. </p>\n<p>Одна из особенностей теплонакопительной печи Kreivi 20/1780 D SA — время прогрева помещения, которое составляет от 2 до 4 часов. Это позволит быстро создать комфортную температуру в помещении. Поэтому камин подойдет для тех, кто проживает в регионах с холодным климатом.</p>\n<p>Время теплоотдачи составляет 15 часов. Это гарантирует сохранение тепла в помещении даже после выключения печи. Это особенно важно в периоды отсутствия электроэнергии. Также повышенная теплоотдача помогает экономить электричество.</p>\n<p>Мощность печи — 20 киловатт — обеспечивает равномерное распределение тепла по помещению. Комфортная температура распределяется по всему дому.</p>\n<p>Конструкция печи выполнена из натурального камня серпентинита. Камень не только обладает прочностью и долговечностью. Натуральный камень также придает интерьеру особый шарм. За счет природного рисунка камня печь впишется в любой стиль оформления помещения. </p>\n<p>Печь камин Kreivi 20 DSA 1780 экологична и безопасна в эксплуатации. Камин не выделяет вредных веществ в окружающую среду, не испускает неприятные запахи и не вызывает аллергических реакций. Благодаря этому вы всей семьей сможете наслаждаться комфортной температурой без опасений за здоровье.</p>\n<p>Теплонакопительная печь из натурального камня серпентинита — оптимальное решение для тех, кто ищет надежное отопительное оборудование. Камин обеспечит комфортный микроклимат в помещении, позволит сохранить тепло даже после выключения, а также станет украшением интерьера. Оставьте заявку прямо сейчас и уже очень скоро сможете наслаждаться уютом в доме!</p>",,,taxable,,1,,,0,0,,,,1780,1,,,561850,"Для дома, Для дома > Печи-камины Talkorus, Для дома > Печи-камины Talkorus > Серия Печи с духовкой",,,"https://demo.talkorus.ru/wp-content/uploads/2026/06/korpi-20-1780-dsa-3-optimized.webp, https://demo.talkorus.ru/wp-content/uploads/2026/06/korpi-20-1780-dsa-1-optimized.webp, https://demo.talkorus.ru/wp-content/uploads/2026/06/korpi-20-1780-dsa-2-optimized.webp",,,,,,,,,4,,,Площадь обогрева,40-80 м²,1,1,,,,,,1780,field_69f20d9c512d1,Стиль,Классика,1,1,Возможность готовить,Да,1,1,,Расположение,Пристенное,1,1,,,field_talkorus_tab_description_heading,,field_talkorus_tab_description_content,Технические данные,field_talkorus_tab_technical_heading,"<p class=""p1""><b>Общие характеристики</b></p>
<p class=""p1"">Тепловой КПД</p>
<p class=""p1""><b>..... 82 %</b></p>
<p class=""p1"">Время тепловой отдачи</p>
<p class=""p1""><b>..... 15 часов</b></p>
<p class=""p1"">Площадь обогрева</p>
<p class=""p1""><b>..... 40-80 м²</b></p>
<p class=""p1"">Время прогрева помещения</p>
<p class=""p1""><b>..... от 2 до 4 часов</b></p>
<p class=""p1"">Длина дров</p>
<p class=""p1""><b>..... 400 мм</b></p>
<p class=""p1"">Сечение дымохода</p>
<p class=""p1""><b>..... 130 мм</b></p>
<p class=""p1""><b>Характеристики топки</b></p>
<p class=""p1"">Тип</p>
<p class=""p1""><b>..... Вихревая подовая</b></p>
<p class=""p1"">Тепловая мощность</p>
<p class=""p1""><b>..... 20 кВт</b></p>
<p class=""p1"">Толщина топочного шамотного кирпича</p>
<p class=""p1""><b>..... 65 мм</b></p>
<p class=""p1"">Высота топки</p>
<p class=""p1""><b>..... 460 мм</b></p>
<p class=""p1"">Ширина топки</p>
<p class=""p1""><b>..... 240/350 мм</b></p>
<p class=""p1"">Глубина топки</p>
<p class=""p1""><b>..... 260 мм</b></p>
<p class=""p1""><b>Характеристики облицовки</b></p>
<p class=""p1"">Порода камня</p>
<p class=""p1""><b>..... Серпентинит</b></p>
<p class=""p1"">Вид обработки</p>
<p class=""p1""><b>..... БАРХАТ</b></p>
<p class=""p1"">Толщина облицовки</p>
<p class=""p1""><b>..... 40 мм</b></p>",field_talkorus_tab_technical_content,Размеры и вес,field_talkorus_tab_dimensions_heading,"<p class=""p1"">Высота</p>
<p class=""p1""><b>..... 1780 мм</b></p>
<p class=""p1"">Ширина</p>
<p class=""p1""><b>..... 900 мм</b></p>
<p class=""p1"">Глубина</p>
<p class=""p1""><b>..... 790 мм</b></p>
<p class=""p1"">Вес изделия толщиной 50мм</p>
<p class=""p1""><b>..... 1311 кг</b></p>
<p class=""p1"">Вес изделия толщиной 40мм</p>
<p class=""p1""><b>..... 1311 кг</b></p>",field_talkorus_tab_dimensions_content,,field_talkorus_tab_cut_content,,field_talkorus_tab_scheme_content,,field_talkorus_tab_purpose_content,,field_talkorus_tab_advantages_content,,field_talkorus_tab_docs_content,,field_talkorus_tab_video_content,,field_talkorus_tab_projects_content,700,field_talkorus_product_feature_icon,Быстрая сухая сборка,field_talkorus_product_feature_title,686,field_talkorus_product_feature_icon,Эффективная конвекция,field_talkorus_product_feature_title,685,field_talkorus_product_feature_icon,"Система ""Чистое стекло""",field_talkorus_product_feature_title,687,field_talkorus_product_feature_icon,Облицовка Talkorus,field_talkorus_product_feature_title,4,field_talkorus_product_features
738,simple,,,Теплонакопительная печь-камин Katarina 20D/1720 LSG,1,0,visible,,"<p>Теплонакопительная печь-камин Katarina 20D/1720 LSG обладает рядом преимуществ, которые делают этот отопительный прибор подходящим выбором для обогрева помещений площадью от 40 до 80 м². <br />\n<br />\nТехнические характеристики<br />\nГлавный параметр этой печи — мощность — 25 киловатт. Благодаря этому топка прогревает помещение в течение 2-4 часов. Тепло, накопленное внутри топки, обеспечивает продолжительное время теплоотдачи — до 17 часов.<br />\n<br />\nОсобенности печи Katarina 20D/1720 LSG — сухая сборка и конвекция повышенной мощности. Благодаря этому установка и настройка топки займут минимум времени, а система конвекции позволит равномерно распределить тепло по помещению.<br />\n<br />\nДругое преимущество печи Katarina 20D/1720 LSG заключается в наличии системы «чистое стекло», которая помогает поддерживать стекло в печи чистым. <br />\n<br />\nОблицовка печи выполнена из натурального камня. Lappia Silver придает камину эстетическую привлекательность, а также повышает функциональные качества камина. Облицовка обладает повышенной теплоемкостью и способностью сохранять тепло. Поэтому топка дольше отдает тепло в помещение после того, как огонь потух. Также такая облицовка неприхотлива в уходе, не требует обслуживания, а также затрат на очистку и ремонт.</p>\n<p>Теплонакопительная печь-камин Katarina 20D/1720 LSG — это надежное решение для обогрева помещений. Благодаря преимуществам, таким как:</p>\n<ul>\n<li style=""font-weight: 400"">мощность. </li>\n<li style=""font-weight: 400"">время прогрева, теплоотдачи.</li>\n<li style=""font-weight: 400"">сухая сборка.</li>\n<li style=""font-weight: 400"">конвекция повышенной мощности. </li>\n<li style=""font-weight: 400"">система «чистое стекло».</li>\n<li style=""font-weight: 400"">облицовка Lappia Silver</li>\n</ul>\n<p>она не только обеспечивает комфортную температуру в помещении, но и создает атмосферу уюта и стиля.<br />\n</p>",,,taxable,,1,,,0,0,,,,1720,1,,,623270,"Для дома, Для дома > Печи-камины Talkorus, Для дома > Печи-камины Talkorus > Серия Печи с духовкой",,,"https://demo.talkorus.ru/wp-content/uploads/2026/06/katarina-talkorus-1-optimized.jpg, https://demo.talkorus.ru/wp-content/uploads/2026/06/katarina-talkorus2-optimized.jpg, https://demo.talkorus.ru/wp-content/uploads/2026/06/katarina-talkorus3-optimized.jpg",,,,,,,,,5,,,Площадь обогрева,40-80 м²,1,1,,,,,,1720,field_69f20d9c512d1,Стиль,Эксклюзив,1,1,Возможность готовить,Да,1,1,,Расположение,Пристенное,1,1,,,field_talkorus_tab_description_heading,,field_talkorus_tab_description_content,Технические данные,field_talkorus_tab_technical_heading,"<p class=""p1""><b>Общие характеристики</b></p>
<p class=""p1"">Тепловой КПД</p>
<p class=""p1""><b>..... 82 %</b></p>
<p class=""p1"">Время тепловой отдачи</p>
<p class=""p1""><b>..... до 17 часов</b></p>
<p class=""p1"">Площадь обогрева</p>
<p class=""p1""><b>..... 40-80 м²</b></p>
<p class=""p1"">Время прогрева помещения</p>
<p class=""p1""><b>..... от 1 до 3 часов</b></p>
<p class=""p1"">Длина дров</p>
<p class=""p1""><b>..... 400 мм</b></p>
<p class=""p1"">Сечение дымохода</p>
<p class=""p1""><b>..... 130 мм</b></p>
<p class=""p1""><b>Характеристики топки</b></p>
<p class=""p1"">Тип</p>
<p class=""p1""><b>..... Вихревая подовая</b></p>
<p class=""p1"">Тепловая мощность</p>
<p class=""p1""><b>..... 20 кВт</b></p>
<p class=""p1"">Толщина топочного шамотного кирпича</p>
<p class=""p1""><b>..... 65 мм</b></p>
<p class=""p1"">Высота топки</p>
<p class=""p1""><b>..... 460 мм</b></p>
<p class=""p1"">Ширина топки</p>
<p class=""p1""><b>..... 240/350 мм</b></p>
<p class=""p1"">Глубина топки</p>
<p class=""p1""><b>..... 260 мм</b></p>
<p class=""p1""><b>Характеристики облицовки</b></p>
<p class=""p1"">Порода камня</p>
<p class=""p1""><b>..... Lappia Silver</b></p>
<p class=""p1"">Вид обработки</p>
<p class=""p1""><b>..... ШЛИФОВКА</b></p>
<p class=""p1"">Толщина облицовки</p>
<p class=""p1""><b>..... 50 мм</b></p>",field_talkorus_tab_technical_content,Размеры и вес,field_talkorus_tab_dimensions_heading,"<p class=""p1"">Высота</p>
<p class=""p1""><b>..... 1720 мм</b></p>
<p class=""p1"">Ширина</p>
<p class=""p1""><b>..... 760 мм</b></p>
<p class=""p1"">Глубина</p>
<p class=""p1""><b>..... 780 мм</b></p>
<p class=""p1"">Вес изделия толщиной 50мм</p>
<p class=""p1""><b>..... 1109 кг</b></p>
<p class=""p1"">Вес изделия толщиной 40мм</p>
<p class=""p1""><b>..... 998 кг</b></p>",field_talkorus_tab_dimensions_content,,field_talkorus_tab_cut_content,,field_talkorus_tab_scheme_content,,field_talkorus_tab_purpose_content,,field_talkorus_tab_advantages_content,,field_talkorus_tab_docs_content,,field_talkorus_tab_video_content,,field_talkorus_tab_projects_content,700,field_talkorus_product_feature_icon,Быстрая сухая сборка,field_talkorus_product_feature_title,686,field_talkorus_product_feature_icon,Эффективная конвекция,field_talkorus_product_feature_title,685,field_talkorus_product_feature_icon,"Система ""Чистое стекло""",field_talkorus_product_feature_title,687,field_talkorus_product_feature_icon,Облицовка Talkorus,field_talkorus_product_feature_title,4,field_talkorus_product_features
742,simple,,,Теплонакопительная печь-камин Torua 20/1650 D SA,1,0,visible,,"<p>Теплонакопительная печь камин Talkorus Torua 20 DSA 1650 — это изысканное и функциональное решение для обогрева помещений площадью от 40 до 80 м². Эта мощная и эффективная печь обладает тепловой мощностью в 20 кВт, что позволяет обогреть даже большую площадь.</p>\n<h2>Особенности и преимущества теплонакопительной печи-камина Talkorus Torua 20/1650 D SA</h2>\n<p>Talkorus Torua 20/1650 D SA обладает способностью накапливать, а также сохранять тепло на протяжении долгого времени. Время теплоотдачи Torua 20/1650 D SA составляет до 15 часов, что гарантирует комфортную температуру в помещении даже после протопки печи. Благодаря этой особенности можно сэкономить на отоплении. Печь будет продолжать отдавать тепло даже после того, как дрова уже давно прогорели.</p>\n<p>За счет своей конструкции теплонакопительная печь обеспечивает сокращенное время прогрева помещения. Достаточно всего 2-4 часа, чтобы прогреть помещение до комфортной температуры. Это особенно удобно в холодные зимние дни, когда хочется побыстрее согреться после прогулки или вернуться в теплый дом после работы. Этот момент важен для тех, кто живет в холодных регионах страны. </p>\n<p>Благодаря своему строгому, элегантному дизайну печь-камин Talkorus Torua 20/1650 D SA станет не только функциональной частью интерьера, но и привлекательным декоративным элементом. </p>\n<p>Теплонакопительная печь камин Talkorus Torua 20/1650 D SA – лучшее решение для тех, кто ценит красоту и комфорт в своем доме. Ее тепловая мощность и способность накапливать тепло позволят создать уютную, теплую атмосферу в любое время года. Строгий дизайн, впечатляющий внешний вид придадут интерьеру завершенности. Будьте уверены, что с этим камином ваш дом всегда будет наполнен теплом и атмосферой комфорта.</p>\n<p>Камин спроектирован таким образом, чтобы была возможность применения метода сухой сборки. Этот метод позволяет избежать применения клея и специальных инструментов. В комплекте с печью поставляется инструкция. Она поможет собрать камин, не имея специальных навыков. Однако в случае необходимости Talkorus порекомендует монтажную организацию, которая установит камин.</p>\n<p>Особенность этого камина, которая выделяет его среди других на рынке, — фирменная теплонакопительная облицовка Талькорус из природного серпентинита. Этот камень обладает повышенной теплоемкостью и позволяет сохранять тепло в течение длительного времени. В результате камин продолжает отдавать тепло в помещение до 15 часов. </p>\n<p>При этом как облицовка, так и сам камин обладают полной ремонтопригодностью. Если что-то сломалось, то можно быстро заменить сломанную деталь. При ремонте не потребуется полностью разбирать печь или облицовку.</p>\n<p>Облицовка, представленная на фото, — это “базовый” вариант. Доступна любая фактура и текстура камня на выбор, включая антик (искусственное состаривание).<br />\n</p>",,,taxable,,1,,,0,0,,,,1650,1,,,481210,"Для дома, Для дома > Печи-камины Talkorus, Для дома > Печи-камины Talkorus > Серия Печи с духовкой",,,"https://demo.talkorus.ru/wp-content/uploads/2026/06/torua-20-dsa-talkorus-optimized.jpg, https://demo.talkorus.ru/wp-content/uploads/2026/06/torua-20-dsa-talkorus2-optimized.jpg, https://demo.talkorus.ru/wp-content/uploads/2026/06/torua-20-dsa-talkorus3-optimized.jpg",,,,,,,,,6,,,Площадь обогрева,40-80 м²,1,1,,,,,,1650,field_69f20d9c512d1,Стиль,Классика,1,1,Возможность готовить,Да,1,1,,Расположение,Пристенное,1,1,,,field_talkorus_tab_description_heading,,field_talkorus_tab_description_content,Технические данные,field_talkorus_tab_technical_heading,"<p class=""p1""><b>Общие характеристики</b></p>
<p class=""p1"">Тепловой КПД</p>
<p class=""p1""><b>..... 82 %</b></p>
<p class=""p1"">Время тепловой отдачи</p>
<p class=""p1""><b>..... до 15 часов</b></p>
<p class=""p1"">Площадь обогрева</p>
<p class=""p1""><b>..... 40-80 м²</b></p>
<p class=""p1"">Время прогрева помещения</p>
<p class=""p1""><b>..... от 2 до 4 часов</b></p>
<p class=""p1"">Длина дров</p>
<p class=""p1""><b>..... 400 мм</b></p>
<p class=""p1"">Сечение дымохода</p>
<p class=""p1""><b>..... 130 мм</b></p>
<p class=""p1""><b>Характеристики топки</b></p>
<p class=""p1"">Тип</p>
<p class=""p1""><b>..... Вихревая подовая</b></p>
<p class=""p1"">Тепловая мощность</p>
<p class=""p1""><b>..... 20 кВт</b></p>
<p class=""p1"">Толщина топочного шамотного кирпича</p>
<p class=""p1""><b>..... 65 мм</b></p>
<p class=""p1"">Высота топки</p>
<p class=""p1""><b>..... 460 мм</b></p>
<p class=""p1"">Ширина топки</p>
<p class=""p1""><b>..... 240/350 мм</b></p>
<p class=""p1"">Глубина топки</p>
<p class=""p1""><b>..... 260 мм</b></p>
<p class=""p1""><b>Характеристики облицовки</b></p>
<p class=""p1"">Порода камня</p>
<p class=""p1""><b>..... Серпентинит</b></p>
<p class=""p1"">Вид обработки</p>
<p class=""p1""><b>..... БАРХАТ</b></p>
<p class=""p1"">Толщина облицовки</p>
<p class=""p1""><b>..... 40 мм</b></p>",field_talkorus_tab_technical_content,Размеры и вес,field_talkorus_tab_dimensions_heading,"<p class=""p1"">Высота</p>
<p class=""p1""><b>..... 1650 мм</b></p>
<p class=""p1"">Ширина</p>
<p class=""p1""><b>..... 780 мм</b></p>
<p class=""p1"">Глубина</p>
<p class=""p1""><b>..... 800 мм</b></p>
<p class=""p1"">Вес изделия толщиной 50мм</p>
<p class=""p1""><b>..... 1041 кг</b></p>
<p class=""p1"">Вес изделия толщиной 40мм</p>
<p class=""p1""><b>..... 923 кг</b></p>",field_talkorus_tab_dimensions_content,,field_talkorus_tab_cut_content,,field_talkorus_tab_scheme_content,,field_talkorus_tab_purpose_content,,field_talkorus_tab_advantages_content,,field_talkorus_tab_docs_content,,field_talkorus_tab_video_content,,field_talkorus_tab_projects_content,700,field_talkorus_product_feature_icon,Быстрая сухая сборка,field_talkorus_product_feature_title,686,field_talkorus_product_feature_icon,Эффективная конвекция,field_talkorus_product_feature_title,685,field_talkorus_product_feature_icon,"Система ""Чистое стекло""",field_talkorus_product_feature_title,687,field_talkorus_product_feature_icon,Облицовка Talkorus,field_talkorus_product_feature_title,4,field_talkorus_product_features
746,simple,,,Теплонакопительная печь камин Kallio 25/1810 D SA,1,0,visible,,"<p>Среди множества вариантов отопительных систем теплонакопительные печи-камины занимают особое место благодаря своей эффективности и комфорту. Одним из наиболее ярких представителей этого сегмента в линейке печей Талькорус является теплонакопительная печь-камин Kallio 25/1810 D SA. Эта модель объединяет в себе современные технологии, уникальные материалы и продуманный дизайн, что делает ее подходящим выбором для обогрева больших помещений площадью от 60 до 100 м².</p>\n<h2>Принцип работы, преимущества Kallio 25/1810 D SA</h2>\n<p>Теплонакопительная печь — это устройство, предназначенное для обогрева помещений за счет накопления и отдачи тепла, вырабатываемого при сжигании топлива. Изготавливаются такие печи из «‎комбинации» камня, а также металла. Отличие от классических стальных, а также чугунных печей заключается в том, что теплонакопительная печь способна постепенно аккумулировать тепло, а затем медленно, равномерно его отдавать в окружающую среду, что обеспечивает длительное поддержание комфортной температуры в помещении. Классические же печи не накапливают тепло, а греют помещение только в процессе топки, а после окончания горения быстро остывают. Также данные виды отопительных приборов различаются временем нагревания — стальные, чугунные печи нагреваются быстрее каменных, но отдавать тепло начинают не сразу. Каменные же наоборот — нагреваются дольше, но начинают отдавать тепло уже через несколько минут после начала горения за счет конвекции, сохраняют комфортную температуру до 19 часов.</p>\n<p> </p>\n<p>Принцип работы Kallio 25/1810 D SA, а также других аналогичных моделей включает 2 этапа:</p>\n<ol>\n<li style=""font-weight: 400"">Накопление тепла. Во время горения образующиеся дымовые газы проходят по внутреннему контуру, расположенному в корпусе печи, а затем передают тепло на облицовку, основная часть которого накапливается в камне, а небольшая часть — отдается в окружающую среду;</li>\n<li style=""font-weight: 400"">Постепенная теплоотдача. По мере накопления тепла оно постепенно отдается в окружающую среду, сохраняя комфортную температуру даже после окончания топки. Это возможно благодаря свойствам природного камня — серпентинита, который, благодаря своей структуре, способен накапливать рекордное количество тепла (по этой же причине серпентинит часто используется в качестве камня для бани).</li>\n</ol>\n<p>За счет теплонакопительной технологии обеспечивается экономия дров до 30-40%, поскольку такую печь не придется топить, например, всю ночь — достаточно будет одного или двух периодов топки в течение дня, чтобы обеспечить комфортный микроклимат в помещении на длительное время. Это делает Kallio 25/1810 D SA экологически чистым, а также экономичным решением.</p>\n<p>Характеристики Kallio 25/1810 D SA:</p>\n<ol>\n<li style=""font-weight: 400"">Площадь обогрева: 60-100 м²;</li>\n<li style=""font-weight: 400"">Время прогрева помещения: от 2,5 до 4 часов;</li>\n<li style=""font-weight: 400"">Время теплоотдачи: до 19 часов;</li>\n<li style=""font-weight: 400"">Тепловая мощность: 25 кВт.</li>\n</ol>\n<h2>Печи Талькорус — передовые материалы и технологии</h2>\n<p>Одна из основных особенностей Kallio 25/1810 D SA — использование современных теплоемких материалов, таких как:</p>\n<ol>\n<li style=""font-weight: 400"">Серпентинит. Этот материал обеспечивает повышенную теплоемкость и срок службы до 20 лет, что гарантирует надежность, а также безопасность эксплуатации печи;</li>\n<li style=""font-weight: 400"">Огнеупорный шамотный кирпич. Используется для внутренней облицовки, обеспечивая устойчивость к экстремальным температурам и максимальную защиту. Совместно с металлическим корпусом, а также каменной облицовкой составляет конструкцию типа термос, за счет которой максимизируется накопление тепла;</li>\n<li style=""font-weight: 400"">Облицовка Talkorus. Придает печи стильный внешний вид и дает возможность выбора дизайна под конкретный стиль интерьера.</li>\n</ol>\n<h3>Энергоэффективность</h3>\n<p>Энергоэффективность — это один из самых важных параметров при выборе отопительного оборудования. Kallio 25/1810 D SA демонстрирует повышенный уровень теплоотдачи, что позволяет по максимуму использовать затрачиваемую энергию. Это возможно благодаря:</p>\n<ol>\n<li style=""font-weight: 400"">Современным материалам внутри корпуса. Они минимизируют потери тепла и повышают общий КПД системы до 82%;</li>\n<li style=""font-weight: 400"">Современным конструктивным решениям. Двухконтурная система отвода дымовых газов обеспечивает естественную циркуляцию воздуха и эффективное распределение тепла, поскольку один из контуров расположен по всей площади корпуса, что позволяет отдавать тепло сразу «‎во все стороны».</li>\n</ol>\n<p> Kallio 25/1810 D SA — это гарантированный комфорт и экономия на отоплении (разница в стоимости электрического отопления и отопления данной печью составляет около 30%).</p>\n<h3>Экологические аспекты</h3>\n<p>Современные технологии, заложенные в Kallio 25/1810 D SA, учитывают и экологические требования. Эта печь соответствует международным стандартам по выбросам и характеризуется сниженным уровнем эмиссии вредных веществ за счет практически полного сгорания топлива. </p>\n<h3>Дизайн и эстетика</h3>\n<p>Дизайн Kallio 25/1810 D SA отличается четкими линиями и минималистичным внешним видом. Среди доступных цветов представлены классические расцветки (черный и серый, которые в природе встречаются чаше остальных), а также камень с зеленоватым оттенком, который встречается реже. Также присутствует возможность заказать теплонакопительную печь в персональном дизайне (например, с дополнительной отделкой или обработкой камня).</p>\n<p>Теплонакопительная печь-камин Kallio 25/1810 D SA — это не только экономия на отоплении, но и возможность создать комфортную атмосферу в доме. Кроме того, данный камин оснащен духовкой, которая позволяет всегда готовить вкусную и полезную пищу, в которой сохраняются все витамины, минералы и микроэлементы. С такой духовкой даже новичок в готовке сможет приготовить блюдо любой сложности. А готовить в ней можно даже без добавления масла, поэтому блюда будут вкусными, а также полезными для здоровья и без вреда для фигуры.</p>",,,taxable,,1,,,0,0,,,,1810,1,,,828290,"Для дома, Для дома > Печи-камины Talkorus, Для дома > Печи-камины Talkorus > Серия Печи с духовкой",,,"https://demo.talkorus.ru/wp-content/uploads/2026/06/kamin-talkorus-2-2-2-optimized.webp, https://demo.talkorus.ru/wp-content/uploads/2026/06/kamin-talkorus-1-1-1-1-optimized.webp, https://demo.talkorus.ru/wp-content/uploads/2026/06/kamin-talkorus-3-3-3-3-3-optimized.webp",,,,,,,,,7,,,Площадь обогрева,60-100 м²,1,1,,,,,,1810,field_69f20d9c512d1,Стиль,Эксклюзив,1,1,Возможность готовить,Да,1,1,,Расположение,Пристенное,1,1,,,field_talkorus_tab_description_heading,,field_talkorus_tab_description_content,Технические данные,field_talkorus_tab_technical_heading,"<p class=""p1""><b>Общие характеристики</b></p>
<p class=""p1"">Тепловой КПД</p>
<p class=""p1""><b>..... 82 %</b></p>
<p class=""p1"">Время тепловой отдачи</p>
<p class=""p1""><b>..... до 19 часов</b></p>
<p class=""p1"">Площадь обогрева</p>
<p class=""p1""><b>..... 60-100 м²</b></p>
<p class=""p1"">Время прогрева помещения</p>
<p class=""p1""><b>..... от 2,5 до 4 часов</b></p>
<p class=""p1"">Длина дров</p>
<p class=""p1""><b>..... 450 мм</b></p>
<p class=""p1"">Сечение дымохода</p>
<p class=""p1""><b>..... 150 мм</b></p>
<p class=""p1""><b>Характеристики топки</b></p>
<p class=""p1"">Тип</p>
<p class=""p1""><b>..... Вихревая подовая</b></p>
<p class=""p1"">Тепловая мощность</p>
<p class=""p1""><b>..... 25 кВт</b></p>
<p class=""p1"">Толщина топочного шамотного кирпича</p>
<p class=""p1""><b>..... 65 мм</b></p>
<p class=""p1"">Высота топки</p>
<p class=""p1""><b>..... 460 мм</b></p>
<p class=""p1"">Ширина топки</p>
<p class=""p1""><b>..... 570/460 мм</b></p>
<p class=""p1"">Глубина топки</p>
<p class=""p1""><b>..... 380 мм</b></p>
<p class=""p1""><b>Характеристики облицовки</b></p>
<p class=""p1"">Порода камня</p>
<p class=""p1""><b>..... Серпентинит</b></p>
<p class=""p1"">Вид обработки</p>
<p class=""p1""><b>..... БАРХАТ</b></p>
<p class=""p1"">Толщина облицовки</p>
<p class=""p1""><b>..... 50 мм</b></p>",field_talkorus_tab_technical_content,Размеры и вес,field_talkorus_tab_dimensions_heading,"<p class=""p1"">Высота</p>
<p class=""p1""><b>..... 1810 мм</b></p>
<p class=""p1"">Ширина</p>
<p class=""p1""><b>..... 1240/1060 мм</b></p>
<p class=""p1"">Глубина</p>
<p class=""p1""><b>..... 845/705 мм</b></p>",field_talkorus_tab_dimensions_content,,field_talkorus_tab_cut_content,,field_talkorus_tab_scheme_content,,field_talkorus_tab_purpose_content,,field_talkorus_tab_advantages_content,,field_talkorus_tab_docs_content,,field_talkorus_tab_video_content,,field_talkorus_tab_projects_content,700,field_talkorus_product_feature_icon,Быстрая сухая сборка,field_talkorus_product_feature_title,686,field_talkorus_product_feature_icon,Эффективная конвекция,field_talkorus_product_feature_title,685,field_talkorus_product_feature_icon,"Система ""Чистое стекло""",field_talkorus_product_feature_title,687,field_talkorus_product_feature_icon,Облицовка Talkorus,field_talkorus_product_feature_title,4,field_talkorus_product_features
750,simple,,,Теплонакопительная печь-камин Katarina 25D/1820 LSG,1,0,visible,,"<p>Теплонакопительная печь-камин Katarina 25D/1820 LSG обладает рядом преимуществ, которые делают этот отопительный прибор подходящим выбором для обогрева помещений площадью от 60 до 100 м². <br />\n<br />\nТехнические характеристики<br />\nГлавный параметр этой печи — мощность — 25 киловатт. Благодаря этому топка прогревает помещение в течение 2-4 часов. Тепло, накопленное внутри топки, обеспечивает продолжительное время теплоотдачи — до 17 часов.<br />\n<br />\nОсобенности печи Katarina 25D/1820 LSG — сухая сборка и конвекция повышенной мощности. Благодаря этому установка и настройка топки займут минимум времени, а система конвекции позволит равномерно распределить тепло по помещению.<br />\n<br />\nДругое преимущество печи Katarina 25D/1820 LSG заключается в наличии системы «чистое стекло», которая помогает поддерживать стекло в печи чистым. <br />\n<br />\nОблицовка печи выполнена из натурального камня. Lappia Silver придает камину эстетическую привлекательность, а также повышает функциональные качества камина. Облицовка обладает повышенной теплоемкостью и способностью сохранять тепло. Поэтому топка дольше отдает тепло в помещение после того, как огонь потух. Также такая облицовка неприхотлива в уходе, не требует обслуживания, а также затрат на очистку и ремонт.</p>\n<p>Теплонакопительная печь-камин Katarina 25D/1820 LSG — это надежное решение для обогрева помещений. Благодаря преимуществам, таким как:</p>\n<ul>\n<li style=""font-weight: 400"">мощность. </li>\n<li style=""font-weight: 400"">время прогрева, теплоотдачи.</li>\n<li style=""font-weight: 400"">сухая сборка.</li>\n<li style=""font-weight: 400"">конвекция повышенной мощности. </li>\n<li style=""font-weight: 400"">система «чистое стекло».</li>\n<li style=""font-weight: 400"">облицовка Lappia Silver</li>\n</ul>\n<p>она не только обеспечивает комфортную температуру в помещении, но и создает атмосферу уюта и стиля.<br />\n</p>",,,taxable,,1,,,0,0,,,,1820,1,,,763980,"Для дома, Для дома > Печи-камины Talkorus, Для дома > Печи-камины Talkorus > Серия Печи с духовкой",,,"https://demo.talkorus.ru/wp-content/uploads/2026/06/katarina-talkorus-optimized.jpg, https://demo.talkorus.ru/wp-content/uploads/2026/06/katarina-talkorus1-1-optimized.jpg, https://demo.talkorus.ru/wp-content/uploads/2026/06/katarina-talkorus3-optimized-1.jpg",,,,,,,,,8,,,Площадь обогрева,60-100 м²,1,1,,,,,,1820,field_69f20d9c512d1,Стиль,Эксклюзив,1,1,Возможность готовить,Да,1,1,,Расположение,Пристенное,1,1,,,field_talkorus_tab_description_heading,,field_talkorus_tab_description_content,Технические данные,field_talkorus_tab_technical_heading,"<p class=""p1""><b>Общие характеристики</b></p>
<p class=""p1"">Тепловой КПД</p>
<p class=""p1""><b>..... 82 %</b></p>
<p class=""p1"">Время тепловой отдачи</p>
<p class=""p1""><b>..... до 17 часов</b></p>
<p class=""p1"">Площадь обогрева</p>
<p class=""p1""><b>..... 60-100 м²</b></p>
<p class=""p1"">Время прогрева помещения</p>
<p class=""p1""><b>..... от 1 до 3 часов</b></p>
<p class=""p1"">Длина дров</p>
<p class=""p1""><b>..... 400 мм</b></p>
<p class=""p1"">Сечение дымохода</p>
<p class=""p1""><b>..... 150 мм</b></p>
<p class=""p1""><b>Характеристики топки</b></p>
<p class=""p1"">Тип</p>
<p class=""p1""><b>..... Вихревая подовая</b></p>
<p class=""p1"">Тепловая мощность</p>
<p class=""p1""><b>..... 25 кВт</b></p>
<p class=""p1"">Толщина топочного шамотного кирпича</p>
<p class=""p1""><b>..... 60 мм</b></p>
<p class=""p1"">Высота топки</p>
<p class=""p1""><b>..... 460 мм</b></p>
<p class=""p1"">Ширина топки</p>
<p class=""p1""><b>..... 570 мм</b></p>
<p class=""p1"">Глубина топки</p>
<p class=""p1""><b>..... 380 мм</b></p>
<p class=""p1""><b>Характеристики облицовки</b></p>
<p class=""p1"">Порода камня</p>
<p class=""p1""><b>..... Lappia Silver</b></p>
<p class=""p1"">Вид обработки</p>
<p class=""p1""><b>..... ШЛИФОВКА</b></p>
<p class=""p1"">Толщина облицовки</p>
<p class=""p1""><b>..... 50 мм</b></p>",field_talkorus_tab_technical_content,Размеры и вес,field_talkorus_tab_dimensions_heading,"<p class=""p1"">Высота</p>
<p class=""p1""><b>..... 1820 мм</b></p>
<p class=""p1"">Ширина</p>
<p class=""p1""><b>..... 960 мм</b></p>
<p class=""p1"">Глубина</p>
<p class=""p1""><b>..... 835 мм</b></p>
<p class=""p1"">Вес изделия толщиной 50мм</p>
<p class=""p1""><b>..... 1559 кг</b></p>",field_talkorus_tab_dimensions_content,,field_talkorus_tab_cut_content,,field_talkorus_tab_scheme_content,,field_talkorus_tab_purpose_content,,field_talkorus_tab_advantages_content,,field_talkorus_tab_docs_content,,field_talkorus_tab_video_content,,field_talkorus_tab_projects_content,700,field_talkorus_product_feature_icon,Быстрая сухая сборка,field_talkorus_product_feature_title,686,field_talkorus_product_feature_icon,Эффективная конвекция,field_talkorus_product_feature_title,685,field_talkorus_product_feature_icon,"Система ""Чистое стекло""",field_talkorus_product_feature_title,687,field_talkorus_product_feature_icon,Облицовка Talkorus,field_talkorus_product_feature_title,4,field_talkorus_product_features
754,simple,,,Теплонакопительная печь-камин Nasto 20/1840 D SА,1,0,visible,,"<p>Теплонакопительная печь-камин Nasto 20/1840 D SА обладает рядом преимуществ, которые делают этот отопительный прибор подходящим выбором для обогрева помещений площадью от 40 до 80 м². </p>\n<h2>Технические характеристики</h2>\n<p>Главный параметр этой печи — мощность — 20 киловатт. Благодаря этому топка прогревает помещение в течение 2-4 часов. Тепло, накопленное внутри топки, обеспечивает продолжительное время теплоотдачи — до 16 часов.</p>\n<p>Важной особенностью печи является возможность сухой сборки, которая облегчает монтаж отопительного прибора.</p>\n<p>Конвекция — основной элемент работы камина Nasto 20/1840. Конвекция обеспечивает равномерное распределение тепла и поддерживает комфортную температуру.</p>\n<p>Облицовка печи выполнена из натурального камня. Серпентинит придает камину эстетическую привлекательность, а также повышает функциональные качества камина. Серпентинитовая облицовка обладает повышенной теплоемкостью и способностью сохранять тепло. Поэтому топка дольше отдает тепло в помещение после того, как огонь потух. Также такая облицовка неприхотлива в уходе, не требует обслуживания, а также затрат на очистку и ремонт.</p>\n<p>Теплонакопительная печь-камин Nasto 20/1840 DSА является надежным решением для обогрева дома площадью от 40 до 80 м². Сухая сборка, конвекция повышенной мощности и система «чистое стекло» обеспечат ее комфортное использование. Облицовка из натурального камня добавит элегантности в интерьер.</p>",,,taxable,,1,,,0,0,,,,1840,1,,,566340,"Для дома, Для дома > Печи-камины Talkorus, Для дома > Печи-камины Talkorus > Серия Печи с духовкой",,,"https://demo.talkorus.ru/wp-content/uploads/2026/06/nasto-ds-talkorus-2-optimized.jpg, https://demo.talkorus.ru/wp-content/uploads/2026/06/nasto-ds-talkorus-1-optimized.jpg, https://demo.talkorus.ru/wp-content/uploads/2026/06/nasto-ds-talkorus-3-optimized.jpg",,,,,,,,,9,,,Площадь обогрева,40-80 м²,1,1,,,,,,1840,field_69f20d9c512d1,Стиль,Классика,1,1,Возможность готовить,Да,1,1,,Расположение,Пристенное,1,1,,,field_talkorus_tab_description_heading,,field_talkorus_tab_description_content,Технические данные,field_talkorus_tab_technical_heading,"<p class=""p1""><b>Общие характеристики</b></p>
<p class=""p1"">Тепловой КПД</p>
<p class=""p1""><b>..... 82 %</b></p>
<p class=""p1"">Время тепловой отдачи</p>
<p class=""p1""><b>..... до 16 часов</b></p>
<p class=""p1"">Площадь обогрева</p>
<p class=""p1""><b>..... 40-80 м²</b></p>
<p class=""p1"">Время прогрева помещения</p>
<p class=""p1""><b>..... от 2 до 4 часов</b></p>
<p class=""p1"">Длина дров</p>
<p class=""p1""><b>..... 400 мм</b></p>
<p class=""p1"">Сечение дымохода</p>
<p class=""p1""><b>..... 130 мм</b></p>
<p class=""p1""><b>Характеристики топки</b></p>
<p class=""p1"">Тип</p>
<p class=""p1""><b>..... Вихревая подовая</b></p>
<p class=""p1"">Тепловая мощность</p>
<p class=""p1""><b>..... 20 кВт</b></p>
<p class=""p1"">Толщина топочного шамотного кирпича</p>
<p class=""p1""><b>..... 65 мм</b></p>
<p class=""p1"">Высота топки</p>
<p class=""p1""><b>..... 460 мм</b></p>
<p class=""p1"">Ширина топки</p>
<p class=""p1""><b>..... 240/350 мм</b></p>
<p class=""p1"">Глубина топки</p>
<p class=""p1""><b>..... 260 мм</b></p>
<p class=""p1""><b>Характеристики облицовки</b></p>
<p class=""p1"">Порода камня</p>
<p class=""p1""><b>..... Серпентинит</b></p>
<p class=""p1"">Вид обработки</p>
<p class=""p1""><b>..... БАРХАТ</b></p>
<p class=""p1"">Толщина облицовки</p>
<p class=""p1""><b>..... 40 мм</b></p>",field_talkorus_tab_technical_content,Размеры и вес,field_talkorus_tab_dimensions_heading,"<p class=""p1"">Высота</p>
<p class=""p1""><b>..... 1840 мм</b></p>
<p class=""p1"">Ширина</p>
<p class=""p1""><b>..... 980 мм</b></p>
<p class=""p1"">Глубина</p>
<p class=""p1""><b>..... 740 мм</b></p>
<p class=""p1"">Вес изделия толщиной 50мм</p>
<p class=""p1""><b>..... 1251 кг</b></p>
<p class=""p1"">Вес изделия толщиной 40мм</p>
<p class=""p1""><b>..... 1150 кг</b></p>",field_talkorus_tab_dimensions_content,,field_talkorus_tab_cut_content,,field_talkorus_tab_scheme_content,,field_talkorus_tab_purpose_content,,field_talkorus_tab_advantages_content,,field_talkorus_tab_docs_content,,field_talkorus_tab_video_content,,field_talkorus_tab_projects_content,700,field_talkorus_product_feature_icon,Быстрая сухая сборка,field_talkorus_product_feature_title,686,field_talkorus_product_feature_icon,Эффективная конвекция,field_talkorus_product_feature_title,685,field_talkorus_product_feature_icon,"Система ""Чистое стекло""",field_talkorus_product_feature_title,687,field_talkorus_product_feature_icon,Облицовка Talkorus,field_talkorus_product_feature_title,4,field_talkorus_product_features
758,simple,,,Теплонакопительная печь-камин Kontio 20/1570 D SA,1,0,visible,,"<p>Теплонакопительная печь-камин Kontio 20/1570 D SA подойдет для обогрева больших помещений площадью от 40 до 80 квадратных метров. Эта печь может за 2-4 часа прогреть большую квартиру или дом и создать комфортную атмосферу и уют.</p>\n<p>Одно из главных преимуществ этой печи — повышенная мощность. Этот параметр составляет 20 киловатт. За счет этого она обеспечивает быстрый прогрев помещения и длительную теплоотдачу в течение 15 часов. Вы сможете наслаждаться теплом и комфортом даже после того, как огонь в топке погаснет.</p>\n<p>Облицовка камина выполнена из натурального камня. Это придает печи элегантный, изысканный вид. Также каменная отделка из природного серпентинита обладает высокой степенью теплоемкости. Это позволяет сохранять, а затем отдавать тепло в течение длительного времени даже после того, как огонь потухнет.</p>\n<p>Другое важное преимущество серпентинитовой облицовки для камина — повышенная теплоотдача. Серпентинитовый камень быстро нагревается, а также равномерно распределяет тепло по всей облицовке. За счет этого сокращается время прогрева помещения.</p>\n<p>Также серепентинитовая облицовка обладает повышенными теплонакопительными свойствами. Она сохраняет тепло внутри печи, предотвращает его чрезмерное выделение в окружающую среду. Это позволяет сэкономить энергию, а также снизить затраты на отопление.</p>\n<p>Еще одно преимущество серпентинитовой облицовки — прочность и стойкость к повышенным температурам. Она не трескается и не приходит в негодность при длительном использовании. </p>\n<p>Теплонакопительная печь-камин Kontio 20/1570 D SA подойдет для тех, кто ценит комфорт и эффективность отопления. Преимущества камина включают сухую сборку,  наличие системы «чистое стекло» и облицовку из натурального камня. Серпентинитовая облицовка обеспечивает высокую теплоотдачу, теплоемкость и прочность.</p>",,,taxable,,1,,,0,0,,,,1570,1,,,545100,"Для дома, Для дома > Печи-камины Talkorus, Для дома > Печи-камины Talkorus > Серия Печи с духовкой",,,"https://demo.talkorus.ru/wp-content/uploads/2026/06/kontio-ds-talkorus-1-optimized.jpg, https://demo.talkorus.ru/wp-content/uploads/2026/06/kontio-ds-talkorus-1-2-optimized.jpg, https://demo.talkorus.ru/wp-content/uploads/2026/06/kontio-ds-talkorus-3-optimized.jpg",,,,,,,,,10,,,Площадь обогрева,40-80 м²,1,1,,,,,,1570,field_69f20d9c512d1,Стиль,Модерн,1,1,Возможность готовить,Да,1,1,,Расположение,Пристенное,1,1,,,field_talkorus_tab_description_heading,,field_talkorus_tab_description_content,Технические данные,field_talkorus_tab_technical_heading,"<p class=""p1""><b>Общие характеристики</b></p>
<p class=""p1"">Тепловой КПД</p>
<p class=""p1""><b>..... 82 %</b></p>
<p class=""p1"">Время тепловой отдачи</p>
<p class=""p1""><b>..... до 15 часов</b></p>
<p class=""p1"">Площадь обогрева</p>
<p class=""p1""><b>..... 40-80 м²</b></p>
<p class=""p1"">Время прогрева помещения</p>
<p class=""p1""><b>..... от 2 до 4 часов</b></p>
<p class=""p1"">Длина дров</p>
<p class=""p1""><b>..... 400 мм</b></p>
<p class=""p1"">Сечение дымохода</p>
<p class=""p1""><b>..... 130 мм</b></p>
<p class=""p1""><b>Характеристики топки</b></p>
<p class=""p1"">Тип</p>
<p class=""p1""><b>..... Вихревая подовая</b></p>
<p class=""p1"">Тепловая мощность</p>
<p class=""p1""><b>..... 20 кВт</b></p>
<p class=""p1"">Толщина топочного шамотного кирпича</p>
<p class=""p1""><b>..... 65 мм</b></p>
<p class=""p1"">Высота топки</p>
<p class=""p1""><b>..... 460 мм</b></p>
<p class=""p1"">Ширина топки</p>
<p class=""p1""><b>..... 240/350 мм</b></p>
<p class=""p1"">Глубина топки</p>
<p class=""p1""><b>..... 260 мм</b></p>
<p class=""p1""><b>Характеристики облицовки</b></p>
<p class=""p1"">Порода камня</p>
<p class=""p1""><b>..... Серпентинит</b></p>
<p class=""p1"">Вид обработки</p>
<p class=""p1""><b>..... БАРХАТ</b></p>
<p class=""p1"">Толщина облицовки</p>
<p class=""p1""><b>..... 40 мм</b></p>",field_talkorus_tab_technical_content,Размеры и вес,field_talkorus_tab_dimensions_heading,"<p class=""p1"">Высота</p>
<p class=""p1""><b>..... 1570 мм</b></p>
<p class=""p1"">Ширина</p>
<p class=""p1""><b>..... 940 мм</b></p>
<p class=""p1"">Глубина</p>
<p class=""p1""><b>..... 800 мм</b></p>
<p class=""p1"">Вес изделия толщиной 50мм</p>
<p class=""p1""><b>..... 1109 кг</b></p>
<p class=""p1"">Вес изделия толщиной 40мм</p>
<p class=""p1""><b>..... 1011 кг</b></p>",field_talkorus_tab_dimensions_content,,field_talkorus_tab_cut_content,,field_talkorus_tab_scheme_content,,field_talkorus_tab_purpose_content,,field_talkorus_tab_advantages_content,,field_talkorus_tab_docs_content,,field_talkorus_tab_video_content,,field_talkorus_tab_projects_content,700,field_talkorus_product_feature_icon,Быстрая сухая сборка,field_talkorus_product_feature_title,686,field_talkorus_product_feature_icon,Эффективная конвекция,field_talkorus_product_feature_title,685,field_talkorus_product_feature_icon,"Система ""Чистое стекло""",field_talkorus_product_feature_title,687,field_talkorus_product_feature_icon,Облицовка Talkorus,field_talkorus_product_feature_title,4,field_talkorus_product_features
762,simple,,,Теплонакопительная печь камин Kreivi 20/1780 D SA,1,0,visible,,"<p>Теплонакопительная печь из натурального камня серпентинита поможет обогреть помещение площадью от 40 до 80 метров квадратных. Сочетание прочности и эстетичности делает данную печь функциональным декоративным элементом. </p>\n<p>Одна из особенностей теплонакопительной печи Kreivi 20/1780 D SA — время прогрева помещения, которое составляет от 2 до 4 часов. Это позволит быстро создать комфортную температуру в помещении. Поэтому камин подойдет для тех, кто проживает в регионах с холодным климатом.</p>\n<p>Время теплоотдачи составляет 15 часов. Это гарантирует сохранение тепла в помещении даже после выключения печи. Это особенно важно в периоды отсутствия электроэнергии. Также повышенная теплоотдача помогает экономить электричество.</p>\n<p>Мощность печи — 20 киловатт — обеспечивает равномерное распределение тепла по помещению. Комфортная температура распределяется по всему дому.</p>\n<p>Конструкция печи выполнена из натурального камня серпентинита. Камень не только обладает прочностью и долговечностью. Натуральный камень также придает интерьеру особый шарм. За счет природного рисунка камня печь впишется в любой стиль оформления помещения. </p>\n<p>Печь камин Kreivi 20 DSA 1780 экологична и безопасна в эксплуатации. Камин не выделяет вредных веществ в окружающую среду, не испускает неприятные запахи и не вызывает аллергических реакций. Благодаря этому вы всей семьей сможете наслаждаться комфортной температурой без опасений за здоровье.</p>\n<p>Теплонакопительная печь из натурального камня серпентинита — оптимальное решение для тех, кто ищет надежное отопительное оборудование. Камин обеспечит комфортный микроклимат в помещении, позволит сохранить тепло даже после выключения, а также станет украшением интерьера. Оставьте заявку прямо сейчас и уже очень скоро сможете наслаждаться уютом в доме!</p>",,,taxable,,1,,,0,0,,,,1780,1,,,561850,"Для дома, Для дома > Печи-камины Talkorus, Для дома > Печи-камины Talkorus > Серия Печи с духовкой",,,"https://demo.talkorus.ru/wp-content/uploads/2026/06/karhu-ds-talkorus-3-optimized.jpg, https://demo.talkorus.ru/wp-content/uploads/2026/06/karhu-ds-talkorus-4-optimized.jpg",,,,,,,,,11,,,Площадь обогрева,40-80 м²,1,1,,,,,,1780,field_69f20d9c512d1,Стиль,Классика,1,1,Возможность готовить,Да,1,1,,Расположение,Пристенное,1,1,,,field_talkorus_tab_description_heading,,field_talkorus_tab_description_content,Технические данные,field_talkorus_tab_technical_heading,"<p class=""p1""><b>Общие характеристики</b></p>
<p class=""p1"">Тепловой КПД</p>
<p class=""p1""><b>..... 82 %</b></p>
<p class=""p1"">Время тепловой отдачи</p>
<p class=""p1""><b>..... 15 часов</b></p>
<p class=""p1"">Площадь обогрева</p>
<p class=""p1""><b>..... 40-80 м²</b></p>
<p class=""p1"">Время прогрева помещения</p>
<p class=""p1""><b>..... от 2 до 4 часов</b></p>
<p class=""p1"">Длина дров</p>
<p class=""p1""><b>..... 400 мм</b></p>
<p class=""p1"">Сечение дымохода</p>
<p class=""p1""><b>..... 130 мм</b></p>
<p class=""p1""><b>Характеристики топки</b></p>
<p class=""p1"">Тип</p>
<p class=""p1""><b>..... Вихревая подовая</b></p>
<p class=""p1"">Тепловая мощность</p>
<p class=""p1""><b>..... 20 кВт</b></p>
<p class=""p1"">Толщина топочного шамотного кирпича</p>
<p class=""p1""><b>..... 65 мм</b></p>
<p class=""p1"">Высота топки</p>
<p class=""p1""><b>..... 460 мм</b></p>
<p class=""p1"">Ширина топки</p>
<p class=""p1""><b>..... 240/350 мм</b></p>
<p class=""p1"">Глубина топки</p>
<p class=""p1""><b>..... 260 мм</b></p>
<p class=""p1""><b>Характеристики облицовки</b></p>
<p class=""p1"">Порода камня</p>
<p class=""p1""><b>..... Серпентинит</b></p>
<p class=""p1"">Вид обработки</p>
<p class=""p1""><b>..... БАРХАТ</b></p>
<p class=""p1"">Толщина облицовки</p>
<p class=""p1""><b>..... 40 мм</b></p>",field_talkorus_tab_technical_content,Размеры и вес,field_talkorus_tab_dimensions_heading,"<p class=""p1"">Высота</p>
<p class=""p1""><b>..... 1780 мм</b></p>
<p class=""p1"">Ширина</p>
<p class=""p1""><b>..... 900 мм</b></p>
<p class=""p1"">Глубина</p>
<p class=""p1""><b>..... 790 мм</b></p>
<p class=""p1"">Вес изделия толщиной 50мм</p>
<p class=""p1""><b>..... 1311 кг</b></p>
<p class=""p1"">Вес изделия толщиной 40мм</p>
<p class=""p1""><b>..... 1311 кг</b></p>",field_talkorus_tab_dimensions_content,,field_talkorus_tab_cut_content,,field_talkorus_tab_scheme_content,,field_talkorus_tab_purpose_content,,field_talkorus_tab_advantages_content,,field_talkorus_tab_docs_content,,field_talkorus_tab_video_content,,field_talkorus_tab_projects_content,700,field_talkorus_product_feature_icon,Быстрая сухая сборка,field_talkorus_product_feature_title,686,field_talkorus_product_feature_icon,Эффективная конвекция,field_talkorus_product_feature_title,685,field_talkorus_product_feature_icon,"Система ""Чистое стекло""",field_talkorus_product_feature_title,687,field_talkorus_product_feature_icon,Облицовка Talkorus,field_talkorus_product_feature_title,4,field_talkorus_product_features
765,simple,,,Теплонакопительная печь камин Kreivi 25/1980 D SA,1,0,visible,,"<p><strong>Печи Kreivi 25/1980  D SA </strong> полностью разборные, что позволяет без замены всей печи поменять или отремонтировать любую деталь.</p>\n<h2>Топка повышенной мощности 25 киловатт</h2>\n<p>С помощью печи возможно всего за пару часов прогревать дом или коттедж  площадью до 100 квадратных метров. Помимо этого она усилена внутренними шамотными вставками, эффективно уменьшающих интенсивность инфракрасного излучения и обеспечивающих комфортную температуру в помещении.Благодаря шамотным кирпичу возможно поддерживать огонь долгое время и экономить дрова, что снизит затраты на отопление вплоть до 30%.</p>\n<p>Присутствие двухкомпонентной газоотводной системы в печи-камине позволяет эффективно использовать тепло и снизить риск повреждения дымохода. Это способствует более эффективному сгоранию топлива и обеспечивает безопасность эксплуатации печи-камина.</p>\n<h2>Облицовка печи из теплоемкого камня из Карелии</h2>\n<p>Способна поддерживать температуру в окружающей среде до 19 часов. Почти полностью нейтрализует агрессивное излучение от печи и превращает его в комфортное для человека тепло.  Нагретая до 70°С облицовка способна отдавать накопленное тепло в окружающую среду до 19 часов, просушить помещение (подойдет для влажного климата) и избежать образования плесени и грибка. Некоторые наши заказчики даже готовят еду на углях в подовой топке после протопки.</p>\n<p>Talkorus предлагает не только базовые модели, представленные на сайте, но и разработку индивидуальных проектов с учётом стиля помещения и предпочтений заказчиков. Доступно несколько вариантов камня облицовки, общего дизайна печи и фактурной обработки облицовки.</p>",,,taxable,,1,,,0,0,,,,1980,1,,,732370,"Для дома, Для дома > Печи-камины Talkorus, Для дома > Печи-камины Talkorus > Серия Печи с духовкой",,,"https://demo.talkorus.ru/wp-content/uploads/2026/06/talkorus-kreivi-25-dsa-1980_2-optimized.png, https://demo.talkorus.ru/wp-content/uploads/2026/06/talkorus-kreivi-25-dsa-1980_3-optimized.png, https://demo.talkorus.ru/wp-content/uploads/2026/06/talkorus-kreivi-25-dsa-1980_1-optimized.png",,,,,,,,,12,,,Площадь обогрева,60-100 м²,1,1,,,,,,1980,field_69f20d9c512d1,Стиль,Классика,1,1,Возможность готовить,Да,1,1,,Расположение,Пристенное,1,1,,,field_talkorus_tab_description_heading,,field_talkorus_tab_description_content,Технические данные,field_talkorus_tab_technical_heading,"<p class=""p1""><b>Общие характеристики</b></p>
<p class=""p1"">Тепловой КПД</p>
<p class=""p1""><b>..... 82 %</b></p>
<p class=""p1"">Время тепловой отдачи</p>
<p class=""p1""><b>..... до 19 часов</b></p>
<p class=""p1"">Площадь обогрева</p>
<p class=""p1""><b>..... 60-100 м²</b></p>
<p class=""p1"">Время прогрева помещения</p>
<p class=""p1""><b>..... от 2,5 до 4 часов</b></p>
<p class=""p1"">Длина дров</p>
<p class=""p1""><b>..... 450 мм</b></p>
<p class=""p1"">Сечение дымохода</p>
<p class=""p1""><b>..... 150 мм</b></p>
<p class=""p1""><b>Характеристики топки</b></p>
<p class=""p1"">Тип</p>
<p class=""p1""><b>..... Вихревая подовая</b></p>
<p class=""p1"">Тепловая мощность</p>
<p class=""p1""><b>..... 25 кВт</b></p>
<p class=""p1"">Толщина топочного шамотного кирпича</p>
<p class=""p1""><b>..... 75 мм</b></p>
<p class=""p1"">Высота топки</p>
<p class=""p1""><b>..... 460 мм</b></p>
<p class=""p1"">Ширина топки</p>
<p class=""p1""><b>..... 570/460 мм</b></p>
<p class=""p1"">Глубина топки</p>
<p class=""p1""><b>..... 380 мм</b></p>
<p class=""p1""><b>Характеристики облицовки</b></p>
<p class=""p1"">Порода камня</p>
<p class=""p1""><b>..... Серпентинит</b></p>
<p class=""p1"">Вид обработки</p>
<p class=""p1""><b>..... БАРХАТ</b></p>
<p class=""p1"">Толщина облицовки</p>
<p class=""p1""><b>..... 50 мм</b></p>",field_talkorus_tab_technical_content,Размеры и вес,field_talkorus_tab_dimensions_heading,"<p class=""p1"">Высота</p>
<p class=""p1""><b>..... 1980 мм</b></p>
<p class=""p1"">Ширина</p>
<p class=""p1""><b>..... 1200 мм</b></p>
<p class=""p1"">Глубина</p>
<p class=""p1""><b>..... 900 мм</b></p>
<p class=""p1"">Вес изделия толщиной 50мм</p>
<p class=""p1""><b>..... 1907 кг</b></p>",field_talkorus_tab_dimensions_content,,field_talkorus_tab_cut_content,,field_talkorus_tab_scheme_content,,field_talkorus_tab_purpose_content,,field_talkorus_tab_advantages_content,,field_talkorus_tab_docs_content,,field_talkorus_tab_video_content,,field_talkorus_tab_projects_content,700,field_talkorus_product_feature_icon,Быстрая сухая сборка,field_talkorus_product_feature_title,686,field_talkorus_product_feature_icon,Эффективная конвекция,field_talkorus_product_feature_title,685,field_talkorus_product_feature_icon,"Система ""Чистое стекло""",field_talkorus_product_feature_title,687,field_talkorus_product_feature_icon,Облицовка Talkorus,field_talkorus_product_feature_title,4,field_talkorus_product_features
769,simple,,,Теплонакопительная печь камин Kreivi 25/1690 D SA,1,0,visible,,"<p>Печь теплонакопительная (камин) модели <strong>Kreivi 25 DSA 1690</strong> — оптимальный вариант источника отопления для больших помещений, имеющих площадь от 60 до 100 квадратных метров. Сочетание технических характеристик делают этот камин одним из лучших отопительных приборов.</p>\n<h2>Характеристики теплонакопительной печи-камина Kreivi 25 DSA 1690 </h2>\n<h3>Способна обогреть помещение площадью до 100 квадратов</h3>\n<p>Модель разработана специально для использования в качестве источника отопления в средних и больших помещениях. Вы сможете наслаждаться теплом в любой комнате дома. </p>\n<h3>Прогревает помещение за 2,5-4 часа</h3>\n<p>Зависит от размера помещения, но благодаря мощности 25 киловатт, а также конвекции печь-камин Kreivi 25 DSA 1690 быстро прогревает помещения площадью от 60 до 100 м2.</p>\n<h3>Отдает тепло в окружающую среду до 17 часов</h3>\n<p>Благодаря запатентованной конструкции печь-камин Kreivi 25 DSA 1690 греет до 17 часов после окончания топки. Это позволяет снизить затраты на топливо. </p>\n<h3>Выделяет до 25 киловатт тепла</h3>\n<p>Печь камин Kreivi 25 DSA 1690 имеет повышенную тепловую мощность, поэтому подходит для больших помещений.</p>\n<h3>Можно собрать самостоятельно</h3>\n<p>Печь поставляется разобранная, в виде отдельных деталей. Для сборки не нужны особые навыки и клей. За 2 часа вы сможете наслаждаться теплом и красотой в своем доме.</p>\n<p>Благодаря мощной конвекционной системе Kreivi 25 DSA 1690 тепло в помещении распределяется равномерно.</p>\n<h3>Вихревая подовая топка</h3>\n<p>Обладая способностью эффективно сжигать дрова, обеспечивает получение большего количества тепла за единицу времени и энергии. Кроме того, она оснащена двухконтурной газоотводной системой. </p>\n<p>Наличие двухконтурной газоотводной системы обеспечивает эффективное использование тепла и снижает риск повреждения дымохода. Это способствует более экономичному сжиганию топлива и обеспечивает безопасность при использовании камина.</p>\n<h2>Авторская облицовка из камня серпентинит в обработке «бархат»</h2>\n<p>Серпентинит — прочный материал, который может выдерживать экстремальные температуры и не подвержен истиранию. Благодаря этим свойствам он подходит для использования в качестве облицовки. Кроме того, серпентинит имеет эстетичный внешний вид. Его текстура гладкая и неоднородная, а цвет  может быть серых или зеленых оттенков. По этой причине печь-камин Kreivi 25 DTG 1690 является не только эффективным источником тепла, но и стильным элементом интерьера. Разнообразие цветов и фактур природного камня позволяет легко вписать печь в любой дизайн, от классики до современного или лофт.</p>",,,taxable,,1,,,0,0,,,,1690,1,,,672110,"Для дома, Для дома > Печи-камины Talkorus, Для дома > Печи-камины Talkorus > Серия Печи с духовкой",,,"https://demo.talkorus.ru/wp-content/uploads/2026/06/kreivi-25-1690-dsa-1-optimized.webp, https://demo.talkorus.ru/wp-content/uploads/2026/06/kreivi-25-1690-dsa-2-optimized.webp, https://demo.talkorus.ru/wp-content/uploads/2026/06/kreivi-25-1690-dsa-3-optimized.webp",,,,,,,,,13,,,Площадь обогрева,60-100 м²,1,1,,,,,,1690,field_69f20d9c512d1,Стиль,Классика,1,1,Возможность готовить,Да,1,1,,Расположение,Пристенное,1,1,,,field_talkorus_tab_description_heading,,field_talkorus_tab_description_content,Технические данные,field_talkorus_tab_technical_heading,"<p class=""p1""><b>Общие характеристики</b></p>
<p class=""p1"">Тепловой КПД</p>
<p class=""p1""><b>..... 82 %</b></p>
<p class=""p1"">Время тепловой отдачи</p>
<p class=""p1""><b>..... до 17 часов</b></p>
<p class=""p1"">Площадь обогрева</p>
<p class=""p1""><b>..... 60-100 м²</b></p>
<p class=""p1"">Время прогрева помещения</p>
<p class=""p1""><b>..... от 2,5 до 4 часов</b></p>
<p class=""p1"">Длина дров</p>
<p class=""p1""><b>..... 450 мм</b></p>
<p class=""p1"">Сечение дымохода</p>
<p class=""p1""><b>..... 150 мм</b></p>
<p class=""p1""><b>Характеристики топки</b></p>
<p class=""p1"">Тип</p>
<p class=""p1""><b>..... Вихревая подовая</b></p>
<p class=""p1"">Тепловая мощность</p>
<p class=""p1""><b>..... 25 кВт</b></p>
<p class=""p1"">Толщина топочного шамотного кирпича</p>
<p class=""p1""><b>..... 75 мм</b></p>
<p class=""p1"">Высота топки</p>
<p class=""p1""><b>..... 460 мм</b></p>
<p class=""p1"">Ширина топки</p>
<p class=""p1""><b>..... 570/460 мм</b></p>
<p class=""p1"">Глубина топки</p>
<p class=""p1""><b>..... 380 мм</b></p>
<p class=""p1""><b>Характеристики облицовки</b></p>
<p class=""p1"">Порода камня</p>
<p class=""p1""><b>..... Серпентинит</b></p>
<p class=""p1"">Вид обработки</p>
<p class=""p1""><b>..... БАРХАТ</b></p>
<p class=""p1"">Толщина облицовки</p>
<p class=""p1""><b>..... 50 мм</b></p>",field_talkorus_tab_technical_content,Размеры и вес,field_talkorus_tab_dimensions_heading,"<p class=""p1"">Высота</p>
<p class=""p1""><b>..... 1690 мм</b></p>
<p class=""p1"">Ширина</p>
<p class=""p1""><b>..... 1060 мм</b></p>
<p class=""p1"">Глубина</p>
<p class=""p1""><b>..... 900 мм</b></p>
<p class=""p1"">Вес изделия толщиной 50мм</p>
<p class=""p1""><b>..... 1595 кг</b></p>",field_talkorus_tab_dimensions_content,,field_talkorus_tab_cut_content,,field_talkorus_tab_scheme_content,,field_talkorus_tab_purpose_content,,field_talkorus_tab_advantages_content,,field_talkorus_tab_docs_content,,field_talkorus_tab_video_content,,field_talkorus_tab_projects_content,700,field_talkorus_product_feature_icon,Быстрая сухая сборка,field_talkorus_product_feature_title,686,field_talkorus_product_feature_icon,Эффективная конвекция,field_talkorus_product_feature_title,685,field_talkorus_product_feature_icon,"Система ""Чистое стекло""",field_talkorus_product_feature_title,687,field_talkorus_product_feature_icon,Облицовка Talkorus,field_talkorus_product_feature_title,4,field_talkorus_product_features
773,simple,,,Теплонакопительная печь камин Kreivi 25/1690 DLSL,1,0,visible,,"<p>Теплонакопительная печь камин Kreivi 25 DLSL 1690 — это высокоэффективное средство для обогрева вашего дома. Эта печь обладает множеством особенностей, которые делают ее подходящей для любого помещения.</p>\n<h2>Технические характеристики </h2>\n<p>Kreivi 25 DLSL 1690 способна обогреть помещение площадью от 60 до 100 квадратных метров, что делает её одним из лучших приобретений. Благодаря своей мощности она распределяет тепло равномерно по всему помещению, создавая комфортную температуру, а также делая помещение более уютным в любое время года.</p>\n<ul>\n<li style=""font-weight: 400"">Прогрев помещения от 2,5 до 4 часов. Благодаря своей энергоэффективности печь Kreivi 25 DLSL 1690 способна обогреть дом площадью 60 м2 всего за 2,5 часа. Это поможет сэкономить время и снизит затраты на отопление.</li>\n<li style=""font-weight: 400"">Теплоотдача до 17 часов. Одним из главных преимуществ этой печи можно назвать ее способность сохранять и выделять тепло в течение долгого времени. После завершения прогрева печь-камин будет поддерживать комфортную температуру в комнате до 17 часов.</li>\n<li style=""font-weight: 400"">Тепловая мощность — 25 киловатт. Kreivi 25 DLSL 1690 обладает повышенной тепловой мощностью в 25 киловатт, что позволяет ей быстро обогревать большие помещения.</li>\n<li style=""font-weight: 400"">Сухая сборка. Установка и сборка печи Kreivi 25 DLSL 1690 реализована как конструктор без использования клея. Всего через 2 часа вы убедитесь  в эффективности этой печи в своём доме, а также насладитесь её красотой. Если потребуется, Талькорус порекомендует монтажную компанию, которая сделает все за вас.</li>\n<li style=""font-weight: 400"">Конвекция повышенной мощности. Печь Kreivi 25 DLSL 1690 оснащена блоком конвекции. Это помогает создать комфортную температуру даже в самых удаленных уголках больших помещений.</li>\n<li style=""font-weight: 400"">Вихревая подовая топка. Печь Kreivi 25 DLSL 1690 оснащена вихревой подовой топкой, которая обеспечивает эффективное сгорание топлива и полный вывод тепла. Вы получите максимум тепла при минимальном расходе топлива. Также за счёт конструкции топки не нужно постоянно подкидывать дрова.</li>\n</ul>\n<p>Авторская облицовка из камня Lappia Silver в обработке «Премиум». За счёт этой облицовки печь имеет стильный дизайн. Камень способен выдержать экстремальные температуры, обладает повышенной твердостью и податлив при работе с ним. Благодаря этому Talkorus гарантирует качество работы. Модель Kreivi 25 DLSL 1690 отделана авторской облицовкой Talkorus из натурального камня Lappia Silver, обработанного по технологии «Премиум».</p>\n<p>Мастера Талькорус знают и могут реализовать различные методы обработки камня, дизайна и толщины облицовки для любых потребностей. Модель, представленная на фото, — это базовый вариант. Возможно изготовление печи в любом дизайне, с использованием любого камня (серпентинит, талькомагнезит, Lappia Silver) с фактурной обработкой.</p>",,,taxable,,1,,,0,0,,,,1690,1,,,813150,"Для дома, Для дома > Печи-камины Talkorus, Для дома > Печи-камины Talkorus > Серия Печи с духовкой",,,"https://demo.talkorus.ru/wp-content/uploads/2026/06/kreivi-25-dlsl-1690_2-optimized.png, https://demo.talkorus.ru/wp-content/uploads/2026/06/kreivi-25-dlsl-1690_3-optimized.png, https://demo.talkorus.ru/wp-content/uploads/2026/06/kreivi-25-dlsl-1690_1-optimized.png",,,,,,,,,14,,,Площадь обогрева,60-100 м²,1,1,,,,,,1690,field_69f20d9c512d1,Стиль,Эксклюзив,1,1,Возможность готовить,Да,1,1,,Расположение,Пристенное,1,1,,,field_talkorus_tab_description_heading,,field_talkorus_tab_description_content,Технические данные,field_talkorus_tab_technical_heading,"<p class=""p1""><b>Общие характеристики</b></p>
<p class=""p1"">Тепловой КПД</p>
<p class=""p1""><b>..... 82 %</b></p>
<p class=""p1"">Время тепловой отдачи</p>
<p class=""p1""><b>..... до 17 часов</b></p>
<p class=""p1"">Площадь обогрева</p>
<p class=""p1""><b>..... 60-100 м²</b></p>
<p class=""p1"">Время прогрева помещения</p>
<p class=""p1""><b>..... от 2,5 до 4 часов</b></p>
<p class=""p1"">Длина дров</p>
<p class=""p1""><b>..... 450 мм</b></p>
<p class=""p1"">Сечение дымохода</p>
<p class=""p1""><b>..... 150 мм</b></p>
<p class=""p1""><b>Характеристики топки</b></p>
<p class=""p1"">Тип</p>
<p class=""p1""><b>..... Вихревая подовая</b></p>
<p class=""p1"">Тепловая мощность</p>
<p class=""p1""><b>..... 25 кВт</b></p>
<p class=""p1"">Толщина топочного шамотного кирпича</p>
<p class=""p1""><b>..... 65 мм</b></p>
<p class=""p1"">Высота топки</p>
<p class=""p1""><b>..... 460 мм</b></p>
<p class=""p1"">Ширина топки</p>
<p class=""p1""><b>..... 570/460 мм</b></p>
<p class=""p1"">Глубина топки</p>
<p class=""p1""><b>..... 380 мм</b></p>
<p class=""p1""><b>Характеристики облицовки</b></p>
<p class=""p1"">Порода камня</p>
<p class=""p1""><b>..... Lappia Silver</b></p>
<p class=""p1"">Вид обработки</p>
<p class=""p1""><b>..... ПРЕМИУМ</b></p>
<p class=""p1"">Толщина облицовки</p>
<p class=""p1""><b>..... 50 мм</b></p>",field_talkorus_tab_technical_content,Размеры и вес,field_talkorus_tab_dimensions_heading,"<p class=""p1"">Высота</p>
<p class=""p1""><b>..... 1690 мм</b></p>
<p class=""p1"">Ширина</p>
<p class=""p1""><b>..... 1060 мм</b></p>
<p class=""p1"">Глубина</p>
<p class=""p1""><b>..... 900 мм</b></p>
<p class=""p1"">Вес изделия толщиной 50мм</p>
<p class=""p1""><b>..... 1595 кг</b></p>
<p class=""p1"">Вес изделия толщиной 40мм</p>
<p class=""p1""><b>..... 1450 кг</b></p>",field_talkorus_tab_dimensions_content,,field_talkorus_tab_cut_content,,field_talkorus_tab_scheme_content,,field_talkorus_tab_purpose_content,,field_talkorus_tab_advantages_content,,field_talkorus_tab_docs_content,,field_talkorus_tab_video_content,,field_talkorus_tab_projects_content,700,field_talkorus_product_feature_icon,Быстрая сухая сборка,field_talkorus_product_feature_title,686,field_talkorus_product_feature_icon,Эффективная конвекция,field_talkorus_product_feature_title,685,field_talkorus_product_feature_icon,"Система ""Чистое стекло""",field_talkorus_product_feature_title,687,field_talkorus_product_feature_icon,Облицовка Talkorus,field_talkorus_product_feature_title,4,field_talkorus_product_features
777,simple,,,Теплонакопительная печь-камин Katarina 20/1720 D SA,1,0,visible,,"<p>В условиях повышенных требований к отопительным системам теплонакопительная печь-камин Katarina 20/1720 D SA выделяется среди других решений. Она демонстрирует повышенную тепловую мощность и энергоэффективность, что делает эту и другие модели более предпочтительными по сравнению с традиционными чугунными и стальными печами.</p>\n<h2>Преимущества Katarina 20/1720 D SA</h2>\n<h3>Быстрая сухая сборка</h3>\n<p>Печь можно собрать самостоятельно, без сложных строительных работ и специальных инструментов. Это экономит время и усилия и делает установку доступной для большинства «‎пользователей» камина. В отличие от традиционных кирпичных печей, которые требуют затрат времени и труда на монтаж, этот камин позволяет быстро организовать систему отопления. Кроме того, независимо от модели печи в комплекте всегда присутствует пошаговая инструкция по сборке облицовки. Собирается она как конструктор — каждый элемент имеет номер и крепится на алюминиевые направляющие. Поэтому для сборки не нужен клей и инструменты. А если у вас нет времени заниматься сборкой самостоятельно — Талькорус порекомендует проверенную монтажную компанию в вашем городе.</p>\n<h3>Эффективная конвекция</h3>\n<p>Камин обеспечивает равномерное распределение тепла по помещению. Это происходит благодаря конструкции, которая способствует активной конвекции. В отличие от чугунных и стальных печей, которые создают локализованные зоны нагрева, Katarina 20/1720 D SA обеспечивает комфортные условия даже в больших пространствах. Эффективная конвекция позволяет оптимально использовать тепло, что делает её подходящим выбором для помещений площадью от 40 до 80 м².</p>\n<h3>Авторская облицовка Talkorus</h3>\n<p>Облицовка выполнена из серпентинита, который обладает повышенной теплоемкостью и долговечностью. Этот материал не только эстетичен, но и обеспечивает надежное, долговечное использование печи. Облицовка Talkorus добавит любому интерьеру стиля и изящества. В отличие от чугунных и стальных печей, интерьерные возможности которых ограничены, модель Katarina и другие камины с облицовкой из серпентинита более разнообразные в дизайне и выборе отделки.</p>\n<h3>Наличие духовки</h3>\n<p>Духовка, которая греется до 200-250 градусов за 2-2,5 часа, позволяет готовить вкусные блюда, что делает камин универсальным решением для дома.</p>\n<h4>Преимущества приготовления в духовке Talkorus</h4>\n<ul>\n<li style=""font-weight: 400""><span style=""font-weight: 400"">Готовим без масла. Это важно для тех, кто следит за своим питанием, в особенности — контролирует потребление жиров. Запекание овощей, рыбы или мяса в духовке данной печи позволяет сохранить их натуральный вкус и текстуру, а за счет медленного, равномерного нагрева снижается риск пригорания, поэтому масло не понадобится;</span></li>\n<li> Сохранение полезных веществ. Приготовление в духовке помогает сохранить питательные вещества в продуктах. Мясо, рыба и овощи, приготовленные в такой духовке, сохраняют больше витаминов и минералов, чем при традиционных методах приготовления. Это делает блюда не только вкусными, но и полезными для здоровья;</li>\n<li> Простота и удобство. Готовить в духовке просто, даже если вы новичок в готовке. За счет того, что пища готовится медленно, за ней не нужно постоянно следить и бояться, что что-то пригорит.</li>\n</ul>\n<h2>Принцип работы теплонакопительной печи</h2>\n<p>Katarina 20/1720 D SA оснащена двухоборотной системой отвода газов. В начале процесса горения дымовые газы проходят вокруг печи, а затем направляются в дымоход. Это позволяет максимально эффективно использовать тепло, получаемое от сгорания топлива, что увеличивает общую энергоэффективность камина. </p>\n<p> </p>\n<p>Заслонка в процессе топки может находиться в 2 состояниях:</p>\n<ol>\n<li style=""font-weight: 400"">В открытом состоянии дымовые газы идут сразу в дымоход. Открывать ее необходимо в начале растопки, когда необходимо быстро вывести дым и обеспечить приток воздуха для разжигания огня. Такой режим позволяет избежать задымления помещения и обеспечивает ускоренное разгорание;</li>\n<li style=""font-weight: 400"">В закрытом состоянии дымовые газы сначала проходят по внутреннему контуру камина, что дает возможность им остыть и отдать часть тепла облицовке. Это способствует пролонгированной теплоотдаче и продлевает срок службы дымохода, поскольку он не перегревается.</li>\n</ol>\n<h2>Сравнение каменных каминов Talkorus с другими видами печей</h2>\n<ol>\n<li style=""font-weight: 400"">Чугунные печи. Обладают хорошей теплопроводностью, поэтому быстро остывают;</li>\n<li style=""font-weight: 400"">Стальные печи. За минимальное время нагреваются сами и нагревают помещение, но пролонгированная теплоотдача практически отсутствует, поскольку металл быстро нагревается и быстро остывает. Поэтому тепло от стальной печи идет только пока горят дрова;</li>\n<li style=""font-weight: 400"">Кирпичные печи. По времени нагрева и теплоотдачи сравнимы с каменными печами, но устанавливать, а также обслуживать такую печь может только специалист в печном деле, которых в России осталось мало. В то время как любую каменную печь Талькорус можно собрать и установить самостоятельно по инструкции — как конструктор. Кроме того, как облицовка, так и корпус камина полностью ремонтопригодны.</li>\n</ol>\n<h2>Почему стоит купить теплонакопительную печь от Talkorus</h2>\n<p>Популярность теплонакопительных печей среди владельцев загородных домов и дач постоянно растет. Причины этого следующие:</p>\n<ol>\n<li style=""font-weight: 400"">Экономия топлива. За счет того, что не нужно постоянно поддерживать горение в печи, обеспечивается экономия дров до 30 и более процентов;</li>\n<li style=""font-weight: 400"">Комфорт и уют. Тепло, создаваемое камином, не содержит вредного излучения инфракрасного спектра, поэтому создает комфортную атмосферу и безопасно для здоровья;</li>\n<li style=""font-weight: 400"">Экологичность. Современные технологии производства каменных печей обеспечивают сниженный уровень выбросов и почти полное сгорание топлива, что делает использование каменной печи более экологически чистым в сравнении с другими видами печей.</li>\n</ol>",,,taxable,,1,,,0,0,,,,1720,1,,,519950,"Для дома, Для дома > Печи-камины Talkorus, Для дома > Печи-камины Talkorus > Серия Печи с духовкой",,,"https://demo.talkorus.ru/wp-content/uploads/2026/06/katarina-20-1700-dsa-1-optimized.webp, https://demo.talkorus.ru/wp-content/uploads/2026/06/katarina-20-1700-dsa-2-optimized.webp, https://demo.talkorus.ru/wp-content/uploads/2026/06/katarina-20-1720-dsa-3-optimized.jpg",,,,,,,,,15,,,Площадь обогрева,40-80 м²,1,1,,,,,,1720,field_69f20d9c512d1,Стиль,Классика,1,1,Возможность готовить,Да,1,1,,Расположение,Пристенное,1,1,,,field_talkorus_tab_description_heading,,field_talkorus_tab_description_content,Технические данные,field_talkorus_tab_technical_heading,"<p class=""p1""><b>Общие характеристики</b></p>
<p class=""p1"">Тепловой КПД</p>
<p class=""p1""><b>..... 82 %</b></p>
<p class=""p1"">Время тепловой отдачи</p>
<p class=""p1""><b>..... до 15 часов</b></p>
<p class=""p1"">Площадь обогрева</p>
<p class=""p1""><b>..... 40-80 м²</b></p>
<p class=""p1"">Время прогрева помещения</p>
<p class=""p1""><b>..... от 2 до 4 часов</b></p>
<p class=""p1"">Длина дров</p>
<p class=""p1""><b>..... 400 мм</b></p>
<p class=""p1"">Сечение дымохода</p>
<p class=""p1""><b>..... 130 мм</b></p>
<p class=""p1""><b>Характеристики топки</b></p>
<p class=""p1"">Тип</p>
<p class=""p1""><b>..... Вихревая подовая</b></p>
<p class=""p1"">Тепловая мощность</p>
<p class=""p1""><b>..... 20 кВт</b></p>
<p class=""p1"">Толщина топочного шамотного кирпича</p>
<p class=""p1""><b>..... 65 мм</b></p>
<p class=""p1"">Высота топки</p>
<p class=""p1""><b>..... 460 мм</b></p>
<p class=""p1"">Ширина топки</p>
<p class=""p1""><b>..... 240/350 мм</b></p>
<p class=""p1"">Глубина топки</p>
<p class=""p1""><b>..... 260 мм</b></p>
<p class=""p1""><b>Характеристики облицовки</b></p>
<p class=""p1"">Порода камня</p>
<p class=""p1""><b>..... Серпентинит</b></p>
<p class=""p1"">Вид обработки</p>
<p class=""p1""><b>..... БАРХАТ</b></p>
<p class=""p1"">Толщина облицовки</p>
<p class=""p1""><b>..... 40 мм</b></p>",field_talkorus_tab_technical_content,Размеры и вес,field_talkorus_tab_dimensions_heading,"<p class=""p1"">Высота</p>
<p class=""p1""><b>..... 1720 мм</b></p>
<p class=""p1"">Ширина</p>
<p class=""p1""><b>..... 760 мм</b></p>
<p class=""p1"">Глубина</p>
<p class=""p1""><b>..... 780 мм</b></p>
<p class=""p1"">Вес изделия толщиной 50мм</p>
<p class=""p1""><b>..... 1109 кг</b></p>
<p class=""p1"">Вес изделия толщиной 40мм</p>
<p class=""p1""><b>..... 998 кг</b></p>",field_talkorus_tab_dimensions_content,,field_talkorus_tab_cut_content,,field_talkorus_tab_scheme_content,,field_talkorus_tab_purpose_content,,field_talkorus_tab_advantages_content,,field_talkorus_tab_docs_content,,field_talkorus_tab_video_content,,field_talkorus_tab_projects_content,700,field_talkorus_product_feature_icon,Быстрая сухая сборка,field_talkorus_product_feature_title,686,field_talkorus_product_feature_icon,Эффективная конвекция,field_talkorus_product_feature_title,685,field_talkorus_product_feature_icon,"Система ""Чистое стекло""",field_talkorus_product_feature_title,687,field_talkorus_product_feature_icon,Облицовка Talkorus,field_talkorus_product_feature_title,4,field_talkorus_product_features
781,simple,,,Теплонакопительная печь-камин Karhu 20/1650 D SA,1,0,visible,,"<p>Теплонакопительная печь-камин Karhu 20/1650 DSA от Talkorus — это идеальное решение для тех, кто хочет совместить приятное с полезным. Эта модель воплощает в себе сочетание современных технологий и эстетичного дизайна. Поэтому Karhu 20/1650 DSA позволит создать уютную и комфортную обстановку в доме.</p>\n<p>Покупатели Karhu 20/1650 D SA в отзывах отмечают большую площадь обогрева, которая составляет от 40 до 80 квадратных метров. Это означает, что печь подойдет для помещений различного размера. </p>\n<p>От других аналогичных моделей на рынке Karhu 20/1650 DSA отличает быстрое время прогрева. Помещение будет прогрето до комфортной температуры за несколько часов (для прогрева требуется от 2 до 4 часов). Кроме того, тепло, накопленное в печи, будет равномерно распределяться по помещению в течение до 19 часов, что обеспечивает продолжительное отопление дома.</p>\n<h2>Характеристики печи-камина Karhu 20/1650 D SA</h2>\n<p>Тепловая мощность Karhu 20/1650 D SA составляет 20 киловатт, что гарантирует надежный и эффективный обогрев даже в холодные зимние дни.</p>\n<p>Сборка печи-камина осуществляется быстро и без лишних усилий. Печь-камин будет готова к использованию уже через несколько часов после доставки. Это возможно благодаря конструкции печи. Она спроектирована таким образом, чтобы обеспечить сухую сборку. </p>\n<p>Эффективная конвекция является дополнительным преимуществом этой модели. Она позволяет равномерно распределять тепло по всему помещению, обеспечивая комфортную температуру в каждом уголке. Вы забудете о холодных зонах или перегретых участках — Karhu 20/1650 D SA позволит равномерно прогреть помещение площадью до 80 квадратных метров.</p>\n<p>Печь  Karhu 20/1650 D SA имеет наружную отделку — теплонакопительную облицовку Talkorus из природного серпентинита. Этот природный камень имеет повышенную теплоемкость и способен накапливать тепло, а также отдавать его в окружающую среду до 16 часов. </p>\n<p>За счет “модульной” конструкции при ремонте печь не нужно разбирать. Все детали (включая элементы наружной облицовки) подлежат замене. </p>\n<p>Облицовка, представленная на фото, — это “базовый” вариант. Однако для клиентов Талькорус доступен выбор любого внешнего вида, ведь природный камень может иметь самые разные текстуры. При этом вы сможете быть уверенными, что такой печи больше ни у кого нет — в природе не найти повторяющихся текстур камня, они все разные.</p>",,,taxable,,1,,,0,0,,,,1650,1,,,562930,"Для дома, Для дома > Печи-камины Talkorus, Для дома > Печи-камины Talkorus > Серия Печи с духовкой",,,"https://demo.talkorus.ru/wp-content/uploads/2026/06/bez-imeni-1-2-1-optimized.jpg, https://demo.talkorus.ru/wp-content/uploads/2026/06/bez-imeni-3-1-1-optimized.jpg, https://demo.talkorus.ru/wp-content/uploads/2026/06/bez-imeni-2-1-optimized.jpg",,,,,,,,,16,,,Площадь обогрева,40-80 м²,1,1,,,,,,1650,field_69f20d9c512d1,Стиль,Модерн,1,1,Возможность готовить,Да,1,1,,,,,,,,field_talkorus_tab_description_heading,,field_talkorus_tab_description_content,Технические данные,field_talkorus_tab_technical_heading,"<p class=""p1""><b>Общие характеристики</b></p>
<p class=""p1"">Тепловой КПД</p>
<p class=""p1""><b>..... 82 %</b></p>
<p class=""p1"">Время тепловой отдачи</p>
<p class=""p1""><b>..... до 16 часов</b></p>
<p class=""p1"">Площадь обогрева</p>
<p class=""p1""><b>..... 40-80 м²</b></p>
<p class=""p1"">Время прогрева помещения</p>
<p class=""p1""><b>..... от 2 до 4 часов</b></p>
<p class=""p1"">Длина дров</p>
<p class=""p1""><b>..... 400 мм</b></p>
<p class=""p1"">Сечение дымохода</p>
<p class=""p1""><b>..... 130 мм</b></p>
<p class=""p1""><b>Характеристики топки</b></p>
<p class=""p1"">Тип</p>
<p class=""p1""><b>..... Вихревая подовая</b></p>
<p class=""p1"">Тепловая мощность</p>
<p class=""p1""><b>..... 20 кВт</b></p>
<p class=""p1"">Толщина топочного шамотного кирпича</p>
<p class=""p1""><b>..... 65 мм</b></p>
<p class=""p1"">Высота топки</p>
<p class=""p1""><b>..... 460 мм</b></p>
<p class=""p1"">Ширина топки</p>
<p class=""p1""><b>..... 240/350 мм</b></p>
<p class=""p1"">Глубина топки</p>
<p class=""p1""><b>..... 260 мм</b></p>
<p class=""p1""><b>Характеристики облицовки</b></p>
<p class=""p1"">Порода камня</p>
<p class=""p1""><b>..... Серпентинит</b></p>
<p class=""p1"">Вид обработки</p>
<p class=""p1""><b>..... БАРХАТ</b></p>
<p class=""p1"">Толщина облицовки</p>
<p class=""p1""><b>..... 40 мм</b></p>",field_talkorus_tab_technical_content,Размеры и вес,field_talkorus_tab_dimensions_heading,"<p class=""p1"">Высота</p>
<p class=""p1""><b>..... 1650 мм</b></p>
<p class=""p1"">Ширина</p>
<p class=""p1""><b>..... 1286 мм</b></p>
<p class=""p1"">Глубина</p>
<p class=""p1""><b>..... 913 мм</b></p>
<p class=""p1"">Вес изделия толщиной 50мм</p>
<p class=""p1""><b>..... 1236 кг</b></p>",field_talkorus_tab_dimensions_content,,field_talkorus_tab_cut_content,,field_talkorus_tab_scheme_content,,field_talkorus_tab_purpose_content,,field_talkorus_tab_advantages_content,,field_talkorus_tab_docs_content,,field_talkorus_tab_video_content,,field_talkorus_tab_projects_content,700,field_talkorus_product_feature_icon,Быстрая сухая сборка,field_talkorus_product_feature_title,686,field_talkorus_product_feature_icon,Эффективная конвекция,field_talkorus_product_feature_title,685,field_talkorus_product_feature_icon,"Система ""Чистое стекло""",field_talkorus_product_feature_title,687,field_talkorus_product_feature_icon,Облицовка Talkorus,field_talkorus_product_feature_title,4,field_talkorus_product_features
785,simple,,,Теплонакопительная печь Tower 25/1900 D SA,1,0,visible,,"<p>Для больших помещений, которые имеют площадь от 60 до 100 квадратных метров, незаменимым вариантом отопления является теплонакопительная печь Tower 25/1900 DSA. Благодаря своим техническим характеристикам этот камин — один из лучших в своем классе и обеспечивает энергоэффективное отопление.</p>\n<h2>Технические характеристики теплонакопительной печи-камина Tower 25/1900 D SA</h2>\n<p>Подходит для обогрева помещений площадью до 100 квадратов. Эта модель разработана специально для использования в средних и больших помещениях. Она способна обогревать площадь до 100 квадратных метров. С ней можно наслаждаться теплом в любой комнате дома.</p>\n<ul>\n<li style=""font-weight: 400"">2,5-4 часа — время на прогрев помещения. Благодаря своей мощности в 25 киловатт и конвекционной технологии, печь-камин Torua способна прогреть помещение любого размера до 100 квадратов за 2,5-4 часа. Время прогрева зависит от размера помещения.</li>\n<li style=""font-weight: 400"">Большая теплоемкость печи-камина. За счет конструкционных решений компании  печь-камин способна сохранять тепло и отдавать его в окружающую среду в течение 19 часов после окончания топки. Благодаря этому можно сократить расходы на покупку дров.</li>\n<li style=""font-weight: 400"">Энергоэффективность 25 киловатт. Камин Tower 25/1900 DSA имеет повышенную тепловую мощность, поэтому подходит для больших помещений.</li>\n<li style=""font-weight: 400"">Можно собрать самостоятельно. Вы можете собрать печь самостоятельно. Она поставляется в разобранном виде, состоящем из отдельных деталей. Для сборки не требуются специальные навыки или клей. Сама сборка осуществляется  по “сухой” технологии.</li>\n</ul>\n<h2>Вихревая подовая топка</h2>\n<p>Обладая способностью эффективно сжигать дрова, обеспечивает получение большего количества тепла за единицу времени и энергии. Кроме того, она оснащена двухконтурной газоотводной системой. </p>\n<p>Наличие двухконтурной газоотводной системы обеспечивает энергоэффективное использование тепла и снижает риск повреждения дымохода. Это способствует более экономичному сжиганию топлива и обеспечивает безопасность при использовании камина.</p>\n<h2>Авторская облицовка из камня серпентинит в обработке «бархат»</h2>\n<p>Серпентинит имеет повышенную прочность и способен выдерживать сильные колебания температур без износа. Эти свойства делают его подходящим материалом для облицовки. Кроме того, серпентинит имеет эстетичный дизайн. Отличается гладкой, ровной поверхностью, а цвет может быть серым, зеленым. Фактурная обработка бархат придает эффект тиснения. Благодаря этим особенностям печь-камин  не только обеспечивает равномерное отопление, но и дополняет интерьер. Большой выбор цветов и фактур серпентинита позволяет легко вписать эту печь в любой стиль дизайна, будь то классический, модерн или лофт.</p>",,,taxable,,1,,,0,0,,,,1900,1,,,648590,"Для дома, Для дома > Печи-камины Talkorus, Для дома > Печи-камины Talkorus > Серия Печи с духовкой",,,"https://demo.talkorus.ru/wp-content/uploads/2026/06/tower-25-1900-dsa-optimized.webp, https://demo.talkorus.ru/wp-content/uploads/2026/06/tower-25-1900-dsa2-optimized.webp, https://demo.talkorus.ru/wp-content/uploads/2026/06/tower-25-1900-dsa3-optimized.webp",,,,,,,,,18,,,Площадь обогрева,60-100 м²,1,1,,,,,,1900,field_69f20d9c512d1,Стиль,Классика,1,1,Возможность готовить,Да,1,1,,Расположение,Пристенное,1,1,,,field_talkorus_tab_description_heading,,field_talkorus_tab_description_content,Технические данные,field_talkorus_tab_technical_heading,"<p class=""p1""><b>Общие характеристики</b></p>
<p class=""p1"">Тепловой КПД</p>
<p class=""p1""><b>..... 82 %</b></p>
<p class=""p1"">Время тепловой отдачи</p>
<p class=""p1""><b>..... до 19 часов</b></p>
<p class=""p1"">Площадь обогрева</p>
<p class=""p1""><b>..... 60-100 м²</b></p>
<p class=""p1"">Время прогрева помещения</p>
<p class=""p1""><b>..... от 2,5 до 4 часов</b></p>
<p class=""p1"">Длина дров</p>
<p class=""p1""><b>..... 450 мм</b></p>
<p class=""p1"">Сечение дымохода</p>
<p class=""p1""><b>..... 150 мм</b></p>
<p class=""p1""><b>Характеристики топки</b></p>
<p class=""p1"">Тип</p>
<p class=""p1""><b>..... Вихревая подовая</b></p>
<p class=""p1"">Тепловая мощность</p>
<p class=""p1""><b>..... 25 кВт</b></p>
<p class=""p1"">Толщина топочного шамотного кирпича</p>
<p class=""p1""><b>..... 75 мм</b></p>
<p class=""p1"">Высота топки</p>
<p class=""p1""><b>..... 460 мм</b></p>
<p class=""p1"">Ширина топки</p>
<p class=""p1""><b>..... 570/460 мм</b></p>
<p class=""p1"">Глубина топки</p>
<p class=""p1""><b>..... 380 мм</b></p>
<p class=""p1""><b>Характеристики облицовки</b></p>
<p class=""p1"">Порода камня</p>
<p class=""p1""><b>..... Серпентинит</b></p>
<p class=""p1"">Вид обработки</p>
<p class=""p1""><b>..... БАРХАТ</b></p>
<p class=""p1"">Толщина облицовки</p>
<p class=""p1""><b>..... 40 мм</b></p>",field_talkorus_tab_technical_content,Размеры и вес,field_talkorus_tab_dimensions_heading,"<p class=""p1"">Высота</p>
<p class=""p1""><b>..... 1900 мм</b></p>
<p class=""p1"">Ширина</p>
<p class=""p1""><b>..... 1180 мм</b></p>
<p class=""p1"">Глубина</p>
<p class=""p1""><b>..... 800 мм</b></p>",field_talkorus_tab_dimensions_content,,field_talkorus_tab_cut_content,,field_talkorus_tab_scheme_content,,field_talkorus_tab_purpose_content,,field_talkorus_tab_advantages_content,,field_talkorus_tab_docs_content,,field_talkorus_tab_video_content,,field_talkorus_tab_projects_content,700,field_talkorus_product_feature_icon,Быстрая сухая сборка,field_talkorus_product_feature_title,686,field_talkorus_product_feature_icon,Эффективная конвекция,field_talkorus_product_feature_title,685,field_talkorus_product_feature_icon,"Система ""Чистое стекло""",field_talkorus_product_feature_title,687,field_talkorus_product_feature_icon,Облицовка Talkorus,field_talkorus_product_feature_title,4,field_talkorus_product_features
789,simple,,,Теплонакопительная печь-камин TYNNYRI KOMEA DT 23/1910,1,0,visible,,"<p>Теплонакопительная печь-камин TYNNYRI KOMEA DT 23/1910 из натурального камня талькомагнезита. В комплектации с  каминными дверками Talkorus серии серого цвета.</p>\n<p>Данная модель печи-камина TYNNYRI KOMEA DT 23/1910 является уникальной и впишется в любой интерьер плюс будет радовать своей технологичностью . У вас есть возможность пофантазировать над будущей печкой, вы имеете уникальную возможность сделать дизайн облицовки по своему усмотрению. Дровники, полки, скамейки, сплошной подиум, гравировка – все то, что украсит ваш камин.</p>\n<p>Прежде чем выбрать печь-камин, необходимо определиться с ее назначением. Наша фирменная продукция отлично подойдет для отопления дома, будет служить резервным источником тепла.</p>\n<p>Нашим клиентам мы заранее рекомендуем подготовиться к установке, затем, заказать камин. Вам необходимо подготовить отдельное место под печь-камин.А именно в первую очередь необходимо сверить вес камина с допустимой нагрузкой на пол помещения. Облицовка печи-камина собирается вокруг уже установленной печи на специальные крепления, без клеевых составов, именно по этой причине сборка называется “сухой”. Первые две топки камина нужно осуществлять в щадящем режиме неполной мощности., в таком режиме нагрев поверхности облицовки из камня не должен превышать 70 градусов. Между первыми топками должно пройти достаточно времени для полного остывания облицовки, в случае несоблюдения данного пункта поверхность облицовки может быть повреждена.</p>",,,taxable,,1,,,0,0,,,,1910,1,,,1029950,"Для дома, Для дома > Печи-камины Talkorus, Для дома > Печи-камины Talkorus > Серия Печи с духовкой",,,https://demo.talkorus.ru/wp-content/uploads/2026/06/tynnyri-komea2-optimized.png,,,,,,,,,19,,,Площадь обогрева,40-80 м²,1,1,,,,,,1910,field_69f20d9c512d1,Стиль,Эксклюзив,1,1,Возможность готовить,Да,1,1,,Расположение,Пристенное,1,1,,,field_talkorus_tab_description_heading,,field_talkorus_tab_description_content,Технические данные,field_talkorus_tab_technical_heading,"<p class=""p1""><b>Общие характеристики</b></p>
<p class=""p1"">Тепловой КПД</p>
<p class=""p1""><b>..... 82 %</b></p>
<p class=""p1"">Время тепловой отдачи</p>
<p class=""p1""><b>..... до 19 часов</b></p>
<p class=""p1"">Площадь обогрева</p>
<p class=""p1""><b>..... 40-80 м²</b></p>
<p class=""p1"">Время прогрева помещения</p>
<p class=""p1""><b>..... от 2 до 4 часов</b></p>
<p class=""p1"">Длина дров</p>
<p class=""p1""><b>..... 400 мм</b></p>
<p class=""p1"">Сечение дымохода</p>
<p class=""p1""><b>..... 150 мм</b></p>
<p class=""p1""><b>Характеристики топки</b></p>
<p class=""p1"">Тип</p>
<p class=""p1""><b>..... Вихревая подовая</b></p>
<p class=""p1"">Тепловая мощность</p>
<p class=""p1""><b>..... 23 кВт</b></p>
<p class=""p1"">Толщина топочного шамотного кирпича</p>
<p class=""p1""><b>..... 65 мм</b></p>
<p class=""p1"">Высота топки</p>
<p class=""p1""><b>..... 460 мм</b></p>
<p class=""p1"">Ширина топки</p>
<p class=""p1""><b>..... 240/350 мм</b></p>
<p class=""p1"">Глубина топки</p>
<p class=""p1""><b>..... 260 мм</b></p>
<p class=""p1""><b>Характеристики облицовки</b></p>
<p class=""p1"">Порода камня</p>
<p class=""p1""><b>..... Талькомагнезит</b></p>
<p class=""p1"">Вид обработки</p>
<p class=""p1""><b>..... ШЛИФОВКА</b></p>
<p class=""p1"">Толщина облицовки</p>
<p class=""p1""><b>..... 50 мм</b></p>",field_talkorus_tab_technical_content,Размеры и вес,field_talkorus_tab_dimensions_heading,"<p class=""p1"">Высота</p>
<p class=""p1""><b>..... 1910 мм</b></p>
<p class=""p1"">Ширина</p>
<p class=""p1""><b>..... 1550 мм</b></p>
<p class=""p1"">Глубина</p>
<p class=""p1""><b>..... 870 мм</b></p>
<p class=""p1"">Вес изделия толщиной 50мм</p>
<p class=""p1""><b>..... 1636 кг</b></p>",field_talkorus_tab_dimensions_content,,field_talkorus_tab_cut_content,,field_talkorus_tab_scheme_content,,field_talkorus_tab_purpose_content,,field_talkorus_tab_advantages_content,,field_talkorus_tab_docs_content,,field_talkorus_tab_video_content,,field_talkorus_tab_projects_content,700,field_talkorus_product_feature_icon,Быстрая сухая сборка,field_talkorus_product_feature_title,686,field_talkorus_product_feature_icon,Эффективная конвекция,field_talkorus_product_feature_title,685,field_talkorus_product_feature_icon,"Система ""Чистое стекло""",field_talkorus_product_feature_title,687,field_talkorus_product_feature_icon,Облицовка Talkorus,field_talkorus_product_feature_title,4,field_talkorus_product_features
791,simple,,,Теплонакопительная печь-камин Karhu 2DT 20/1850,1,0,visible,,"<p>Эксклюзивная печь-камин Karhu 2DT с духовкой и большой дровяной топкой была отправлена ​​в Хакасию. Там, на берегу Енисея, недалеко от города Саяногорска, расположен загородный дом нашего клиента Валерия.</p>\n<p>Камин был разработан специально для установки во внутренней стене и имеет две стороны: одна обращена к гостиной, а другая — к спальне.</p>\n<p>Хорошая духовка – мечта любой хозяйки. Печь оснащена духовкой, в которой еда не просто запекается, а тушится, не теряя при этом влаги. Духовка за 2,5 часа нагревается до 220 градусов.</p>\n<p>Двухоборотная топка — наше фирменное изделие. Она работает в трёх разных режимах: </p>\n<ol>\n<li style=""font-weight: 400"">Растопка</li>\n<li style=""font-weight: 400"">Двухоборотный режим</li>\n<li style=""font-weight: 400"">Режим длительного горения</li>\n</ol>\n<p>Благодаря рабочим режимам, печь-камин будет отдавать тепло до 20 часов.</p>\n<p>Перед отгрузкой, наши специалисты собирают каждое изделие, данная процедура называется контрольной сборкой. Мы стараемся показать наше отношения к работе, проинформировать о готовности и упразднить брак. После мы аккуратно упаковываем детали облицовки в деревянные ящики и товар приезжает к вам в разобранном виде.</p>\n<p>Эффективность, практичность, долговечность, это результат работы компании Talkorus.</p>",,,taxable,,1,,,0,0,,,,1850,1,,,804500,"Для дома, Для дома > Печи-камины Talkorus, Для дома > Печи-камины Talkorus > Серия Печи с духовкой",,,"https://demo.talkorus.ru/wp-content/uploads/2026/06/karhu-2d-optimized.jpg, https://demo.talkorus.ru/wp-content/uploads/2026/06/talkorus-karhu-2d-3-2-optimized.jpg, https://demo.talkorus.ru/wp-content/uploads/2026/06/talkorus-karhu-2d-4.-2-optimized.jpg",,,,,,,,,20,,,Площадь обогрева,40-80 м²,1,1,,,,,,1850,field_69f20d9c512d1,Стиль,Классика,1,1,Возможность готовить,Да,1,1,,Расположение,Пристенное,1,1,,,field_talkorus_tab_description_heading,,field_talkorus_tab_description_content,Технические данные,field_talkorus_tab_technical_heading,"<p class=""p1""><b>Общие характеристики</b></p>
<p class=""p1"">Тепловой КПД</p>
<p class=""p1""><b>..... 82 %</b></p>
<p class=""p1"">Время тепловой отдачи</p>
<p class=""p1""><b>..... до 20 часов</b></p>
<p class=""p1"">Площадь обогрева</p>
<p class=""p1""><b>..... 40-80 м²</b></p>
<p class=""p1"">Время прогрева помещения</p>
<p class=""p1""><b>..... от 2,5 до 4 часов</b></p>
<p class=""p1"">Длина дров</p>
<p class=""p1""><b>..... 450 мм</b></p>
<p class=""p1"">Сечение дымохода</p>
<p class=""p1""><b>..... 130 мм</b></p>
<p class=""p1""><b>Характеристики топки</b></p>
<p class=""p1"">Тип</p>
<p class=""p1""><b>..... Вихревая подовая</b></p>
<p class=""p1"">Тепловая мощность</p>
<p class=""p1""><b>..... 20 кВт</b></p>
<p class=""p1"">Толщина топочного шамотного кирпича</p>
<p class=""p1""><b>..... 65 мм</b></p>
<p class=""p1"">Высота топки</p>
<p class=""p1""><b>..... 460 мм</b></p>
<p class=""p1"">Ширина топки</p>
<p class=""p1""><b>..... 240/350 мм</b></p>
<p class=""p1"">Глубина топки</p>
<p class=""p1""><b>..... 260 мм</b></p>
<p class=""p1""><b>Характеристики облицовки</b></p>
<p class=""p1"">Порода камня</p>
<p class=""p1""><b>..... Талькомагнезит</b></p>
<p class=""p1"">Вид обработки</p>
<p class=""p1""><b>..... ШЛИФОВКА</b></p>
<p class=""p1"">Толщина облицовки</p>
<p class=""p1""><b>..... 50 мм</b></p>",field_talkorus_tab_technical_content,Размеры и вес,field_talkorus_tab_dimensions_heading,"<p class=""p1"">Высота</p>
<p class=""p1""><b>..... 1850 мм</b></p>
<p class=""p1"">Ширина</p>
<p class=""p1""><b>..... 1390 мм</b></p>
<p class=""p1"">Глубина</p>
<p class=""p1""><b>..... 950 мм</b></p>
<p class=""p1"">Вес изделия толщиной 50мм</p>
<p class=""p1""><b>..... 1695 кг</b></p>",field_talkorus_tab_dimensions_content,,field_talkorus_tab_cut_content,,field_talkorus_tab_scheme_content,,field_talkorus_tab_purpose_content,,field_talkorus_tab_advantages_content,,field_talkorus_tab_docs_content,,field_talkorus_tab_video_content,,field_talkorus_tab_projects_content,700,field_talkorus_product_feature_icon,Быстрая сухая сборка,field_talkorus_product_feature_title,686,field_talkorus_product_feature_icon,Эффективная конвекция,field_talkorus_product_feature_title,685,field_talkorus_product_feature_icon,"Система ""Чистое стекло""",field_talkorus_product_feature_title,687,field_talkorus_product_feature_icon,Облицовка Talkorus,field_talkorus_product_feature_title,4,field_talkorus_product_features
795,simple,,,Теплонакопительная печь-камин TYNNYRI KOMEA 23/2440,1,0,visible,,"<p>Печь-камин TYNNYRI KOEA 23/2440 изготовлена из экологичных материалов внутри и природного вулканического минерала талькомагнезита — снаружи. Благодаря этим материалам печь быстро нагревает помещение площадью до 80 квадратных метров. И даже после окончания топки отдает тепло, которое исключает резкие перепады влажности и температуры в помещении.</p>\n<p>Для заказчиков мы всегда готовы сделать индивидуальный проект в соответствии с дизайнерскими и функциональными ожиданиями. Кроме этого можно выбрать дровники, гравировку и даже скамейку, чтобы камин выглядел целостным и законченным.</p>\n<p>Перед сборкой камина рекомендуем заранее подготовить место установки, чтобы оно могло выдержать необходимый вес. При монтаже не потребуются клей или другие связующие материалы — сборка осуществляется на “сухую” только из предоставленных изготовителем комплектующих. Инструкции по сборке также прилагаются.</p>\n<p>Во время первых топок рекомендуем две из них провести в щадящем режиме, который не повысит температуру обшивки более чем на 70 градусов. Между ними обшивка должна полностью остыть. Обычно это занимает до 20 ч. Эти процедуры помогут закалить облицовку на уже собранной печи и полностью исключить вероятность повреждений.</p>",,,taxable,,1,,,0,0,,,,2440,1,,,1054460,"Для дома, Для дома > Печи-камины Talkorus, Для дома > Печи-камины Talkorus > Серия Печи с духовкой",,,"https://demo.talkorus.ru/wp-content/uploads/2026/06/tynnyri-komea-optimized.png, https://demo.talkorus.ru/wp-content/uploads/2026/06/tynnyri-kamea-talkorus-3-3-optimized.jpg, https://demo.talkorus.ru/wp-content/uploads/2026/06/tynnyri-kamea-talkorus-3-4-optimized.jpg",,,,,,,,,21,,,Площадь обогрева,40-80 м²,1,1,,,,,,2440,field_69f20d9c512d1,Стиль,Эксклюзив,1,1,Возможность готовить,Да,1,1,,Расположение,Пристенное,1,1,,,field_talkorus_tab_description_heading,,field_talkorus_tab_description_content,Технические данные,field_talkorus_tab_technical_heading,"<p class=""p1""><b>Общие характеристики</b></p>
<p class=""p1"">Тепловой КПД</p>
<p class=""p1""><b>..... 82 %</b></p>
<p class=""p1"">Время тепловой отдачи</p>
<p class=""p1""><b>..... до 20 часов</b></p>
<p class=""p1"">Площадь обогрева</p>
<p class=""p1""><b>..... 40-80 м²</b></p>
<p class=""p1"">Время прогрева помещения</p>
<p class=""p1""><b>..... от 2 до 4 часов</b></p>
<p class=""p1"">Длина дров</p>
<p class=""p1""><b>..... 400 мм</b></p>
<p class=""p1"">Сечение дымохода</p>
<p class=""p1""><b>..... 115 мм</b></p>
<p class=""p1""><b>Характеристики топки</b></p>
<p class=""p1"">Тип</p>
<p class=""p1""><b>..... Вихревая подовая</b></p>
<p class=""p1"">Тепловая мощность</p>
<p class=""p1""><b>..... 20 кВт</b></p>
<p class=""p1"">Толщина топочного шамотного кирпича</p>
<p class=""p1""><b>..... 65 мм</b></p>
<p class=""p1""><b>Характеристики облицовки</b></p>
<p class=""p1"">Порода камня</p>
<p class=""p1""><b>..... Талькомагнезит</b></p>
<p class=""p1"">Вид обработки</p>
<p class=""p1""><b>..... ШЛИФОВКА</b></p>
<p class=""p1"">Толщина облицовки</p>
<p class=""p1""><b>..... 50 мм</b></p>",field_talkorus_tab_technical_content,Размеры и вес,field_talkorus_tab_dimensions_heading,"<p class=""p1"">Высота</p>
<p class=""p1""><b>..... 2440 мм</b></p>
<p class=""p1"">Ширина</p>
<p class=""p1""><b>..... 1550 мм</b></p>
<p class=""p1"">Глубина</p>
<p class=""p1""><b>..... 870 мм</b></p>
<p class=""p1"">Вес изделия толщиной 50мм</p>
<p class=""p1""><b>..... 1694 кг</b></p>",field_talkorus_tab_dimensions_content,,field_talkorus_tab_cut_content,,field_talkorus_tab_scheme_content,,field_talkorus_tab_purpose_content,,field_talkorus_tab_advantages_content,,field_talkorus_tab_docs_content,,field_talkorus_tab_video_content,,field_talkorus_tab_projects_content,700,field_talkorus_product_feature_icon,Быстрая сухая сборка,field_talkorus_product_feature_title,686,field_talkorus_product_feature_icon,Эффективная конвекция,field_talkorus_product_feature_title,685,field_talkorus_product_feature_icon,"Система ""Чистое стекло""",field_talkorus_product_feature_title,687,field_talkorus_product_feature_icon,Облицовка Talkorus,field_talkorus_product_feature_title,4,field_talkorus_product_features
798,simple,,,Теплонакопительная печь-камин  Leikata 20/1720 SL,1,0,visible,,"<p class=""p1"">• Назначение: обогрев помещений 40–80 м²\n• Мощность: 20 кВт\n• Материал облицовки: серпентинит — комбинированная отделка: корпус «рваный камень», угловые элементы, крышка и подиум — полировка\n• Габариты (В×Ш×Г): 1720 × 900 × 710 мм</p>\n<p class=""p1"">«Leikata 20/1720 SL» — теплонакопительная печь-камин TALKORUS для домов среднего метража. Модель объединяет мощный фронт огня, длительную каменную инерцию и необычную комбинированную отделку: фасадные плоскости имеют текстуру «рваного камня», а угловые элементы, крышка и подиум отполированы. Такой контраст даёт живой, тактильный объём и подчёркивает геометрию без перегруза декором.</p>\n<p class=""p1"">Теплотехника: почему тепло «длинное»\n«Leikata» заключена в массив натурального серпентинита — камня с высокой теплоёмкостью и стабильностью к термоциклам. Во время активной топки камень принимает избыток энергии, а после прогорания закладки отдаёт его мягким инфракрасным излучением ещё многие часы. Поэтому микроклимат воспринимается спокойным: нет жёстких лучистых зон у стен, воздух не пересушивается, а температура держится «длинной волной». Для домов 40–80 м² это оптимальный компромисс между быстротой разгона и длительностью теплоотдачи.</p>\n<p class=""p1"">Материалы и отделка: полировка + «рваный камень»\nСерпентинит в этой модели раскрыт двумя способами. Основной массив — с рельефной фактурой «рваный камень». Такая обработка усиливает игру света и тени, визуально «оживляет» плоскость и делает корпус менее марким в быту. Угловые элементы, крышка и подиум отполированы: гладкая кромка аккуратно обрамляет рельеф и подчёркивает архитектуру. Контраст текстур делает силуэт сложнее и богаче, но остаётся сдержанным — камень говорит сам за себя.</p>\n<p class=""p1"">Архитектура и пропорции\nГабариты 1720 × 900 × 710 мм формируют стройную вертикаль и устойчивую базу. Прямоугольный силуэт с полированными углами выглядит собранно и аккуратно, а широкая стеклянная дверца обеспечивает панорамный обзор огня — пламя становится эмоциональным центром комнаты. Подиум с полировкой визуально «заземляет» камин, крышка собранно завершает объём; рельефные боковые плоскости добавляют глубины при боковой тёплой подсветке.</p>\n<p class=""p1"">Тепловое поведение и режимы\nНоминальная мощность 20 кВт позволяет уверенно работать на площади 40–80 м². Естественная конвекция вдоль корпуса ускоряет выход на режим, а затем главную роль берёт на себя каменная инерция: комфорт держится часами без частых подбросов. Такой характер особенно хорош в межсезонье и зимой — температура не «прыгает» при проветривании.</p>\n<p class=""p1"">Размещение и монтаж\nШирина 900 мм и глубина 710 мм упрощают посадку у капитальной стены или в угловой зоне с верхним подключением дымохода. В проекте предусматривают прочное ровное основание, компенсационные зазоры до стен, негорючую площадку перед дверцей и свободный доступ к ревизии канала. Привяжите высоту крышки к горизонтам мебели/окон — печь визуально «встроится» в архитектуру помещения.</p>\n<p class=""p1"">Эксплуатация и уход\nПолированные кромки достаточно протирать мягкой сухой или слегка влажной салфеткой. Рельеф «рваного камня» не боится температурных циклов и практичен: мелкие следы повседневного использования на нём менее заметны. Для поддержания чистоты достаточно периодической сухой уборки мягкой щёткой. Стекло дверцы остаётся чистым при сухих дровах и корректной тяге.</p>\n<p class=""p1"">Сочетаемость в интерьере\nКомбинация рельефа и полировки делает «Leikata» уместной и в современном минимализме, и в более тёплых, натуральных интерьерах. Серпентинит отлично дружит с термодревесиной, микробетоном, минеральными штукатурками и натуральным текстилем. Боковая тёплая подсветка подчёркивает игру света на «рваном камне», а гладкие полированные кромки работают как аккуратные световые линии.</p>\n<p class=""p1"">Для кого эта модель\nДля тех, кто хочет сочетания выразительного камня и дисциплинированной геометрии, кто ценит живой огонь и предсказуемо «длинное» тепло без перегрева. Если дом 40–80 м² и нужен камин, который одинаково хорош днём и вечером — «Leikata 20/1720 SL» решает задачу стильно и технически грамотно.</p>\n<p class=""p1"">Итог\n«Leikata 20/1720 SL» — 20 кВт живого огня и каменной инерции в корпусе из серпентинита с комбинированной отделкой: корпус «рваный камень», полированные углы, крышка и подиум. Габариты 1720×900×710 мм обеспечивают удобную посадку, а продуманная теплотехника — ровный микроклимат и визуальный центр интерьера.</p>",,,taxable,,1,,,0,0,,,,,1,,,536520,"Для дома, Для дома > Печи-камины Talkorus, Для дома > Печи-камины Talkorus > Серия Северная Карелия",,,"https://demo.talkorus.ru/wp-content/uploads/2026/06/pech-kamin-leikata-20-talkorus-3-optimized.webp, https://demo.talkorus.ru/wp-content/uploads/2026/06/pech-kamin-leikata-20-talkorus.ru-88-3-optimized.webp, https://demo.talkorus.ru/wp-content/uploads/2026/06/pech-kamin-leikata-20-talkorus.ru-88-2-optimized.webp, https://demo.talkorus.ru/wp-content/uploads/2026/06/pech-kamin-leikata-20-talkorus.ru-88-1-optimized.webp, https://demo.talkorus.ru/wp-content/uploads/2026/06/pech-kamin-leikata-20-talkorus-2-optimized.webp, https://demo.talkorus.ru/wp-content/uploads/2026/06/pech-kamin-leikata-20-talkorus-1-optimized.webp",,,,,,,,,0,,,Мощность (кВт),20,1,1,Расположение,Пристенное,1,1,,1720,field_69f20d9c512d1,Площадь обогрева,40-80 м²,1,1,Стиль,Модерн,1,1,,Возможность готовить,Нет,1,1,,,field_talkorus_tab_description_heading,,field_talkorus_tab_description_content,Технические данные,field_talkorus_tab_technical_heading,"<p class=""p1""><b>Общие характеристики</b></p>
<p class=""p1"">Тепловой КПД</p>
<p class=""p1""><b>..... 82 %</b></p>
<p class=""p1"">Время тепловой отдачи</p>
<p class=""p1""><b>..... 14 часов часов</b></p>
<p class=""p1"">Площадь обогрева</p>
<p class=""p1""><b>..... 40-80 м²</b></p>
<p class=""p1"">Время прогрева помещения</p>
<p class=""p1""><b>..... от 1 до 3 часов</b></p>
<p class=""p1"">Длина дров</p>
<p class=""p1""><b>..... 400 мм</b></p>
<p class=""p1"">Сечение дымохода</p>
<p class=""p1""><b>..... 130 мм</b></p>
<p class=""p1""><b>Характеристики топки</b></p>
<p class=""p1"">Тип</p>
<p class=""p1""><b>..... Вихревая подовая</b></p>
<p class=""p1"">Тепловая мощность</p>
<p class=""p1""><b>..... 20 кВт</b></p>
<p class=""p1"">Толщина топочного шамотного кирпича</p>
<p class=""p1""><b>..... 65 мм</b></p>
<p class=""p1"">Высота топки</p>
<p class=""p1""><b>..... 460 мм</b></p>
<p class=""p1"">Ширина топки</p>
<p class=""p1""><b>..... 240/350 мм</b></p>
<p class=""p1"">Глубина топки</p>
<p class=""p1""><b>..... 260 мм</b></p>
<p class=""p1""><b>Характеристики облицовки</b></p>
<p class=""p1"">Порода камня</p>
<p class=""p1""><b>..... Серпентинит</b></p>
<p class=""p1"">Вид обработки</p>
<p class=""p1""><b>..... ПОЛИРОВКА</b></p>
<p class=""p1"">Толщина облицовки</p>
<p class=""p1""><b>..... 50 мм</b></p>",field_talkorus_tab_technical_content,Размеры и вес,field_talkorus_tab_dimensions_heading,"<p class=""p1"">Высота</p>
<p class=""p1""><b>..... 1720 мм</b></p>
<p class=""p1"">Ширина</p>
<p class=""p1""><b>..... 900 мм</b></p>
<p class=""p1"">Глубина</p>
<p class=""p1""><b>..... 710 мм</b></p>
<p class=""p1"">Вес изделия толщиной 50мм</p>
<p class=""p1""><b>..... 1050 кг</b></p>",field_talkorus_tab_dimensions_content,,field_talkorus_tab_cut_content,,field_talkorus_tab_scheme_content,,field_talkorus_tab_purpose_content,,field_talkorus_tab_advantages_content,,field_talkorus_tab_docs_content,,field_talkorus_tab_video_content,,field_talkorus_tab_projects_content,700,field_talkorus_product_feature_icon,Быстрая сухая сборка,field_talkorus_product_feature_title,686,field_talkorus_product_feature_icon,Эффективная конвекция,field_talkorus_product_feature_title,685,field_talkorus_product_feature_icon,"Система ""Чистое стекло""",field_talkorus_product_feature_title,687,field_talkorus_product_feature_icon,Облицовка Talkorus,field_talkorus_product_feature_title,4,field_talkorus_product_features
807,simple,,,Теплонакопительная печь-камин Tuli 15/1260 SA,1,0,visible,,"<p>Tuli 15/1260 — печь-камин, выполненная в минималистичном дизайне. Среди других аналогичных моделей эту печь выделяет отличный форм-фактор при бюджетной цене. Установить эту печь можно в любой дом за счет небольшой массы.</p>\n<p>В базовом варианте облицовка изготовлена из серпентинита. Возможно изготовление в другой фактуре. Талькорус делает все возможное, чтобы обеспечить эстетическую привлекательность и теплоэффективность печей.</p>\n<p>Перед отправкой печей заказчикам мы сначала их собираем. Это нужно для проверки работоспособности и своевременного выявления брака. Затем мы разбираем и упаковываем печь. Также мы стараемся порекомендовать монтажную организацию, которая соберет печь и выполнит монтаж дымохода.</p>\n<p>Вместе с печью мы предоставляем все необходимые документы:</p>\n<ol>\n<li style=""font-weight: 400"">паспорт изделия, </li>\n<li style=""font-weight: 400"">сертификаты соответствия,</li>\n<li style=""font-weight: 400"">гарантийный талон.</li>\n</ol>\n<p>Талькорус постоянно развивается — в 2020 году мы получили сертификат “Сделано в Карелии”.</p>\n<p>Перед тем, как оформить заказ, наш менеджер проконсультирует по всем нюансам.</p>",,,taxable,,1,,,0,0,,,,1260,1,,,280170,"Для дома, Для дома > Печи-камины Talkorus, Для дома > Печи-камины Talkorus > Серия Северная Карелия",,,"https://demo.talkorus.ru/wp-content/uploads/2026/06/talkorus-tuli_3-optimized.png, https://demo.talkorus.ru/wp-content/uploads/2026/06/talkorus-tuli_2-optimized.png, https://demo.talkorus.ru/wp-content/uploads/2026/06/talkorus-tuli_1-optimized.png",,,,,,,,,0,,,Площадь обогрева,30-60 м²,1,1,,,,,,1260,field_69f20d9c512d1,Стиль,Модерн,1,1,Возможность готовить,Нет,1,1,,Расположение,Пристенное,1,1,,,field_talkorus_tab_description_heading,,field_talkorus_tab_description_content,Технические данные,field_talkorus_tab_technical_heading,"<p class=""p1""><b>Общие характеристики</b></p>
<p class=""p1"">Тепловой КПД</p>
<p class=""p1""><b>..... 82 %</b></p>
<p class=""p1"">Время тепловой отдачи</p>
<p class=""p1""><b>..... до 10 часов часов</b></p>
<p class=""p1"">Площадь обогрева</p>
<p class=""p1""><b>..... 30-60 м²</b></p>
<p class=""p1"">Время прогрева помещения</p>
<p class=""p1""><b>..... от 2 до 4 часов</b></p>
<p class=""p1"">Длина дров</p>
<p class=""p1""><b>..... 400 мм</b></p>
<p class=""p1"">Сечение дымохода</p>
<p class=""p1""><b>..... 115 мм</b></p>
<p class=""p1""><b>Характеристики топки</b></p>
<p class=""p1"">Тип</p>
<p class=""p1""><b>..... Вихревая подовая</b></p>
<p class=""p1"">Тепловая мощность</p>
<p class=""p1""><b>..... 15 кВт</b></p>
<p class=""p1"">Толщина топочного шамотного кирпича</p>
<p class=""p1""><b>..... 40 мм</b></p>
<p class=""p1"">Высота топки</p>
<p class=""p1""><b>..... 460 мм</b></p>
<p class=""p1"">Ширина топки</p>
<p class=""p1""><b>..... 240/350 мм</b></p>
<p class=""p1"">Глубина топки</p>
<p class=""p1""><b>..... 260 мм</b></p>
<p class=""p1""><b>Характеристики облицовки</b></p>
<p class=""p1"">Порода камня</p>
<p class=""p1""><b>..... Серпентинит</b></p>
<p class=""p1"">Вид обработки</p>
<p class=""p1""><b>..... БАРХАТ</b></p>
<p class=""p1"">Толщина облицовки</p>
<p class=""p1""><b>..... 40 мм</b></p>",field_talkorus_tab_technical_content,Размеры и вес,field_talkorus_tab_dimensions_heading,"<p class=""p1"">Высота</p>
<p class=""p1""><b>..... 1260 мм</b></p>
<p class=""p1"">Ширина</p>
<p class=""p1""><b>..... 660 мм</b></p>
<p class=""p1"">Глубина</p>
<p class=""p1""><b>..... 730 мм</b></p>
<p class=""p1"">Вес изделия толщиной 50мм</p>
<p class=""p1""><b>..... 669 кг</b></p>
<p class=""p1"">Вес изделия толщиной 40мм</p>
<p class=""p1""><b>..... 584 кг</b></p>",field_talkorus_tab_dimensions_content,,field_talkorus_tab_cut_content,,field_talkorus_tab_scheme_content,,field_talkorus_tab_purpose_content,,field_talkorus_tab_advantages_content,,field_talkorus_tab_docs_content,,field_talkorus_tab_video_content,,field_talkorus_tab_projects_content,700,field_talkorus_product_feature_icon,Быстрая сухая сборка,field_talkorus_product_feature_title,686,field_talkorus_product_feature_icon,Эффективная конвекция,field_talkorus_product_feature_title,685,field_talkorus_product_feature_icon,"Система ""Чистое стекло""",field_talkorus_product_feature_title,687,field_talkorus_product_feature_icon,Облицовка Talkorus,field_talkorus_product_feature_title,4,field_talkorus_product_features
811,simple,,,Теплонакопительная печь-камин Inari 15 LSA 1140,1,0,visible,,"<p>Вытянутая прямоугольная печь модели Inari 15 способна обогревать пространство площадью до 60 квадратных метров. Монолитная структура и обустроенные воздуховоды позволяют достичь высокой скорости нагрева помещения: от 2 до 4 часов. </p>\n<p>В конструкции используются натуральные материалы. Поэтому использование печи безопасно для аллергиков и людей с астмой и другими заболеваниями дыхательной системы. Обработка поверхности в каменном стиле придает атмосферу природного единения. Установка вписывается в дизайн домашнего очага и прогрессивной бани. Эффективная конвекция достигается за счет продуманных каналов поступления кислорода.</p>\n<p>Система практически не теряет тепловую энергию, так как КПД развивается вплоть до 82%. Серебристо-серый оттенок действует успокаивающе на психику и моральный дух человека.</p>\n<p>Фирменная облицовка Талькорус изготовлена из  камня Lappia Silver природного происхождения. Его природный рисунок позволяет использовать печь в качестве декоративного элемента. Аналогичная облицовка может быть изготовлена для любой модели печи.</p>\n<p>Lappia Silver обладает повышенной теплоемкостью, за счет чего комфортный микроклимат в помещении (температура воздуха, влажность) сохраняется до 10 часов. </p>\n<p>Также печь оснащена блоком управления конвекцией. С его помощью можно управлять воздушными потоками и регулировать параметры микроклимата в помещении. Также она отвечает за равномерное распределение тепла.</p>",,,taxable,,1,,,0,0,,,,1140,1,,,301270,"Для дома, Для дома > Печи-камины Talkorus, Для дома > Печи-камины Talkorus > Серия Северная Карелия",,,"https://demo.talkorus.ru/wp-content/uploads/2026/06/inari-ls-talkorus1-1-optimized.jpg, https://demo.talkorus.ru/wp-content/uploads/2026/06/inari-ls-talkorus-3-1-optimized.jpg, https://demo.talkorus.ru/wp-content/uploads/2026/06/inari-ls-talkorus-2-1-1-optimized.jpg",,,,,,,,,1,,,Площадь обогрева,30-60 м²,1,1,,,,,,1140,field_69f20d9c512d1,Стиль,Модерн,1,1,Возможность готовить,Нет,1,1,,Расположение,Пристенное,1,1,,,field_talkorus_tab_description_heading,,field_talkorus_tab_description_content,Технические данные,field_talkorus_tab_technical_heading,"<p class=""p1""><b>Общие характеристики</b></p>
<p class=""p1"">Тепловой КПД</p>
<p class=""p1""><b>..... 82 %</b></p>
<p class=""p1"">Время тепловой отдачи</p>
<p class=""p1""><b>..... 10 часов часов</b></p>
<p class=""p1"">Площадь обогрева</p>
<p class=""p1""><b>..... 30-60 м²</b></p>
<p class=""p1"">Время прогрева помещения</p>
<p class=""p1""><b>..... от 2 до 4часов</b></p>
<p class=""p1"">Длина дров</p>
<p class=""p1""><b>..... 400 мм</b></p>
<p class=""p1"">Сечение дымохода</p>
<p class=""p1""><b>..... 115 мм</b></p>
<p class=""p1""><b>Характеристики топки</b></p>
<p class=""p1"">Тип</p>
<p class=""p1""><b>..... Вихревая подовая</b></p>
<p class=""p1"">Тепловая мощность</p>
<p class=""p1""><b>..... 15 кВт</b></p>
<p class=""p1"">Толщина топочного шамотного кирпича</p>
<p class=""p1""><b>..... 40 мм</b></p>
<p class=""p1"">Высота топки</p>
<p class=""p1""><b>..... 460 мм</b></p>
<p class=""p1"">Ширина топки</p>
<p class=""p1""><b>..... 240/310 мм</b></p>
<p class=""p1"">Глубина топки</p>
<p class=""p1""><b>..... 210 мм</b></p>
<p class=""p1""><b>Характеристики облицовки</b></p>
<p class=""p1"">Порода камня</p>
<p class=""p1""><b>..... Lappia Silver</b></p>
<p class=""p1"">Вид обработки</p>
<p class=""p1""><b>..... БАРХАТ</b></p>
<p class=""p1"">Толщина облицовки</p>
<p class=""p1""><b>..... 40 мм</b></p>",field_talkorus_tab_technical_content,Размеры и вес,field_talkorus_tab_dimensions_heading,"<p class=""p1"">Высота</p>
<p class=""p1""><b>..... 1140 мм</b></p>
<p class=""p1"">Ширина</p>
<p class=""p1""><b>..... 680 мм</b></p>
<p class=""p1"">Глубина</p>
<p class=""p1""><b>..... 710 мм</b></p>
<p class=""p1"">Вес изделия толщиной 40мм</p>
<p class=""p1""><b>..... 579 кг</b></p>",field_talkorus_tab_dimensions_content,,field_talkorus_tab_cut_content,,field_talkorus_tab_scheme_content,,field_talkorus_tab_purpose_content,,field_talkorus_tab_advantages_content,,field_talkorus_tab_docs_content,,field_talkorus_tab_video_content,,field_talkorus_tab_projects_content,700,field_talkorus_product_feature_icon,Быстрая сухая сборка,field_talkorus_product_feature_title,686,field_talkorus_product_feature_icon,Эффективная конвекция,field_talkorus_product_feature_title,685,field_talkorus_product_feature_icon,"Система ""Чистое стекло""",field_talkorus_product_feature_title,687,field_talkorus_product_feature_icon,Облицовка Talkorus,field_talkorus_product_feature_title,4,field_talkorus_product_features
815,simple,,,Теплонакопительная печь-камин Kivach 20/1170 SA,1,0,visible,,"<p>Теплонакопительная печь-камин Kivach 20 1170 — надежное, а также функциональное оборудование для обогрева помещений площадью от 40 до 80 квадратных метров. Он поможет создать комфортную, уютную атмосферу в помещении.</p>\n<p>Главное преимущество этого камина заключается в его быстрой сборке. Поэтому при сборке экономятся время и силы. Вы сможете собрать его самостоятельно, просто следуя инструкции. Специальные инструменты при этом не понадобятся.</p>\n<p>Еще одно достоинство печи Kivach 20 1170 — конвекция, которая обеспечивает равномерное распределение тепла по всему помещению. </p>\n<p>Встроенная система «чистое стекло» позволяет избежать образования нагара на стекле. Поэтому не нужно будет постоянно беспокоиться о чистоте стекла.</p>\n<p>Для изготовления облицовки применялся натуральный серпентинит. </p>\n<p>Серпентинитовый камень — один из самых популярных облицовочных материалов.  Он обладает низкой теплопроводностью, за счет чего способен накапливать тепло и равномерно отдавать его в окружающую среду.  </p>\n<p>Также серпентинитовый камень обладает стильным внешним видом. Облицовка может быть выполнена в любом дизайне.  </p>\n<p>Кроме того, серпентинитовый камень является экологически чистым, безопасным материалом. Камень не выделяет вредных веществ при нагреве, а также не подвержен воздействию огня. Поэтому облицовка не боится высоких температур. Также она обладает устойчивостью к механическим повреждениям. Это гарантирует долгий срок службы отопительного прибора.</p>\n<p>Печь-камин Kivach 20 1170 — это надежный, функциональный отопительный прибор, который обеспечит тепло и комфорт дома. Быстрая сборка, конвекция повышенной мощности, система «чистое стекло», облицовка из натурального камня — все это делает эту печь-камин идеальным вариантом для вашего дома. </p>",,,taxable,,1,,,0,0,,,,1170,1,,,307990,"Для дома, Для дома > Печи-камины Talkorus, Для дома > Печи-камины Talkorus > Серия Северная Карелия",,,"https://demo.talkorus.ru/wp-content/uploads/2026/06/kivach-20-talkorus-optimized.jpg, https://demo.talkorus.ru/wp-content/uploads/2026/06/kivach-20-talkorus1-optimized.jpg, https://demo.talkorus.ru/wp-content/uploads/2026/06/kivach-20-talkorus2-optimized.jpg",,,,,,,,,2,,,Площадь обогрева,40-80 м²,1,1,,,,,,1170,field_69f20d9c512d1,Стиль,Классика,1,1,Возможность готовить,Нет,1,1,,Расположение,Пристенное,1,1,,,field_talkorus_tab_description_heading,,field_talkorus_tab_description_content,Технические данные,field_talkorus_tab_technical_heading,"<p class=""p1""><b>Общие характеристики</b></p>
<p class=""p1"">Тепловой КПД</p>
<p class=""p1""><b>..... 82 %</b></p>
<p class=""p1"">Время тепловой отдачи</p>
<p class=""p1""><b>..... 10 часов часов</b></p>
<p class=""p1"">Площадь обогрева</p>
<p class=""p1""><b>..... 40-80 м²</b></p>
<p class=""p1"">Время прогрева помещения</p>
<p class=""p1""><b>..... от 2 до 4 часов</b></p>
<p class=""p1"">Длина дров</p>
<p class=""p1""><b>..... 400 мм</b></p>
<p class=""p1"">Сечение дымохода</p>
<p class=""p1""><b>..... 130 мм</b></p>
<p class=""p1""><b>Характеристики топки</b></p>
<p class=""p1"">Тип</p>
<p class=""p1""><b>..... Вихревая подовая</b></p>
<p class=""p1"">Тепловая мощность</p>
<p class=""p1""><b>..... 20 кВт</b></p>
<p class=""p1"">Толщина топочного шамотного кирпича</p>
<p class=""p1""><b>..... 65 мм</b></p>
<p class=""p1"">Высота топки</p>
<p class=""p1""><b>..... 460 мм</b></p>
<p class=""p1"">Ширина топки</p>
<p class=""p1""><b>..... 240/350 мм</b></p>
<p class=""p1"">Глубина топки</p>
<p class=""p1""><b>..... 260 мм</b></p>
<p class=""p1""><b>Характеристики облицовки</b></p>
<p class=""p1"">Порода камня</p>
<p class=""p1""><b>..... Серпентинит</b></p>
<p class=""p1"">Вид обработки</p>
<p class=""p1""><b>..... БАРХАТ</b></p>
<p class=""p1"">Толщина облицовки</p>
<p class=""p1""><b>..... 40 мм</b></p>",field_talkorus_tab_technical_content,Размеры и вес,field_talkorus_tab_dimensions_heading,"<p class=""p1"">Высота</p>
<p class=""p1""><b>..... 1170 мм</b></p>
<p class=""p1"">Ширина</p>
<p class=""p1""><b>..... 740 мм</b></p>
<p class=""p1"">Глубина</p>
<p class=""p1""><b>..... 790 мм</b></p>
<p class=""p1"">Вес изделия толщиной 50мм</p>
<p class=""p1""><b>..... 790 кг</b></p>
<p class=""p1"">Вес изделия толщиной 40мм</p>
<p class=""p1""><b>..... 693 кг</b></p>",field_talkorus_tab_dimensions_content,,field_talkorus_tab_cut_content,,field_talkorus_tab_scheme_content,,field_talkorus_tab_purpose_content,,field_talkorus_tab_advantages_content,,field_talkorus_tab_docs_content,,field_talkorus_tab_video_content,,field_talkorus_tab_projects_content,700,field_talkorus_product_feature_icon,Быстрая сухая сборка,field_talkorus_product_feature_title,686,field_talkorus_product_feature_icon,Эффективная конвекция,field_talkorus_product_feature_title,685,field_talkorus_product_feature_icon,"Система ""Чистое стекло""",field_talkorus_product_feature_title,687,field_talkorus_product_feature_icon,Облицовка Talkorus,field_talkorus_product_feature_title,4,field_talkorus_product_features
819,simple,,,Теплонакопительная печь-камин Vuori 20/1360,1,0,visible,,"<p>Печь-камин Vuori 20/1360 выполнена в стиле современного минимализма. Она имеет небольшую высоту, поэтому подойдет для маленьких помещений. Она оснащена чугунной дверкой, а также имеет каменную полку.</p>\n<p>Благодаря “универсальному” дизайну печь подойдет для любого стиля интерьера.</p>\n<p>В базовом варианте облицовка изготовлена из талькомагнезита. Возможно изготовление в другой фактуре. Талькорус делает все возможное, чтобы обеспечить эстетическую привлекательность и теплоэффективность печей.</p>\n<p>Перед отправкой печей заказчикам мы сначала их собираем. Это нужно для проверки работоспособности и своевременного выявления брака. Затем идет разборка и финальная упаковка. Также мы стараемся порекомендовать монтажную организацию, которая соберет печь и выполнит монтаж дымохода.</p>\n<p>Вместе с печью мы предоставляем соответствующую документацию:</p>\n<ol>\n<li style=""font-weight: 400"">паспорт изделия, </li>\n<li style=""font-weight: 400"">сертификаты соответствия,</li>\n<li style=""font-weight: 400"">гарантийный талон.</li>\n</ol>\n<p>Наша компания постоянно развивается — в 2020 году Талькорус получил сертификат “Сделано в Карелии”.</p>",,,taxable,,1,,,0,0,,,,1360,1,,,356920,"Для дома, Для дома > Печи-камины Talkorus, Для дома > Печи-камины Talkorus > Серия Северная Карелия",,,"https://demo.talkorus.ru/wp-content/uploads/2026/06/vuori-2-20-1360.talkorus-optimized.jpg, https://demo.talkorus.ru/wp-content/uploads/2026/06/vuori-2-20-1360.talkorus.1-optimized.jpg, https://demo.talkorus.ru/wp-content/uploads/2026/06/vuori-2-20-1360.talkorus.2-optimized.jpg",,,,,,,,,3,,,Площадь обогрева,40-80 м²,1,1,,,,,,1360,field_69f20d9c512d1,Стиль,Модерн,1,1,Возможность готовить,Нет,1,1,,Расположение,Пристенное,1,1,,,field_talkorus_tab_description_heading,,field_talkorus_tab_description_content,Технические данные,field_talkorus_tab_technical_heading,"<p class=""p1""><b>Общие характеристики</b></p>
<p class=""p1"">Тепловой КПД</p>
<p class=""p1""><b>..... 82 %</b></p>
<p class=""p1"">Время тепловой отдачи</p>
<p class=""p1""><b>..... до 12 часов часов</b></p>
<p class=""p1"">Площадь обогрева</p>
<p class=""p1""><b>..... 40-80 м²</b></p>
<p class=""p1"">Время прогрева помещения</p>
<p class=""p1""><b>..... от 2 до 4 часов</b></p>
<p class=""p1"">Длина дров</p>
<p class=""p1""><b>..... 400 мм</b></p>
<p class=""p1"">Сечение дымохода</p>
<p class=""p1""><b>..... 130 мм</b></p>
<p class=""p1""><b>Характеристики топки</b></p>
<p class=""p1"">Тип</p>
<p class=""p1""><b>..... Вихревая подовая</b></p>
<p class=""p1"">Тепловая мощность</p>
<p class=""p1""><b>..... 20 кВт</b></p>
<p class=""p1"">Толщина топочного шамотного кирпича</p>
<p class=""p1""><b>..... 65 мм</b></p>
<p class=""p1"">Высота топки</p>
<p class=""p1""><b>..... 460 мм</b></p>
<p class=""p1"">Ширина топки</p>
<p class=""p1""><b>..... 240/350 мм</b></p>
<p class=""p1"">Глубина топки</p>
<p class=""p1""><b>..... 260 мм</b></p>
<p class=""p1""><b>Характеристики облицовки</b></p>
<p class=""p1"">Порода камня</p>
<p class=""p1""><b>..... Талькомагнезит</b></p>
<p class=""p1"">Вид обработки</p>
<p class=""p1""><b>..... ШЛИФОВКА</b></p>
<p class=""p1"">Толщина облицовки</p>
<p class=""p1""><b>..... 40 мм</b></p>",field_talkorus_tab_technical_content,Размеры и вес,field_talkorus_tab_dimensions_heading,"<p class=""p1"">Высота</p>
<p class=""p1""><b>..... 1360 мм</b></p>
<p class=""p1"">Ширина</p>
<p class=""p1""><b>..... 780 мм</b></p>
<p class=""p1"">Глубина</p>
<p class=""p1""><b>..... 770 мм</b></p>
<p class=""p1"">Вес изделия толщиной 50мм</p>
<p class=""p1""><b>..... 728 кг</b></p>
<p class=""p1"">Вес изделия толщиной 40мм</p>
<p class=""p1""><b>..... 696 кг</b></p>",field_talkorus_tab_dimensions_content,,field_talkorus_tab_cut_content,,field_talkorus_tab_scheme_content,,field_talkorus_tab_purpose_content,,field_talkorus_tab_advantages_content,,field_talkorus_tab_docs_content,,field_talkorus_tab_video_content,,field_talkorus_tab_projects_content,700,field_talkorus_product_feature_icon,Быстрая сухая сборка,field_talkorus_product_feature_title,686,field_talkorus_product_feature_icon,Эффективная конвекция,field_talkorus_product_feature_title,685,field_talkorus_product_feature_icon,"Система ""Чистое стекло""",field_talkorus_product_feature_title,687,field_talkorus_product_feature_icon,Облицовка Talkorus,field_talkorus_product_feature_title,4,field_talkorus_product_features
823,simple,,,Теплонакопительная печь-камин Vegarus 20/1580 SA,1,0,visible,,"<p>Теплонакопительная печь-камин Vegarus 20/1580 SA — элегантное и функциональное решение для обогрева помещений. Эта модель выполнена из натурального камня — серпентинита. Этот камень от природы имеет серый цвет с характерной текстурой, похожей на кожу змеи. Он обладает повышенными теплонакопительными свойствами и позволяет отапливать помещение даже тогда, когда огонь в камине уже потух. Купить теплонакопительную печь-камин Vegarus 20/1580 SA можно на официальном сайте Талькорус. Для этого нажмите на кнопку «Оформить заказ‎» и оставьте данные для связи. Наш менеджер позвонит для уточнения деталей и согласования заказа. У нас можно купить базовую модель, представленную на сайте, а также заказать разработку персонального проекта — изготовим аналогичную печь под ваши размеры.</p>\n<h2>Внешний вид</h2>\n<p>Печь имеет прямоугольную вертикальную форму с минималистичным дизайном и четкими линиями. Верхняя часть выполнена из цельного блока серпентинита с дополнительной декоративной окантовкой. В центре расположена топочная камера с большой стеклянной дверцей, через которую можно наблюдать за пламенем. Такой дизайн придает печи универсальность — она подойдет для любого стиля интерьера. Кроме того, по сравнению с другими аналогичными моделями эта печь отличается более компактными размерами — ширина и глубина составляют меньше метра, поэтому она не займет много места.</p>\n<h2>Характеристики печи-камина Vegarus 20/1580 SA</h2>\n<p>Данная модель отличается повышенной теплоэффективностью. Поэтому чаще всего она используется в коммерции для обогрева больших площадей — например, на базах отдыха. Оптимальная площадь обогрева — от 40 до 80 квадратных метров. Мощность камина составляет 20 кВт, что сравнимо с десятью стандартными электрическими обогревателями.</p>\n<p> </p>\n<p>Главное преимущество этой печи-камина — вихревая подовая топка. Благодаря специальной технологии топочной камеры обеспечивается КПД до 82%, то есть дрова сгорают практически на 100%. Работает топка за счет наличия заслонки. Когда она открыта, в топочную камеру попадают потоки воздуха, которые, благодаря внутренней конструкции, «‎закручиваются». В результате чего обеспечивается максимальный контакт воздуха и топлива, и процесс горения идет более полно. Во время этого процесса выделяется большое количество тепла, поэтому нагреваться печь начинает уже в первые минуты после начала топки. Полностью помещение прогревается за 2-4 часа. А за счет того, что «потерь‎» во время топки практически нет, обеспечивается экономия дров до 30%.</p>\n<h3>Поговорим про серпентинит</h3>\n<p>Натуральный камень, из которого изготовлена облицовка, способен медленно накапливать тепло, выделяемое в процессе горения. Этому способствует двухконтурная система отвода дымовых газов. Перед тем, как «‎уйти» в дымоход, газы проходят по внутреннему контуру, который расположен у стенок корпуса. В процессе прохождения через этот контур тепло передается облицовке. Благодаря такому принципу работы печь отдает тепло в течение 14 часов после окончания горения.</p>\n<h2>Сборка и установка</h2>\n<p>Собирается камин как конструктор — без клея и специальных инструментов. Все элементы крепятся на специальный каркас, который представляет собой алюминиевые направляющие. В комплекте также поставляется пошаговая инструкция, все детали в которой пронумерованы. Поэтому справиться со сборкой может любой. Однако при необходимости вы можете вызвать нашего мастера. </p>\n<p> </p>\n<p>Купить теплонакопительную печь-камин Vegarus 20/1580 SA — значит получить не только энергоэффективный источник отопления, но и полноценный элемент дизайна.</p>",,,taxable,,1,,,0,0,,,,1580,1,,,373440,"Для дома, Для дома > Печи-камины Talkorus, Для дома > Печи-камины Talkorus > Серия Северная Карелия",,,"https://demo.talkorus.ru/wp-content/uploads/2026/06/vegarus-talkorus-optimized.jpg, https://demo.talkorus.ru/wp-content/uploads/2026/06/vegarus-talkorus2-optimized.jpg, https://demo.talkorus.ru/wp-content/uploads/2026/06/vegarus-talkorus3-optimized.jpg",,,,,,,,,4,,,Площадь обогрева,40-80 м²,1,1,,,,,,1580,field_69f20d9c512d1,Стиль,Классика,1,1,Возможность готовить,Нет,1,1,,Расположение,Пристенное,1,1,,,field_talkorus_tab_description_heading,,field_talkorus_tab_description_content,Технические данные,field_talkorus_tab_technical_heading,"<p class=""p1""><b>Общие характеристики</b></p>
<p class=""p1"">Тепловой КПД</p>
<p class=""p1""><b>..... 82 %</b></p>
<p class=""p1"">Время тепловой отдачи</p>
<p class=""p1""><b>..... 14 часов часов</b></p>
<p class=""p1"">Площадь обогрева</p>
<p class=""p1""><b>..... 40-80 м²</b></p>
<p class=""p1"">Время прогрева помещения</p>
<p class=""p1""><b>..... от 2 до 4 часов</b></p>
<p class=""p1"">Длина дров</p>
<p class=""p1""><b>..... 400 мм</b></p>
<p class=""p1"">Сечение дымохода</p>
<p class=""p1""><b>..... 130 мм</b></p>
<p class=""p1""><b>Характеристики топки</b></p>
<p class=""p1"">Тип</p>
<p class=""p1""><b>..... Вихревая подовая</b></p>
<p class=""p1"">Тепловая мощность</p>
<p class=""p1""><b>..... 20 кВт</b></p>
<p class=""p1"">Толщина топочного шамотного кирпича</p>
<p class=""p1""><b>..... 65 мм</b></p>
<p class=""p1"">Высота топки</p>
<p class=""p1""><b>..... 460 мм</b></p>
<p class=""p1"">Ширина топки</p>
<p class=""p1""><b>..... 240/350 мм</b></p>
<p class=""p1"">Глубина топки</p>
<p class=""p1""><b>..... 260 мм</b></p>
<p class=""p1""><b>Характеристики облицовки</b></p>
<p class=""p1"">Порода камня</p>
<p class=""p1""><b>..... Серпентинит</b></p>
<p class=""p1"">Вид обработки</p>
<p class=""p1""><b>..... БАРХАТ</b></p>
<p class=""p1"">Толщина облицовки</p>
<p class=""p1""><b>..... 40 мм</b></p>",field_talkorus_tab_technical_content,Размеры и вес,field_talkorus_tab_dimensions_heading,"<p class=""p1"">Высота</p>
<p class=""p1""><b>..... 1580 мм</b></p>
<p class=""p1"">Ширина</p>
<p class=""p1""><b>..... 720 мм</b></p>
<p class=""p1"">Глубина</p>
<p class=""p1""><b>..... 710 мм</b></p>
<p class=""p1"">Вес изделия толщиной 50мм</p>
<p class=""p1""><b>..... 880 кг</b></p>
<p class=""p1"">Вес изделия толщиной 40мм</p>
<p class=""p1""><b>..... 775 кг</b></p>",field_talkorus_tab_dimensions_content,,field_talkorus_tab_cut_content,,field_talkorus_tab_scheme_content,,field_talkorus_tab_purpose_content,,field_talkorus_tab_advantages_content,,field_talkorus_tab_docs_content,,field_talkorus_tab_video_content,,field_talkorus_tab_projects_content,700,field_talkorus_product_feature_icon,Быстрая сухая сборка,field_talkorus_product_feature_title,686,field_talkorus_product_feature_icon,Эффективная конвекция,field_talkorus_product_feature_title,685,field_talkorus_product_feature_icon,"Система ""Чистое стекло""",field_talkorus_product_feature_title,687,field_talkorus_product_feature_icon,Облицовка Talkorus,field_talkorus_product_feature_title,4,field_talkorus_product_features
827,simple,,,Теплонакопительная печь-камин Hirvi 20/1190 LS,1,0,visible,,"<p>Теплонакопительная печь из натурального полированного камня серпентинита — идеальное решение для обогрева помещений площадью от 40 до 80 квадратных метров. За счет своих высоких теплонакопительных свойств данный камин гарантирует долговременное и равномерное распределение тепла в вашем доме или квартире.<br />\n<br />\nПреимущества теплонакопительной печи Hirvi 20SL 1190<br />\nГлавное преимущество этой модели —  уменьшенное время прогрева помещения. Всего за 2-4 часа вы сможете насладиться комфортной температурой в доме. При этом время теплоотдачи удивительно долгое — до 10 часов. Даже после того, как огонь погаснет, тепло будет сохраняться в помещении почти сутки.<br />\n<br />\nМощность этой печи составляет 20 киловатт. Это позволяет быстро прогреть даже большие помещения. Благодаря эффективной конвекционной системе камин равномерно распределяет тепловую энергию по всей площади помещения, создавая комфортную температуру в доме.<br />\n<br />\nОблицовка камина Hirvi 20SL 1190 выполнена из натурального полированного камня, который придает печи элегантный внешний вид. Красивый и прочный камень добавит неповторимость интерьеру и превратит печь в украшение интерьера.</p>\n<p>Устанавливается данная модель без особых усилий. Благодаря системе сухой сборки вы сможете самостоятельно установить печь без специальных приспособлений. Все элементы конструкции легко соединяются между собой. Это экономит время и силы.</p>\n<p>Теплонакопительная печь из натурального полированного камня серпентинита — это надежное решение для отопления дома или квартиры. За счет технических характеристик эта камин генерирует комфортное тепло, а также сохраняет его до 10 часов. За счет рисунка натурального природного камня камин Hirvi 20SL 1190 станет украшением вашего интерьера.</p>",,,taxable,,1,,,0,0,,,,1190,1,,,375310,"Для дома, Для дома > Печи-камины Talkorus, Для дома > Печи-камины Talkorus > Серия Северная Карелия",,,"https://demo.talkorus.ru/wp-content/uploads/2026/06/hirvi-talkorus-1-1-1-optimized.jpg, https://demo.talkorus.ru/wp-content/uploads/2026/06/hirvi-talkorus3-optimized.jpg, https://demo.talkorus.ru/wp-content/uploads/2026/06/hirvi-talkorus4-optimized.jpg",,,,,,,,,5,,,Площадь обогрева,40-80 м²,1,1,,,,,,1190,field_69f20d9c512d1,Стиль,Модерн,1,1,Возможность готовить,Нет,1,1,,Расположение,Пристенное,1,1,,,field_talkorus_tab_description_heading,,field_talkorus_tab_description_content,Технические данные,field_talkorus_tab_technical_heading,"<p class=""p1""><b>Общие характеристики</b></p>
<p class=""p1"">Тепловой КПД</p>
<p class=""p1""><b>..... 82 %</b></p>
<p class=""p1"">Время тепловой отдачи</p>
<p class=""p1""><b>..... 10 часов часов</b></p>
<p class=""p1"">Площадь обогрева</p>
<p class=""p1""><b>..... 40-80 м²</b></p>
<p class=""p1"">Время прогрева помещения</p>
<p class=""p1""><b>..... от 2 до 4 часов</b></p>
<p class=""p1"">Длина дров</p>
<p class=""p1""><b>..... 400 мм</b></p>
<p class=""p1"">Сечение дымохода</p>
<p class=""p1""><b>..... 130 мм</b></p>
<p class=""p1""><b>Характеристики топки</b></p>
<p class=""p1"">Тип</p>
<p class=""p1""><b>..... Вихревая подовая</b></p>
<p class=""p1"">Тепловая мощность</p>
<p class=""p1""><b>..... 20 кВт</b></p>
<p class=""p1"">Толщина топочного шамотного кирпича</p>
<p class=""p1""><b>..... 65 мм</b></p>
<p class=""p1"">Высота топки</p>
<p class=""p1""><b>..... 460 мм</b></p>
<p class=""p1"">Ширина топки</p>
<p class=""p1""><b>..... 240/350 мм</b></p>
<p class=""p1"">Глубина топки</p>
<p class=""p1""><b>..... 260 мм</b></p>
<p class=""p1""><b>Характеристики облицовки</b></p>
<p class=""p1"">Порода камня</p>
<p class=""p1""><b>..... Серпентинит</b></p>
<p class=""p1"">Вид обработки</p>
<p class=""p1""><b>..... ПОЛИРОВКА</b></p>
<p class=""p1"">Толщина облицовки</p>
<p class=""p1""><b>..... 40 мм</b></p>",field_talkorus_tab_technical_content,Размеры и вес,field_talkorus_tab_dimensions_heading,"<p class=""p1"">Высота</p>
<p class=""p1""><b>..... 1190 мм</b></p>
<p class=""p1"">Ширина</p>
<p class=""p1""><b>..... 780 мм</b></p>
<p class=""p1"">Глубина</p>
<p class=""p1""><b>..... 810 мм</b></p>
<p class=""p1"">Вес изделия толщиной 50мм</p>
<p class=""p1""><b>..... 796 кг</b></p>
<p class=""p1"">Вес изделия толщиной 40мм</p>
<p class=""p1""><b>..... 715 кг</b></p>",field_talkorus_tab_dimensions_content,,field_talkorus_tab_cut_content,,field_talkorus_tab_scheme_content,,field_talkorus_tab_purpose_content,,field_talkorus_tab_advantages_content,,field_talkorus_tab_docs_content,,field_talkorus_tab_video_content,,field_talkorus_tab_projects_content,700,field_talkorus_product_feature_icon,Быстрая сухая сборка,field_talkorus_product_feature_title,686,field_talkorus_product_feature_icon,Эффективная конвекция,field_talkorus_product_feature_title,685,field_talkorus_product_feature_icon,"Система ""Чистое стекло""",field_talkorus_product_feature_title,687,field_talkorus_product_feature_icon,Облицовка Talkorus,field_talkorus_product_feature_title,4,field_talkorus_product_features
831,simple,,,Теплонакопительная печь-камин Vegarus 20/1580 SP,1,0,visible,,"<p class=""p1"">• Назначение: обогрев помещений 40–80 м²<br />\n• Мощность: 20 кВт<br />\n• Материал облицовки: серпентинит класса «Премиум»<br />\n• Габариты (В×Ш×Г): 1580 × 710 × 720 мм<br />\n• Финиш: обработка «Премиум» — щёточная (антик) с последующей выборочной подполировкой выступающих участков</p>\n<p class=""p1"">«Vegarus 20/1580 SP» — компактная и в то же время статусная теплонакопительная печь-камин TALKORUS для домов площадью 40–80 м². Модель рассчитана на ежедневную эксплуатацию: в активной фазе быстро разгоняет объём, а затем долго удерживает комфорт благодаря массиву каменной облицовки. При этом «Vegarus» выделяется особым финишем серпентинита — премиальной фактурой, которая создаёт редкую глубину рисунка и подчёркивает геометрию.</p>\n<p class=""p1"">Как работает теплонакопительная схема<br />\nКлюч к «длинному» теплу — массив из натурального серпентинита вокруг топочного блока. Во время активной топки камень аккумулирует избыток энергии, а после прогорания закладки отдаёт его плавно, мягким инфракрасным излучением. Благодаря этому в комнате нет «пилообразной» динамики: температура держится ровно, воздух не пересушивается, у стен отсутствуют жёсткие лучистые зоны. Естественная конвекция вдоль корпуса ускоряет выход на режим, а затем главную роль берёт на себя каменная масса.</p>\n<p class=""p1"">Серпентинит Премиум: что такое особая фактура<br />\nФиниш «Премиум» — это двухэтапная обработка камня. Сначала выполняется щёточная обработка («антик»), которая снимает мягкую составляющую поверхности и раскрывает природный рисунок. Затем выступающие, более твёрдые участки избирательно подполировываются инструментом. В результате рельеф становится тактильно выразительным, а рисунок приобретает характерную игру тёмных пятен и полутонов: прочные участки темнее и чуть блестят, углубления остаются матовыми. Камень выглядит «живым», лучше держит повседневную маркость и легко читается в тёплой боковой подсветке.</p>\n<p class=""p1"">Архитектура и пропорции<br />\nГабариты 1580 × 710 × 720 мм делают силуэт стройным и удобным для размещения у капитальной стены. Большая дверца со стеклом даёт панорамный обзор пламени — огонь становится эмоциональным центром комнаты. Чёткая прямолинейная геометрия подчёркнута аккуратными фасками и радиусными кромками, а богатая фактура «Премиум» добавляет глубины без декоративного перегруза.</p>\n<p class=""p1"">Тепловое поведение и режимы<br />\nНоминальная мощность 20 кВт позволяет уверенно работать на площади 40–80 м². В межсезонье часто достаточно одной полноценной вечерней топки — каменная инерция держит комфорт до утра. Зимой «Vegarus» сглаживает пики между подбросами, делая микроклимат ровным и предсказуемым.</p>\n<p class=""p1"">Размещение и монтаж<br />\nПечь-камин устанавливается у капитальной стены или в угловой зоне с верхним подключением дымохода. В проекте предусматривают прочную ровную базу, компенсационные зазоры до стен, негорючую площадку перед дверцей и доступ к ревизии канала. Привязка верхнего горизонта к линии мебели или подоконников помогает визуально «встроить» камин.</p>\n<p class=""p1"">Эксплуатация и уход<br />\nКомбинированная фактура практична: выступающие участки слегка полированы и меньше впитывают загрязнения, а матовый микрорельеф скрывает микроследы. Для ухода достаточно мягкой сухой или слегка влажной салфетки без абразивов и кислот. Стекло дверцы остаётся чистым при сухих дровах и корректной тяге.</p>\n<p class=""p1"">Сочетаемость в интерьере<br />\n«Vegarus» органично смотрится в скандии-минимализме, совремённой классике и интерьерах с тёплым деревом. Фактура «Премиум» красиво работает в боковой подсветке и подчёркивает натуральность материала. Камень дружит с термодревесиной, микробетоном и минеральными штукатурками; в текстиле — лен и шерсть создают цельную композицию.</p>\n<p class=""p1"">Итог<br />\n«Vegarus 20/1580 SP» — 20 кВт живого огня и длительной теплоотдачи в корпусе из серпентинита Премиум. Габариты 1580×710×720 мм удобны для большинства планировок, а фирменная фактура — щёточная обработка с избирательной подполировкой — придаёт камню глубину и благородство. Модель для тех, кто ценит и тепло, и эстетику.</p>",,,taxable,,1,,,0,0,,,,1580,1,,,376560,"Для дома, Для дома > Печи-камины Talkorus, Для дома > Печи-камины Talkorus > Серия Северная Карелия",,,"https://demo.talkorus.ru/wp-content/uploads/2026/06/pech-kamin-vegarus-20-talkorus-2-optimized.webp, https://demo.talkorus.ru/wp-content/uploads/2026/06/pech-kamin-vegarus-20-talkorus-1-optimized.webp, https://demo.talkorus.ru/wp-content/uploads/2026/06/pech-kamin-vegarus-20-talkorus-3-optimized.webp, https://demo.talkorus.ru/wp-content/uploads/2026/06/pech-kamin-vegarus-20-talkorus.ru-369-1-optimized.webp, https://demo.talkorus.ru/wp-content/uploads/2026/06/pech-kamin-vegarus-20-talkorus.ru-369-2-optimized.webp, https://demo.talkorus.ru/wp-content/uploads/2026/06/pech-kamin-vegarus-20-talkorus.ru-369-3-optimized.webp, https://demo.talkorus.ru/wp-content/uploads/2026/06/pech-kamin-vegarus-20-talkorus.ru-369-4-optimized.webp",,,,,,,,,6,,,Площадь обогрева,40-80 м²,1,1,,,,,,1580,field_69f20d9c512d1,Стиль,Модерн,1,1,Возможность готовить,Нет,1,1,,Расположение,Пристенное,1,1,,,field_talkorus_tab_description_heading,,field_talkorus_tab_description_content,Технические данные,field_talkorus_tab_technical_heading,"<p class=""p1""><b>Общие характеристики</b></p>
<p class=""p1"">Тепловой КПД</p>
<p class=""p1""><b>..... 82 %</b></p>
<p class=""p1"">Время тепловой отдачи</p>
<p class=""p1""><b>..... 14 часов часов</b></p>
<p class=""p1"">Площадь обогрева</p>
<p class=""p1""><b>..... 40-80 м²</b></p>
<p class=""p1"">Время прогрева помещения</p>
<p class=""p1""><b>..... от 1 до 3 часов</b></p>
<p class=""p1"">Длина дров</p>
<p class=""p1""><b>..... 400 мм</b></p>
<p class=""p1"">Сечение дымохода</p>
<p class=""p1""><b>..... 130 мм</b></p>
<p class=""p1""><b>Характеристики топки</b></p>
<p class=""p1"">Тип</p>
<p class=""p1""><b>..... Вихревая подовая</b></p>
<p class=""p1"">Тепловая мощность</p>
<p class=""p1""><b>..... 20 кВт</b></p>
<p class=""p1"">Толщина топочного шамотного кирпича</p>
<p class=""p1""><b>..... 65 мм</b></p>
<p class=""p1"">Высота топки</p>
<p class=""p1""><b>..... 460 мм</b></p>
<p class=""p1"">Ширина топки</p>
<p class=""p1""><b>..... 240/350 мм</b></p>
<p class=""p1"">Глубина топки</p>
<p class=""p1""><b>..... 260 мм</b></p>
<p class=""p1""><b>Характеристики облицовки</b></p>
<p class=""p1"">Порода камня</p>
<p class=""p1""><b>..... Серпентинит</b></p>
<p class=""p1"">Вид обработки</p>
<p class=""p1""><b>..... ПРЕМИУМ</b></p>
<p class=""p1"">Толщина облицовки</p>
<p class=""p1""><b>..... 40 мм</b></p>",field_talkorus_tab_technical_content,Размеры и вес,field_talkorus_tab_dimensions_heading,"<p class=""p1"">Высота</p>
<p class=""p1""><b>..... 1580 мм</b></p>
<p class=""p1"">Ширина</p>
<p class=""p1""><b>..... 710 мм</b></p>
<p class=""p1"">Глубина</p>
<p class=""p1""><b>..... 720 мм</b></p>
<p class=""p1"">Вес изделия толщиной 50мм</p>
<p class=""p1""><b>..... 878 кг</b></p>
<p class=""p1"">Вес изделия толщиной 40мм</p>
<p class=""p1""><b>..... 780 кг</b></p>",field_talkorus_tab_dimensions_content,,field_talkorus_tab_cut_content,,field_talkorus_tab_scheme_content,,field_talkorus_tab_purpose_content,,field_talkorus_tab_advantages_content,,field_talkorus_tab_docs_content,,field_talkorus_tab_video_content,,field_talkorus_tab_projects_content,700,field_talkorus_product_feature_icon,Быстрая сухая сборка,field_talkorus_product_feature_title,686,field_talkorus_product_feature_icon,Эффективная конвекция,field_talkorus_product_feature_title,685,field_talkorus_product_feature_icon,"Система ""Чистое стекло""",field_talkorus_product_feature_title,687,field_talkorus_product_feature_icon,Облицовка Talkorus,field_talkorus_product_feature_title,4,field_talkorus_product_features
839,simple,,,Теплонакопительная печь-камин Kontio 20/1570,1,0,visible,,"<p>Теплонакопительная печь-камин Kontio в комбинации из талькомагнезита и серпентинита. Комбинация из камней сохранит первоначальный внешний вид камина, за счет более плотной структуры серпентинита “криминальные” то есть, более подверженные к воздействию человека углы, подиум и верхняя крышка как раз сделаны из более плотного камня.</p>\n<p>Данная модель интересна не только комбинацией из двух видов камней, но и своей минималистичностью. Большая обзорная дверка собственного производства позволит любоваться огнем. Декоративные полки визуально увеличат площадь обзора огня.</p>\n<p>Данная модель имеет отличные характеристики, а значит выбрав ее вы будете закрывать все свои потребности. Эффективность, экологичность, теплоотдача, все это благодаря нашей фирменной топке Talkorus.</p>\n<p>Вся наша фирменная продукция оснащена двухоборотной топкой, таким образом вы получаете максимальный КПД.</p>\n<p>Перед отправкой печи-камина клиенту, мы проводим контрольную сборку, чтобы исключить брак и показать результаты нашей работы. После мы разбираем камин и аккуратно упаковываем, ищем машину и отправляем к вам до адреса.</p>",,,taxable,,1,,,0,0,,,,1570,1,,,472370,"Для дома, Для дома > Печи-камины Talkorus, Для дома > Печи-камины Talkorus > Серия Северная Карелия",,,"https://demo.talkorus.ru/wp-content/uploads/2026/06/bez-imeni-3-optimized.jpg, https://demo.talkorus.ru/wp-content/uploads/2026/06/bez-imeni-2-1-optimized-1.jpg, https://demo.talkorus.ru/wp-content/uploads/2026/06/bez-imeni-1-1-1-optimized.jpg",,,,,,,,,7,,,Площадь обогрева,40-80 м²,1,1,,,,,,1570,field_69f20d9c512d1,Стиль,Модерн,1,1,Возможность готовить,Нет,1,1,,Расположение,Пристенное,1,1,,,field_talkorus_tab_description_heading,,field_talkorus_tab_description_content,Технические данные,field_talkorus_tab_technical_heading,"<p class=""p1""><b>Общие характеристики</b></p>
<p class=""p1"">Тепловой КПД</p>
<p class=""p1""><b>..... 82 %</b></p>
<p class=""p1"">Время тепловой отдачи</p>
<p class=""p1""><b>..... до 16 часов часов</b></p>
<p class=""p1"">Площадь обогрева</p>
<p class=""p1""><b>..... 40-80 м²</b></p>
<p class=""p1"">Время прогрева помещения</p>
<p class=""p1""><b>..... от 2 до 4 часов</b></p>
<p class=""p1"">Длина дров</p>
<p class=""p1""><b>..... 400 мм</b></p>
<p class=""p1"">Сечение дымохода</p>
<p class=""p1""><b>..... 130 мм</b></p>
<p class=""p1""><b>Характеристики топки</b></p>
<p class=""p1"">Тип</p>
<p class=""p1""><b>..... Вихревая подовая</b></p>
<p class=""p1"">Тепловая мощность</p>
<p class=""p1""><b>..... 20 кВт</b></p>
<p class=""p1"">Толщина топочного шамотного кирпича</p>
<p class=""p1""><b>..... 65 мм</b></p>
<p class=""p1"">Высота топки</p>
<p class=""p1""><b>..... 460 мм</b></p>
<p class=""p1"">Ширина топки</p>
<p class=""p1""><b>..... 240/350 мм</b></p>
<p class=""p1"">Глубина топки</p>
<p class=""p1""><b>..... 260 мм</b></p>
<p class=""p1""><b>Характеристики облицовки</b></p>
<p class=""p1"">Порода камня</p>
<p class=""p1""><b>..... Талькомагнезит</b></p>
<p class=""p1"">Вид обработки</p>
<p class=""p1""><b>..... ШЛИФОВКА</b></p>
<p class=""p1"">Толщина облицовки</p>
<p class=""p1""><b>..... 40 мм</b></p>",field_talkorus_tab_technical_content,Размеры и вес,field_talkorus_tab_dimensions_heading,"<p class=""p1"">Высота</p>
<p class=""p1""><b>..... 1570 мм</b></p>
<p class=""p1"">Ширина</p>
<p class=""p1""><b>..... 920 мм</b></p>
<p class=""p1"">Глубина</p>
<p class=""p1""><b>..... 820 мм</b></p>
<p class=""p1"">Вес изделия толщиной 50мм</p>
<p class=""p1""><b>..... 1109 кг</b></p>
<p class=""p1"">Вес изделия толщиной 40мм</p>
<p class=""p1""><b>..... 1011 кг</b></p>",field_talkorus_tab_dimensions_content,,field_talkorus_tab_cut_content,,field_talkorus_tab_scheme_content,,field_talkorus_tab_purpose_content,,field_talkorus_tab_advantages_content,,field_talkorus_tab_docs_content,,field_talkorus_tab_video_content,,field_talkorus_tab_projects_content,700,field_talkorus_product_feature_icon,Быстрая сухая сборка,field_talkorus_product_feature_title,686,field_talkorus_product_feature_icon,Эффективная конвекция,field_talkorus_product_feature_title,685,field_talkorus_product_feature_icon,"Система ""Чистое стекло""",field_talkorus_product_feature_title,687,field_talkorus_product_feature_icon,Облицовка Talkorus,field_talkorus_product_feature_title,4,field_talkorus_product_features
843,simple,,,Теплонакопительная печь-камин Laivan 25/2000 SL,1,0,visible,,"<p>Теплонакопительная печь-камин Talkorus Laivan 25 из полированного серпентинита. Laivan в переводе – “Капитан корабля”, поэтому камин  станет флагманом в интерьере загородного дома.<br />\nВихревая топка подового горения, мощная система конвекции и теплоотдача натурального камня до 16 часов – все это Talkorus Laivan.</p>\n<p>Вся наша фирменная продукция оснащена двухоборотной топкой, таким образом вы получаете максимальный КПД. Наши фирменные печи камины Talkorus славятся максимальным КПД сжигаемого топлива до 82%. При этом температура газов в дымоходе составляет до 200°С из-за двухоборотной системы газоходов.</p>\n<p>Перед отправкой печи-камина клиенту, мы проводим контрольную сборку, чтобы исключить брак и показать результаты нашей работы. После мы разбираем камин и аккуратно упаковываем, ищем машину и отправляем к вам до адреса.</p>\n<p>Обратите внимание, что все заказы поступающие на производство делаются с нуля, поэтому в период сезона строительства учитывайте загруженность производства. Всю информацию вы сможете получить позвонив по номеру в шапке нашего сайта.</p>\n<p>Наша компания развивается и недавно мы сделали сертификат “Сделано в Карелии”, теперь наша продукция представлена в интернет-магазине “Сделано в Карелии”</p>\n<p>Как купить эффективную печь камин и не ошибиться? Вам достаточно нам позвонить и мы поможем с выбором модели. Более того наши специалисты расскажут про особенности нашей продукции.</p>",,,taxable,,1,,,0,0,,,,2000,1,,,666490,"Для дома, Для дома > Печи-камины Talkorus, Для дома > Печи-камины Talkorus > Серия Северная Карелия",,,"https://demo.talkorus.ru/wp-content/uploads/2026/06/bez-imeni-1-optimized-2.jpg, https://demo.talkorus.ru/wp-content/uploads/2026/06/bez-imeni-2-optimized-2.jpg",,,,,,,,,8,,,Площадь обогрева,60-100 м²,1,1,,,,,,2000,field_69f20d9c512d1,Стиль,Модерн,1,1,Возможность готовить,Нет,1,1,,Расположение,Пристенное,1,1,,,field_talkorus_tab_description_heading,,field_talkorus_tab_description_content,Технические данные,field_talkorus_tab_technical_heading,"<p class=""p1""><b>Общие характеристики</b></p>
<p class=""p1"">Тепловой КПД</p>
<p class=""p1""><b>..... 82 %</b></p>
<p class=""p1"">Время тепловой отдачи</p>
<p class=""p1""><b>..... до 16 часов часов</b></p>
<p class=""p1"">Площадь обогрева</p>
<p class=""p1""><b>..... 60-100 м²</b></p>
<p class=""p1"">Время прогрева помещения</p>
<p class=""p1""><b>..... от 2,5 до 4 часов</b></p>
<p class=""p1"">Длина дров</p>
<p class=""p1""><b>..... 450 мм</b></p>
<p class=""p1"">Сечение дымохода</p>
<p class=""p1""><b>..... 150 мм</b></p>
<p class=""p1""><b>Характеристики топки</b></p>
<p class=""p1"">Тип</p>
<p class=""p1""><b>..... Вихревая подовая</b></p>
<p class=""p1"">Тепловая мощность</p>
<p class=""p1""><b>..... 25 кВт</b></p>
<p class=""p1"">Толщина топочного шамотного кирпича</p>
<p class=""p1""><b>..... 75 мм</b></p>
<p class=""p1"">Высота топки</p>
<p class=""p1""><b>..... 460 мм</b></p>
<p class=""p1"">Ширина топки</p>
<p class=""p1""><b>..... 570/460 мм</b></p>
<p class=""p1"">Глубина топки</p>
<p class=""p1""><b>..... 380 мм</b></p>
<p class=""p1""><b>Характеристики облицовки</b></p>
<p class=""p1"">Порода камня</p>
<p class=""p1""><b>..... Серпентинит</b></p>
<p class=""p1"">Вид обработки</p>
<p class=""p1""><b>..... ПОЛИРОВКА</b></p>
<p class=""p1"">Толщина облицовки</p>
<p class=""p1""><b>..... 40 мм</b></p>",field_talkorus_tab_technical_content,Размеры и вес,field_talkorus_tab_dimensions_heading,"<p class=""p1"">Высота</p>
<p class=""p1""><b>..... 2000 мм</b></p>
<p class=""p1"">Ширина</p>
<p class=""p1""><b>..... 1120 мм</b></p>
<p class=""p1"">Глубина</p>
<p class=""p1""><b>..... 920 мм</b></p>
<p class=""p1"">Вес изделия толщиной 50мм</p>
<p class=""p1""><b>..... 1530 кг</b></p>",field_talkorus_tab_dimensions_content,,field_talkorus_tab_cut_content,,field_talkorus_tab_scheme_content,,field_talkorus_tab_purpose_content,,field_talkorus_tab_advantages_content,,field_talkorus_tab_docs_content,,field_talkorus_tab_video_content,,field_talkorus_tab_projects_content,700,field_talkorus_product_feature_icon,Быстрая сухая сборка,field_talkorus_product_feature_title,686,field_talkorus_product_feature_icon,Эффективная конвекция,field_talkorus_product_feature_title,685,field_talkorus_product_feature_icon,"Система ""Чистое стекло""",field_talkorus_product_feature_title,687,field_talkorus_product_feature_icon,Облицовка Talkorus,field_talkorus_product_feature_title,4,field_talkorus_product_features
846,simple,,,Теплонакопительная печь-камин Kallio 25/1810 SA,1,0,visible,,"<p>Комфорт и уют стали одними из ключевых аспектов жизни современного человека, поэтому выбор отопительного оборудования занимает не последнее место. Теплонакопительная печь-камин Kallio 25/1810 SA — это не просто источник тепла, а полноценный элемент интерьера, который преобразит ваш дом, создавая в нем атмосферу тепла и уюта. </p>\n<h2>Особенности печи-камина Kallio 25/1810 SA</h2>\n<h3>1. Быстрая сухая сборка облицовки</h3>\n<p>Сборка печи-камина Kallio 25/1810 SA выполнена с учетом удобства для «‎пользователя». Система сборки основана на использовании алюминиевых направляющих, что обеспечивает надежность, а также долговечность конструкции. Все плиты, входящие в комплект, пронумерованы, что значительно упрощает процесс установки: вам не нужно будет тратить время на поиск нужных элементов или разбираться в сложных схемах.</p>\n<p> </p>\n<p>Процесс сборки интуитивно понятен, поэтому справится любой человек даже без опыта в подобных работах. В комплекте также поставляется подробная инструкция, в которой пошагово описаны все этапы сборки. Кроме того, для сборки не понадобится клей и какие-либо инструменты, поскольку облицовка собирается как конструктор.</p>\n<h3>2. Облицовка из серпентинита</h3>\n<p>Серпентинит — это природный минерал, обладающий высокой теплоемкостью. Печи, изготовленные из этого материала, накапливают тепло, а затем медленно его отдают, что обеспечивает длительное, равномерное прогревание помещения. </p>\n<h3>3. Энергоэффективная конвекция  </h3>\n<p>Конвекция обеспечивает равномерное распределение теплого воздуха по всему помещению. Это позволяет избежать холодных зон, создавая комфортные условия для проживания.</p>\n<h3>4. Система «‎Чистое стекло»</h3>\n<p>Благодаря этой системе вы можете наслаждаться видом открытого огня без копоти и загрязнений на стекле. Это не только эстетически приятно, но и удобно — вам не придется часто проводить уборку. Это обеспечивается наличием зуба отбойника с отверстиями, который, создавая воздушный поток, не допускает попадания сажи и копоти на стекло.</p>\n<h2>Характеристики печи-камина Kallio 25/1810 SA</h2>\n<ul>\n<li style=""font-weight: 400"">Площадь обогрева: 60-100 м²  </li>\n</ul>\n<p>Камин подходит для обогрева как небольших, так и средних по размеру помещений, а также может обогревать несколько смежных помещений одновременно (при наличии вентиляции и нормальной циркуляции воздуха).</p>\n<p> </p>\n<ul>\n<li style=""font-weight: 400"">Время прогрева помещения: от 2,5 до 4 часов  </li>\n</ul>\n<p>Усредненный показатель. Время зависит как от размера помещения, так и от начальной температуры. Большое, изначально холодное помещение прогреется за 4 часа, а маленьким помещениям достаточно будет 2,5 и менее часов.</p>\n<p> </p>\n<ul>\n<li style=""font-weight: 400"">Время теплоотдачи: до 20 часов  </li>\n</ul>\n<p>После окончания топки (когда огонь в камине уже погас) облицовка медленно отдает накопленное тепло в окружающую среду. Поэтому камин можно растопить днем и оставить его на ночь — к утру температура все еще останется комфортной, что обеспечит приятное пробуждение.</p>\n<p> </p>\n<ul>\n<li style=""font-weight: 400"">Тепловая мощность: 25 кВт  </li>\n</ul>\n<p>Эта мощность позволяет обогревать значительные площади, что делает печь Kallio 25/1810 SA отличным выбором для загородных домов и дач. Для сравнения, если отапливать помещение электрическими отопительными приборами, то понадобится около 10 электрических обогревателей, что в несколько раз повышает затраты на отопление. </p>\n<h2>Преимущества использования теплонакопительных печей</h2>\n<h3>1. Экономия ресурсов</h3>\n<p>При сгорании дров выделяется большое количество тепла, которое, благодаря массе печи, сохраняется в теплонакопительной облицовке и постепенно отдаётся в помещение в течение длительного времени. За счет этого достаточно один раз растопить печь дровами, и почти целые сутки в помещении будет тепло. За счет теплонакопительной технологии экономия дров составляет до 30 и более процентов в сравнении с классическими стальными и чугунными печами. Также обеспечивается экономия расходов на отопление в целом, поскольку дрова стоят в несколько раз дешевле, чем электроэнергия.</p>\n<h3>2. Экологичность</h3>\n<p>Каменные печи более экологичны в сравнении с традиционными системами отопления. серпентинит – это природный минерал, который не содержит токсичных веществ и не выделяет вредных газов при нагревании, что делает его безопасным для здоровья людей и домашних животных и состояния окружающей среды. </p>\n<h3>3. Улучшение микроклимата</h3>\n<p>Тепло, выделяемое печью, распределяется равномерно, что предотвращает появление резких перепадов температуры. Кроме того, за счет времени работы печи воздух в помещении полностью просушивается (но не пересыхает!), что минимизирует риск появления плесени и грибка. А за счет поддержания уровня влажности и температуры улучшается здоровье проживающих.</p>\n<h3>4. Польза для организма</h3>\n<p>Тепло способствует улучшению кровообращения, что помогает снять мышечное напряжение и боль. Кроме того, расслабляющее воздействие тепла помогает уменьшить уровень стресса, улучшить качество сна, что в свою очередь положительно сказывается на общем состоянии здоровья. Нормализация же уровня влажности улучшает состояние слизистых оболочек, облегчает дыхание и самочувствие у аллергиков.</p>\n<h3>5. Эстетика и уют</h3>\n<p>серпентинит — природный камень, имеющий сдержанный сероватый и зеленоватый цвет, а также «‎минималистичную» текстуру. Поэтому установить такой камин можно в любом интерьере.</p>\n<p>Также психологическое воздействие огня, его тепло и свет создают ощущение безопасности, домашнего уюта, что имеет важное значение для гармонии в доме.</p>",,,taxable,,1,,,0,0,,,,1810,1,,,746230,"Для дома, Для дома > Печи-камины Talkorus, Для дома > Печи-камины Talkorus > Серия Северная Карелия",,,"https://demo.talkorus.ru/wp-content/uploads/2026/06/kamin-talkorus-1-1-optimized.webp, https://demo.talkorus.ru/wp-content/uploads/2026/06/kamin-talkorus-optimized.webp, https://demo.talkorus.ru/wp-content/uploads/2026/06/kamin-talkorus-2-2-1-optimized.webp",,,,,,,,,9,,,Площадь обогрева,60-100 м²,1,1,,,,,,1810,field_69f20d9c512d1,Стиль,Эксклюзив,1,1,Возможность готовить,Да,1,1,,Расположение,Пристенное,1,1,,,field_talkorus_tab_description_heading,,field_talkorus_tab_description_content,Технические данные,field_talkorus_tab_technical_heading,"<p class=""p1""><b>Общие характеристики</b></p>
<p class=""p1"">Тепловой КПД</p>
<p class=""p1""><b>..... 82 %</b></p>
<p class=""p1"">Время тепловой отдачи</p>
<p class=""p1""><b>..... до 20 часов часов</b></p>
<p class=""p1"">Площадь обогрева</p>
<p class=""p1""><b>..... 60-100 м²</b></p>
<p class=""p1"">Время прогрева помещения</p>
<p class=""p1""><b>..... от 2,5 до 4 часов</b></p>
<p class=""p1"">Длина дров</p>
<p class=""p1""><b>..... 450 мм</b></p>
<p class=""p1"">Сечение дымохода</p>
<p class=""p1""><b>..... 150 мм</b></p>
<p class=""p1""><b>Характеристики топки</b></p>
<p class=""p1"">Тип</p>
<p class=""p1""><b>..... Вихревая подовая</b></p>
<p class=""p1"">Тепловая мощность</p>
<p class=""p1""><b>..... 25 кВт</b></p>
<p class=""p1"">Толщина топочного шамотного кирпича</p>
<p class=""p1""><b>..... 75 мм</b></p>
<p class=""p1""><b>Характеристики облицовки</b></p>
<p class=""p1"">Порода камня</p>
<p class=""p1""><b>..... Серпентинит</b></p>
<p class=""p1"">Вид обработки</p>
<p class=""p1""><b>..... БАРХАТ</b></p>
<p class=""p1"">Толщина облицовки</p>
<p class=""p1""><b>..... 50 мм</b></p>",field_talkorus_tab_technical_content,Размеры и вес,field_talkorus_tab_dimensions_heading,"<p class=""p1"">Высота</p>
<p class=""p1""><b>..... 1810 мм</b></p>
<p class=""p1"">Ширина</p>
<p class=""p1""><b>..... 1240/1060 мм</b></p>
<p class=""p1"">Глубина</p>
<p class=""p1""><b>..... 845/705 мм</b></p>",field_talkorus_tab_dimensions_content,,field_talkorus_tab_cut_content,,field_talkorus_tab_scheme_content,,field_talkorus_tab_purpose_content,,field_talkorus_tab_advantages_content,,field_talkorus_tab_docs_content,,field_talkorus_tab_video_content,,field_talkorus_tab_projects_content,700,field_talkorus_product_feature_icon,Быстрая сухая сборка,field_talkorus_product_feature_title,686,field_talkorus_product_feature_icon,Эффективная конвекция,field_talkorus_product_feature_title,685,field_talkorus_product_feature_icon,"Система ""Чистое стекло""",field_talkorus_product_feature_title,687,field_talkorus_product_feature_icon,Облицовка Talkorus,field_talkorus_product_feature_title,4,field_talkorus_product_features
850,simple,,,Теплонакопительная печь-камин Karhu 2DT 20/1850,1,0,visible,,"<p>Эксклюзивная печь-камин Karhu 2DT подового горения с духовкой и с большим дровником. Данная печь отправилась в  Хакасию ,район, на побережье Енисея вблизи города Саяногорск, где находится загородный дом нашего клиента Валерия.</p>\n<p>Камин спроектирован по пожеланию клиента для монтажа в межкомнатную стену и имеет два фасада (гостинная, спальня).</p>\n<p>Печь является мечтой любой хозяйки, она оснащена духовкой, в которой вкусная и полезная еда не просто запекается, а томится, не теряя свою сочность. Духовка за 2.5 часа прогревается до 220 градусов.</p>\n<p>Наша фирменная продукция, это двухоборотная топка, которая работает в трех режимах:</p>\n<ul>\n<li>Растопка</li>\n<li>Двухоборотный режим</li>\n<li>Режим длительного горения</li>\n</ul>\n<p>Перед заказом печи-камина определитесь с каминной дверцей.</p>\n<p>Перед отгрузкой, наши специалисты собирают каждое изделие, данная процедура называется контрольной сборкой. Мы стараемся показать наше отношения к работе, проинформировать о готовности и упразднить брак. После мы аккуратно упаковываем детали облицовки в деревянные ящики и товар приезжает к вам в разобранном виде.</p>\n<p>Эффективность, практичность, долговечность, это результат работы компании Talkorus.</p>",,,taxable,,1,,,0,0,,,,1850,1,,,804500,"Для дома, Для дома > Печи-камины Talkorus, Для дома > Печи-камины Talkorus > Серия Северная Карелия",,,"https://demo.talkorus.ru/wp-content/uploads/2026/06/karhu-2d-1-optimized.jpg, https://demo.talkorus.ru/wp-content/uploads/2026/06/talkorus-karhu-2d-3-2-optimized.jpg, https://demo.talkorus.ru/wp-content/uploads/2026/06/talkorus-karhu-2d-4.-2-optimized.jpg",,,,,,,,,10,,,Площадь обогрева,40-80 м²,1,1,,,,,,1850,field_69f20d9c512d1,Стиль,Классика,1,1,Возможность готовить,Да,1,1,,Расположение,Пристенное,1,1,,,field_talkorus_tab_description_heading,,field_talkorus_tab_description_content,Технические данные,field_talkorus_tab_technical_heading,"<p class=""p1""><b>Общие характеристики</b></p>
<p class=""p1"">Тепловой КПД</p>
<p class=""p1""><b>..... 82 %</b></p>
<p class=""p1"">Время тепловой отдачи</p>
<p class=""p1""><b>..... до 20 часов часов</b></p>
<p class=""p1"">Площадь обогрева</p>
<p class=""p1""><b>..... 40-80 м²</b></p>
<p class=""p1"">Время прогрева помещения</p>
<p class=""p1""><b>..... от 2,5 до 4 часов</b></p>
<p class=""p1"">Длина дров</p>
<p class=""p1""><b>..... 450 мм</b></p>
<p class=""p1"">Сечение дымохода</p>
<p class=""p1""><b>..... 130 мм</b></p>
<p class=""p1""><b>Характеристики топки</b></p>
<p class=""p1"">Тип</p>
<p class=""p1""><b>..... Вихревая подовая</b></p>
<p class=""p1"">Тепловая мощность</p>
<p class=""p1""><b>..... 20 кВт</b></p>
<p class=""p1"">Толщина топочного шамотного кирпича</p>
<p class=""p1""><b>..... 65 мм</b></p>
<p class=""p1""><b>Характеристики облицовки</b></p>
<p class=""p1"">Порода камня</p>
<p class=""p1""><b>..... Талькомагнезит</b></p>
<p class=""p1"">Вид обработки</p>
<p class=""p1""><b>..... ШЛИФОВКА</b></p>
<p class=""p1"">Толщина облицовки</p>
<p class=""p1""><b>..... 50 мм</b></p>",field_talkorus_tab_technical_content,Размеры и вес,field_talkorus_tab_dimensions_heading,"<p class=""p1"">Высота</p>
<p class=""p1""><b>..... 1850 мм</b></p>
<p class=""p1"">Ширина</p>
<p class=""p1""><b>..... 1390 мм</b></p>
<p class=""p1"">Глубина</p>
<p class=""p1""><b>..... 950 мм</b></p>
<p class=""p1"">Вес изделия толщиной 50мм</p>
<p class=""p1""><b>..... 1695 кг</b></p>",field_talkorus_tab_dimensions_content,,field_talkorus_tab_cut_content,,field_talkorus_tab_scheme_content,,field_talkorus_tab_purpose_content,,field_talkorus_tab_advantages_content,,field_talkorus_tab_docs_content,,field_talkorus_tab_video_content,,field_talkorus_tab_projects_content,700,field_talkorus_product_feature_icon,Быстрая сухая сборка,field_talkorus_product_feature_title,686,field_talkorus_product_feature_icon,Эффективная конвекция,field_talkorus_product_feature_title,685,field_talkorus_product_feature_icon,"Система ""Чистое стекло""",field_talkorus_product_feature_title,687,field_talkorus_product_feature_icon,Облицовка Talkorus,field_talkorus_product_feature_title,4,field_talkorus_product_features
853,simple,,,Теплонакопительная печь-камин TYNNYRI PREMIUM/15/1550,1,0,visible,,"<p>Печь-камин TYNNYRI PREMIUM -1/15/1550-P1 длительного горения для загородного дома.</p>\n<p>Теплонакопительная печь-камин TYNNYRI из природного камня.  Облицована талькомагнезитом. Пройдя по ссылке вы увидите фактуру камня.</p>\n<p>Облицевать наши печи камины можно природными камнями на выбор. Талькомагнезит, серпентинит и lappia silver. Они примерно одинаковые по характеристикам и примерно одинаково накапливают тепло.</p>\n<p>Округлый дизайн подойдет для стиля хай-тек.</p>\n<p>Теплонакопительная печь-камин TYNNYRI поставляется комплектом. Конструктивно представляет из себя металлический корпус с шамотной плитой. Облицовка из натурального камня поставляется отдельно в  деревянных ящиках, после разгрузки, вы сможете за день собрать облицовку.</p>\n<p>Важно! Учитывайте количество камня. Чем больше вес —  тем больше печь впитает в себя тепла.</p>\n<p>Рекомендуем подготовиться к установке, затем, заказать камин. Заранее надо подготовить отдельное место. Необходимо сверить вес с допустимой нагрузкой на пол помещения. Облицовка  собирается вокруг уже установленного отопительного прибора на  пластины из алюминиевого сплава, без клеевых составов, сборка называется “сухой”.</p>\n<p>Любую из наших моделей вы можете изменить. Дровники,полки, подиум,гравировка. Мы удовлетворим ваши пожелания.</p>",,,taxable,,1,,,0,0,,,,1550,1,,,508090,"Для дома, Для дома > Печи-камины Talkorus, Для дома > Печи-камины Talkorus > Серия Tynnyri",,,https://demo.talkorus.ru/wp-content/uploads/2026/06/talkorus.tynnyri-premium-1-15-1550-p1-optimized.jpg,,,,,,,,,0,,,Площадь обогрева,30-60 м²,1,1,,,,,,1550,field_69f20d9c512d1,Стиль,Модерн,1,1,Возможность готовить,Нет,1,1,,Расположение,Пристенное,1,1,,,field_talkorus_tab_description_heading,,field_talkorus_tab_description_content,Технические данные,field_talkorus_tab_technical_heading,"<p class=""p1""><b>Общие характеристики</b></p>
<p class=""p1"">Тепловой КПД</p>
<p class=""p1""><b>..... 82 %</b></p>
<p class=""p1"">Время тепловой отдачи</p>
<p class=""p1""><b>..... до 15 часов часов</b></p>
<p class=""p1"">Площадь обогрева</p>
<p class=""p1""><b>..... 30-60 м²</b></p>
<p class=""p1"">Время прогрева помещения</p>
<p class=""p1""><b>..... 180</b></p>
<p class=""p1"">Длина дров</p>
<p class=""p1""><b>..... 400 мм</b></p>
<p class=""p1"">Сечение дымохода</p>
<p class=""p1""><b>..... 115 мм</b></p>
<p class=""p1""><b>Характеристики топки</b></p>
<p class=""p1"">Тип</p>
<p class=""p1""><b>..... Вихревая подовая</b></p>
<p class=""p1"">Тепловая мощность</p>
<p class=""p1""><b>..... 15 кВт</b></p>
<p class=""p1"">Толщина топочного шамотного кирпича</p>
<p class=""p1""><b>..... 40 мм</b></p>
<p class=""p1""><b>Характеристики облицовки</b></p>
<p class=""p1"">Порода камня</p>
<p class=""p1""><b>..... Талькомагнезит</b></p>
<p class=""p1"">Вид обработки</p>
<p class=""p1""><b>..... ПРЕМИУМ</b></p>
<p class=""p1"">Толщина облицовки</p>
<p class=""p1""><b>..... 50 мм</b></p>",field_talkorus_tab_technical_content,Размеры и вес,field_talkorus_tab_dimensions_heading,"<p class=""p1"">Высота</p>
<p class=""p1""><b>..... 1550 мм</b></p>
<p class=""p1"">Ширина</p>
<p class=""p1""><b>..... 900 мм</b></p>
<p class=""p1"">Глубина</p>
<p class=""p1""><b>..... 660 мм</b></p>
<p class=""p1"">Вес изделия толщиной 50мм</p>
<p class=""p1""><b>..... 907 кг</b></p>",field_talkorus_tab_dimensions_content,,field_talkorus_tab_cut_content,,field_talkorus_tab_scheme_content,,field_talkorus_tab_purpose_content,,field_talkorus_tab_advantages_content,,field_talkorus_tab_docs_content,,field_talkorus_tab_video_content,,field_talkorus_tab_projects_content,700,field_talkorus_product_feature_icon,Быстрая сухая сборка,field_talkorus_product_feature_title,686,field_talkorus_product_feature_icon,Эффективная конвекция,field_talkorus_product_feature_title,685,field_talkorus_product_feature_icon,"Система ""Чистое стекло""",field_talkorus_product_feature_title,687,field_talkorus_product_feature_icon,Облицовка Talkorus,field_talkorus_product_feature_title,4,field_talkorus_product_features
855,simple,,,Теплонакопительная печь-камин TYNNYRI/15/1550,1,0,visible,,"<p>Печь-камин TYNNYRI ANTIK-1/15/1550/А1 длительного горения для загородного дома.</p>\n<p>Теплонакопительная печь-камин TYNNYRI из природного камня.  Печь-камин  облицован талькомагнезитом. Пройдя по ссылке вы увидите фактуру камня.</p>\n<p>Облицевать наши печи камины можно природными камнями на выбор. Талькомагнезит, серпентинит и lappia silver. Они примерно одинаковые по характеристикам и примерно одинаково накапливают тепло.</p>\n<p>Круглая форма камина интересно будет смотреться в интерьере хай-тек.</p>\n<p>Теплонакопительная печь-камин TYNNYRI поставляется комплектом. Она состоит из металлической печи с уложенной в нее огнеупорной шамотной плитой. Облицовка из натурального камня поставляется отдельно в  деревянных ящиках, после разгрузки, вы сможете за день собрать облицовку.</p>\n<p>Стоит учесть, это количество камня, чем больше вес, тем больше печь-камин впитает в себя тепла.</p>\n<p>Рекомендуем подготовиться к установке, затем, заказать камин. Заранее надо подготовить отдельное место под печь-камин. Необходимо сверить вес камина с допустимой нагрузкой на пол помещения. Облицовка печи-камина собирается вокруг уже установленной печи на  пластины из алюминиевого сплава, без клеевых составов, сборка называется “сухой”.</p>\n<p>Любую из наших моделей вы можете изменить. Дровники,полки, подиум,гравировка. Мы удовлетворим ваши пожелания.</p>",,,taxable,,1,,,0,0,,,,1550,1,,,508090,"Для дома, Для дома > Печи-камины Talkorus, Для дома > Печи-камины Talkorus > Серия Tynnyri",,,https://demo.talkorus.ru/wp-content/uploads/2026/06/talkorus.tynnyri-antik-1-15-1550-a1-optimized.jpg,,,,,,,,,1,,,Площадь обогрева,30-60 м²,1,1,,,,,,1550,field_69f20d9c512d1,Стиль,Модерн,1,1,Возможность готовить,Нет,1,1,,Расположение,Пристенное,1,1,,,field_talkorus_tab_description_heading,,field_talkorus_tab_description_content,Технические данные,field_talkorus_tab_technical_heading,"<p class=""p1""><b>Общие характеристики</b></p>
<p class=""p1"">Тепловой КПД</p>
<p class=""p1""><b>..... 82 %</b></p>
<p class=""p1"">Время тепловой отдачи</p>
<p class=""p1""><b>..... до 15 часов часов</b></p>
<p class=""p1"">Площадь обогрева</p>
<p class=""p1""><b>..... 30-60 м²</b></p>
<p class=""p1"">Время прогрева помещения</p>
<p class=""p1""><b>..... от 2 до 4 часов</b></p>
<p class=""p1"">Длина дров</p>
<p class=""p1""><b>..... 400 мм</b></p>
<p class=""p1"">Сечение дымохода</p>
<p class=""p1""><b>..... 115 мм</b></p>
<p class=""p1""><b>Характеристики топки</b></p>
<p class=""p1"">Тип</p>
<p class=""p1""><b>..... Вихревая подовая</b></p>
<p class=""p1"">Тепловая мощность</p>
<p class=""p1""><b>..... 15 кВт</b></p>
<p class=""p1"">Толщина топочного шамотного кирпича</p>
<p class=""p1""><b>..... 40 мм</b></p>
<p class=""p1""><b>Характеристики облицовки</b></p>
<p class=""p1"">Порода камня</p>
<p class=""p1""><b>..... Талькомагнезит</b></p>
<p class=""p1"">Вид обработки</p>
<p class=""p1""><b>..... БАРХАТ</b></p>
<p class=""p1"">Толщина облицовки</p>
<p class=""p1""><b>..... 50 мм</b></p>",field_talkorus_tab_technical_content,Размеры и вес,field_talkorus_tab_dimensions_heading,"<p class=""p1"">Высота</p>
<p class=""p1""><b>..... 1550 мм</b></p>
<p class=""p1"">Ширина</p>
<p class=""p1""><b>..... 900 мм</b></p>
<p class=""p1"">Глубина</p>
<p class=""p1""><b>..... 660 мм</b></p>
<p class=""p1"">Вес изделия толщиной 50мм</p>
<p class=""p1""><b>..... 907 кг</b></p>",field_talkorus_tab_dimensions_content,,field_talkorus_tab_cut_content,,field_talkorus_tab_scheme_content,,field_talkorus_tab_purpose_content,,field_talkorus_tab_advantages_content,,field_talkorus_tab_docs_content,,field_talkorus_tab_video_content,,field_talkorus_tab_projects_content,700,field_talkorus_product_feature_icon,Быстрая сухая сборка,field_talkorus_product_feature_title,686,field_talkorus_product_feature_icon,Эффективная конвекция,field_talkorus_product_feature_title,685,field_talkorus_product_feature_icon,"Система ""Чистое стекло""",field_talkorus_product_feature_title,687,field_talkorus_product_feature_icon,Облицовка Talkorus,field_talkorus_product_feature_title,4,field_talkorus_product_features
857,simple,,,Теплонакопительная печь-камин TYNNYRI/15/1550,1,0,visible,,"<p>Каминная печь “TYNNYRI CLASSIC — 1/15/1550”</p>\n<p>Эта лаконичная округлая печь с минималистичным дизайном, близким к стилю хай-тек. Она имеет продуманную облицовку из талькомагнезита, который имеет естественную фактуру природного камня.</p>\n<p>На ваш выбор доступны различные варианты облицовки. Среди них также камни серпентинит и lappia silver, которые различаются по теплоотдаче. Поэтому ваш выбор будет менять характеристики печи, не только ее внешние декоративные особенности.</p>\n<p>Данная модель имеет внутреннюю шамотную футеровку, которая препятствует прямому контакту огня и корпуса и повышает огнеупорные свойства печи. А большое количество природного камня надолго сохраняет тепло и обеспечивает равномерную теплоотдачу в течение нескольких часов после окончания топки.</p>\n<p>Несомненный плюс такой печи — легкая сборка. Она поставляется в виде цельного металлического каркаса и облицовки, разложенной по деревянным ящикам. Поэтому вы сможете просто собрать эту печь менее чем за 1 день по “сухой” технологии, без использования клея или других связующих материалов.</p>\n<p>Перед монтажом печи рекомендуем заранее продумать место, оно должно быть способным выдержать вес камина.</p>\n<p>Заказчики могут на собственное усмотрение выбрать дополнения в виде дровников, полок, подиуму и гравировки.</p>",,,taxable,,1,,,0,0,,,,1550,1,,,474880,"Для дома, Для дома > Печи-камины Talkorus, Для дома > Печи-камины Talkorus > Серия Tynnyri",,,https://demo.talkorus.ru/wp-content/uploads/2026/06/talkorus.tynnyri-classik-1-15-1550-optimized.jpg,,,,,,,,,2,,,Площадь обогрева,30-60 м²,1,1,,,,,,1550,field_69f20d9c512d1,Стиль,Модерн,1,1,Возможность готовить,Нет,1,1,,Расположение,Пристенное,1,1,,,field_talkorus_tab_description_heading,,field_talkorus_tab_description_content,Технические данные,field_talkorus_tab_technical_heading,"<p class=""p1""><b>Общие характеристики</b></p>
<p class=""p1"">Тепловой КПД</p>
<p class=""p1""><b>..... 82 %</b></p>
<p class=""p1"">Время тепловой отдачи</p>
<p class=""p1""><b>..... до 15 часов часов</b></p>
<p class=""p1"">Площадь обогрева</p>
<p class=""p1""><b>..... 30-60 м²</b></p>
<p class=""p1"">Время прогрева помещения</p>
<p class=""p1""><b>..... от 2 до 4 часов</b></p>
<p class=""p1"">Длина дров</p>
<p class=""p1""><b>..... 400 мм</b></p>
<p class=""p1"">Сечение дымохода</p>
<p class=""p1""><b>..... 115 мм</b></p>
<p class=""p1""><b>Характеристики топки</b></p>
<p class=""p1"">Тип</p>
<p class=""p1""><b>..... Вихревая подовая</b></p>
<p class=""p1"">Тепловая мощность</p>
<p class=""p1""><b>..... 15 кВт</b></p>
<p class=""p1"">Толщина топочного шамотного кирпича</p>
<p class=""p1""><b>..... 40 мм</b></p>
<p class=""p1""><b>Характеристики облицовки</b></p>
<p class=""p1"">Порода камня</p>
<p class=""p1""><b>..... Талькомагнезит</b></p>
<p class=""p1"">Вид обработки</p>
<p class=""p1""><b>..... ШЛИФОВКА</b></p>
<p class=""p1"">Толщина облицовки</p>
<p class=""p1""><b>..... 50 мм</b></p>",field_talkorus_tab_technical_content,Размеры и вес,field_talkorus_tab_dimensions_heading,"<p class=""p1"">Высота</p>
<p class=""p1""><b>..... 1550 мм</b></p>
<p class=""p1"">Ширина</p>
<p class=""p1""><b>..... 900 мм</b></p>
<p class=""p1"">Глубина</p>
<p class=""p1""><b>..... 660 мм</b></p>
<p class=""p1"">Вес изделия толщиной 50мм</p>
<p class=""p1""><b>..... 907 кг</b></p>",field_talkorus_tab_dimensions_content,,field_talkorus_tab_cut_content,,field_talkorus_tab_scheme_content,,field_talkorus_tab_purpose_content,,field_talkorus_tab_advantages_content,,field_talkorus_tab_docs_content,,field_talkorus_tab_video_content,,field_talkorus_tab_projects_content,700,field_talkorus_product_feature_icon,Быстрая сухая сборка,field_talkorus_product_feature_title,686,field_talkorus_product_feature_icon,Эффективная конвекция,field_talkorus_product_feature_title,685,field_talkorus_product_feature_icon,"Система ""Чистое стекло""",field_talkorus_product_feature_title,687,field_talkorus_product_feature_icon,Облицовка Talkorus,field_talkorus_product_feature_title,4,field_talkorus_product_features
859,simple,,,Теплонакопительная печь-камин TYNNYRI PREMIUM -2/20/1550,1,0,visible,,"<p>Каминная печь «TYNNYRI PREMIUM — 2/20/1550»</p>\n<p>Лаконичный округлый минималистичный дизайн этой печи близок к стилю хай-тек и подойдет для помещений различной направленности и назначения. Ее обшивка выполнена из вулканического минерала талькомагнезита, который удерживает тепло в течение нескольких часов после окончания топки и исключает резкие перепады температур в помещении. </p>\n<p>Кроме этого, вам доступны разные варианты обшивки. Среди них как природного вида талькомагнезит, так и камни серпентинит и lappia silver.</p>\n<p>Плюсом данной модели является внутренняя футеровка в несколько сантиметров, которая уберегает внешнюю отделку печи от высоких температур и исключает ожоги. Кроме этого, внутренняя часть не контактирует с огнем напрямую и за счет этого служит дольше.</p>\n<p>В дополнение эту печь легко собрать в одиночку. Она поставляется в виде цельного металлического каркаса и облицовки, разложенной по деревянным ящикам. Поэтому вы сможете просто собрать эту печь менее чем за 1 день по “сухой” технологии без использования клея или других связующих материалов.</p>\n<p>Перед оформлением заказа предлагаем выбрать дополнения в виде дровников, полок, подиуму и гравировки, которые могут быть выполнены по вашим пожеланиям.</p>\n<p>Пожалуйста, заранее продумайте место для монтажа. Оно должно быть способным выдержать вес камина. </p>",,,taxable,,1,,,0,0,,,,1550,1,,,549330,"Для дома, Для дома > Печи-камины Talkorus, Для дома > Печи-камины Talkorus > Серия Tynnyri",,,https://demo.talkorus.ru/wp-content/uploads/2026/06/talkorus.tynnyri-premium-2-20-1550-p1-optimized.jpg,,,,,,,,,3,,,Площадь обогрева,40-80 м²,1,1,,,,,,1550,field_69f20d9c512d1,Стиль,Модерн,1,1,Возможность готовить,Нет,1,1,,Расположение,Пристенное,1,1,,,field_talkorus_tab_description_heading,,field_talkorus_tab_description_content,Технические данные,field_talkorus_tab_technical_heading,"<p class=""p1""><b>Общие характеристики</b></p>
<p class=""p1"">Тепловой КПД</p>
<p class=""p1""><b>..... 82 %</b></p>
<p class=""p1"">Время тепловой отдачи</p>
<p class=""p1""><b>..... до 16 часов часов</b></p>
<p class=""p1"">Площадь обогрева</p>
<p class=""p1""><b>..... 40-80 м²</b></p>
<p class=""p1"">Время прогрева помещения</p>
<p class=""p1""><b>..... от 2 до 4 часов</b></p>
<p class=""p1"">Длина дров</p>
<p class=""p1""><b>..... 400 мм</b></p>
<p class=""p1"">Сечение дымохода</p>
<p class=""p1""><b>..... 130 мм</b></p>
<p class=""p1""><b>Характеристики топки</b></p>
<p class=""p1"">Тип</p>
<p class=""p1""><b>..... Вихревая подовая</b></p>
<p class=""p1"">Тепловая мощность</p>
<p class=""p1""><b>..... 20 кВт</b></p>
<p class=""p1"">Толщина топочного шамотного кирпича</p>
<p class=""p1""><b>..... 65 мм</b></p>
<p class=""p1""><b>Характеристики облицовки</b></p>
<p class=""p1"">Порода камня</p>
<p class=""p1""><b>..... Талькомагнезит</b></p>
<p class=""p1"">Вид обработки</p>
<p class=""p1""><b>..... ПРЕМИУМ</b></p>
<p class=""p1"">Толщина облицовки</p>
<p class=""p1""><b>..... 50 мм</b></p>",field_talkorus_tab_technical_content,Размеры и вес,field_talkorus_tab_dimensions_heading,"<p class=""p1"">Высота</p>
<p class=""p1""><b>..... 1550 мм</b></p>
<p class=""p1"">Ширина</p>
<p class=""p1""><b>..... 960 мм</b></p>
<p class=""p1"">Глубина</p>
<p class=""p1""><b>..... 720 мм</b></p>
<p class=""p1"">Вес изделия толщиной 50мм</p>
<p class=""p1""><b>..... 975 кг</b></p>",field_talkorus_tab_dimensions_content,,field_talkorus_tab_cut_content,,field_talkorus_tab_scheme_content,,field_talkorus_tab_purpose_content,,field_talkorus_tab_advantages_content,,field_talkorus_tab_docs_content,,field_talkorus_tab_video_content,,field_talkorus_tab_projects_content,700,field_talkorus_product_feature_icon,Быстрая сухая сборка,field_talkorus_product_feature_title,686,field_talkorus_product_feature_icon,Эффективная конвекция,field_talkorus_product_feature_title,685,field_talkorus_product_feature_icon,"Система ""Чистое стекло""",field_talkorus_product_feature_title,687,field_talkorus_product_feature_icon,Облицовка Talkorus,field_talkorus_product_feature_title,4,field_talkorus_product_features
861,simple,,,Теплонакопительная печь-камин TYNNYRI/20/1840,1,0,visible,,"<p>Печь-камин TYNNYRI ANTIK-2/20/1840/А1 длительного горения для загородного дома. Теплонакопительная печь-камин TYNNYRI из природного камня.  Облицована талькомагнезитом. </p>\n<p>В качестве облицовки доступны 3 варианта природного камня: талькомагнезит, серпентинит и lappia silver. Они примерно одинаковые по характеристикам и примерно одинаково накапливают тепло. Круглая форма интересно будет смотреться в интерьере хай-тек. Теплонакопительная печь-камин TYNNYRI поставляется комплектом. Она состоит из металлической печи с уложенной в нее огнеупорной шамотной плитой и облицовкой из натурального камня. </p>\n<p>Облицовка из натурального камня поставляется отдельно в  деревянных ящиках, после разгрузки, вы сможете за день собрать облицовку. Стоит учесть, это количество камня, чем больше вес, тем больше печь-камин впитает в себя тепла. Рекомендуем подготовиться к установке, затем, заказать камин. Заранее надо подготовить отдельное место для установки. </p>\n<p>Необходимо сверить вес итоговой конструкции с допустимой нагрузкой на пол помещения. Облицовка собирается вокруг уже установленной печи на  пластины из алюминиевого сплава, без клеевых составов, сборка называется “сухой”. Любую из наших моделей вы можете изменить. Дровники, полки, подиум, гравировка. Мы удовлетворим ваши пожелания.</p>",,,taxable,,1,,,0,0,,,,1840,1,,,622590,"Для дома, Для дома > Печи-камины Talkorus, Для дома > Печи-камины Talkorus > Серия Tynnyri",,,https://demo.talkorus.ru/wp-content/uploads/2026/06/talkorus.tynnyri-antik-2-20-1840-a1-optimized.jpg,,,,,,,,,4,,,Площадь обогрева,40-80 м²,1,1,,,,,,1840,field_69f20d9c512d1,Стиль,Модерн,1,1,Возможность готовить,Нет,1,1,,Расположение,Пристенное,1,1,,,field_talkorus_tab_description_heading,,field_talkorus_tab_description_content,Технические данные,field_talkorus_tab_technical_heading,"<p class=""p1""><b>Общие характеристики</b></p>
<p class=""p1"">Тепловой КПД</p>
<p class=""p1""><b>..... 82 %</b></p>
<p class=""p1"">Время тепловой отдачи</p>
<p class=""p1""><b>..... до 17 часов часов</b></p>
<p class=""p1"">Площадь обогрева</p>
<p class=""p1""><b>..... 40-80 м²</b></p>
<p class=""p1"">Время прогрева помещения</p>
<p class=""p1""><b>..... от 2 до 4 часов</b></p>
<p class=""p1"">Длина дров</p>
<p class=""p1""><b>..... 400 мм</b></p>
<p class=""p1"">Сечение дымохода</p>
<p class=""p1""><b>..... 130 мм</b></p>
<p class=""p1""><b>Характеристики топки</b></p>
<p class=""p1"">Тип</p>
<p class=""p1""><b>..... Вихревая подовая</b></p>
<p class=""p1"">Тепловая мощность</p>
<p class=""p1""><b>..... 20 кВт</b></p>
<p class=""p1"">Толщина топочного шамотного кирпича</p>
<p class=""p1""><b>..... 65 мм</b></p>
<p class=""p1""><b>Характеристики облицовки</b></p>
<p class=""p1"">Порода камня</p>
<p class=""p1""><b>..... Талькомагнезит</b></p>
<p class=""p1"">Вид обработки</p>
<p class=""p1""><b>..... БАРХАТ</b></p>
<p class=""p1"">Толщина облицовки</p>
<p class=""p1""><b>..... 50 мм</b></p>",field_talkorus_tab_technical_content,Размеры и вес,field_talkorus_tab_dimensions_heading,"<p class=""p1"">Высота</p>
<p class=""p1""><b>..... 1840 мм</b></p>
<p class=""p1"">Ширина</p>
<p class=""p1""><b>..... 960 мм</b></p>
<p class=""p1"">Глубина</p>
<p class=""p1""><b>..... 720 мм</b></p>
<p class=""p1"">Вес изделия толщиной 50мм</p>
<p class=""p1""><b>..... 1101 кг</b></p>",field_talkorus_tab_dimensions_content,,field_talkorus_tab_cut_content,,field_talkorus_tab_scheme_content,,field_talkorus_tab_purpose_content,,field_talkorus_tab_advantages_content,,field_talkorus_tab_docs_content,,field_talkorus_tab_video_content,,field_talkorus_tab_projects_content,700,field_talkorus_product_feature_icon,Быстрая сухая сборка,field_talkorus_product_feature_title,686,field_talkorus_product_feature_icon,Эффективная конвекция,field_talkorus_product_feature_title,685,field_talkorus_product_feature_icon,"Система ""Чистое стекло""",field_talkorus_product_feature_title,687,field_talkorus_product_feature_icon,Облицовка Talkorus,field_talkorus_product_feature_title,4,field_talkorus_product_features
862,simple,,,Теплонакопительная печь-камин TYNNYRI/20/1550,1,0,visible,,"<p>Печь-камин TYNNYRI ANTIK-2/20/1550/А1 длительного горения для загородного дома.</p>\n<p>Теплонакопительная печь-камин TYNNYRI из природного камня.  Печь-камин  облицован талькомагнезитом. Пройдя по ссылке вы увидите фактуру камня.</p>\n<p>Облицевать наши печи камины можно природными камнями на выбор. Талькомагнезит, серпентинит и lappia silver. Они примерно одинаковые по характеристикам и примерно одинаково накапливают тепло.</p>\n<p>Круглая форма камина интересно будет смотреться в интерьере хай-тек.</p>\n<p>Теплонакопительная печь-камин TYNNYRI поставляется комплектом. Она состоит из металлической печи с уложенной в нее огнеупорной шамотной плитой. Облицовка из натурального камня поставляется отдельно в  деревянных ящиках, после разгрузки, вы сможете за день собрать облицовку.</p>\n<p>Стоит учесть, это количество камня, чем больше вес, тем больше печь-камин впитает в себя тепла.</p>\n<p>Рекомендуем подготовиться к установке, затем, заказать камин. Заранее надо подготовить отдельное место под печь-камин. Необходимо сверить вес камина с допустимой нагрузкой на пол помещения. Облицовка печи-камина собирается вокруг уже установленной печи на  пластины из алюминиевого сплава, без клеевых составов, сборка называется “сухой”.</p>\n<p>Любую из наших моделей вы можете изменить. Дровники,полки, подиум,гравировка. Мы удовлетворим ваши пожелания.</p>",,,taxable,,1,,,0,0,,,,1550,1,,,549330,"Для дома, Для дома > Печи-камины Talkorus, Для дома > Печи-камины Talkorus > Серия Tynnyri",,,https://demo.talkorus.ru/wp-content/uploads/2026/06/talkorus.tynnyri-antik-2-20-1840-a1-optimized.jpg,,,,,,,,,5,,,Площадь обогрева,40-80 м²,1,1,,,,,,1550,field_69f20d9c512d1,Стиль,Модерн,1,1,Возможность готовить,Нет,1,1,,Расположение,Пристенное,1,1,,,field_talkorus_tab_description_heading,,field_talkorus_tab_description_content,Технические данные,field_talkorus_tab_technical_heading,"<p class=""p1""><b>Общие характеристики</b></p>
<p class=""p1"">Тепловой КПД</p>
<p class=""p1""><b>..... 82 %</b></p>
<p class=""p1"">Время тепловой отдачи</p>
<p class=""p1""><b>..... до 15 часов часов</b></p>
<p class=""p1"">Площадь обогрева</p>
<p class=""p1""><b>..... 40-80 м²</b></p>
<p class=""p1"">Время прогрева помещения</p>
<p class=""p1""><b>..... от 2 до 4 часов</b></p>
<p class=""p1"">Длина дров</p>
<p class=""p1""><b>..... 400 мм</b></p>
<p class=""p1"">Сечение дымохода</p>
<p class=""p1""><b>..... 130 мм</b></p>
<p class=""p1""><b>Характеристики топки</b></p>
<p class=""p1"">Тип</p>
<p class=""p1""><b>..... Вихревая подовая</b></p>
<p class=""p1"">Тепловая мощность</p>
<p class=""p1""><b>..... 20 кВт</b></p>
<p class=""p1"">Толщина топочного шамотного кирпича</p>
<p class=""p1""><b>..... 65 мм</b></p>
<p class=""p1""><b>Характеристики облицовки</b></p>
<p class=""p1"">Порода камня</p>
<p class=""p1""><b>..... Талькомагнезит</b></p>
<p class=""p1"">Вид обработки</p>
<p class=""p1""><b>..... БАРХАТ</b></p>
<p class=""p1"">Толщина облицовки</p>
<p class=""p1""><b>..... 50 мм</b></p>",field_talkorus_tab_technical_content,Размеры и вес,field_talkorus_tab_dimensions_heading,"<p class=""p1"">Высота</p>
<p class=""p1""><b>..... 1550 мм</b></p>
<p class=""p1"">Ширина</p>
<p class=""p1""><b>..... 960 мм</b></p>
<p class=""p1"">Глубина</p>
<p class=""p1""><b>..... 720 мм</b></p>
<p class=""p1"">Вес изделия толщиной 50мм</p>
<p class=""p1""><b>..... 975 кг</b></p>",field_talkorus_tab_dimensions_content,,field_talkorus_tab_cut_content,,field_talkorus_tab_scheme_content,,field_talkorus_tab_purpose_content,,field_talkorus_tab_advantages_content,,field_talkorus_tab_docs_content,,field_talkorus_tab_video_content,,field_talkorus_tab_projects_content,700,field_talkorus_product_feature_icon,Быстрая сухая сборка,field_talkorus_product_feature_title,686,field_talkorus_product_feature_icon,Эффективная конвекция,field_talkorus_product_feature_title,685,field_talkorus_product_feature_icon,"Система ""Чистое стекло""",field_talkorus_product_feature_title,687,field_talkorus_product_feature_icon,Облицовка Talkorus,field_talkorus_product_feature_title,4,field_talkorus_product_features
864,simple,,,Теплонакопительная печь-камин TYNNYRI/20/1840,1,0,visible,,"<p>Печь TYNNYRI-2 — топка подового типа с облицовкой из талькомагнезита природного происхождения. За счет естественного рисунка талькомагнезитовая отделка подойдет к любому интерьеру. Стальная фурнитура обеспечивает надежность печи-камина, а благодаря наличию панорамной дверки наблюдать за огнем можно из любой точки дома.</p>\n<p>Данная модель — представитель нестареющей классики. Корпус выполнен в минималистичном стиле и отделан талькомагнезитовой облицовочной плиткой.  </p>\n<p>Данная модель печи доступна в нескольких вариантах: возможно изменение высоты и толщины столбов. Главный показатель, который нужно учитывать при выборе, — вес итоговой конструкции. Чем он больше — тем больше тепла сможет “накопить” печь и тем дольше она будет его отдавать.</p>\n<p>Печь-камин TYNNYRI-2 подойдет для тех, кто не любит излишеств. В ней нет выпирающих частей (таких как подиум или крышка) — мы их убрали по просьбам клиентов. Представленная модель — это базовый стиль. Возможно изготовление по индивидуальному проекту. </p>\n<p>Перед тем, как отправить печь клиенту, мы её собираем для проверки работоспособности. Далее идет разборка, упаковка и отправка на адрес. С нашей стороны вы также получите рекомендации по выбору монтажной организации, которая соберет и установит печь и дымоход.</p>",,,taxable,,1,,,0,0,,,,1840,1,,,622590,"Для дома, Для дома > Печи-камины Talkorus, Для дома > Печи-камины Talkorus > Серия Tynnyri",,,https://demo.talkorus.ru/wp-content/uploads/2026/06/talkorus.tynnyri-classik-2-20-1840-optimized.jpg,,,,,,,,,6,,,Площадь обогрева,40-80 м²,1,1,,,,,,1840,field_69f20d9c512d1,Стиль,Модерн,1,1,Возможность готовить,Нет,1,1,,Расположение,Пристенное,1,1,,,field_talkorus_tab_description_heading,,field_talkorus_tab_description_content,Технические данные,field_talkorus_tab_technical_heading,"<p class=""p1""><b>Общие характеристики</b></p>
<p class=""p1"">Тепловой КПД</p>
<p class=""p1""><b>..... 82 %</b></p>
<p class=""p1"">Время тепловой отдачи</p>
<p class=""p1""><b>..... до 17 часов часов</b></p>
<p class=""p1"">Площадь обогрева</p>
<p class=""p1""><b>..... 40-80 м²</b></p>
<p class=""p1"">Время прогрева помещения</p>
<p class=""p1""><b>..... от 2 до 4 часов</b></p>
<p class=""p1"">Длина дров</p>
<p class=""p1""><b>..... 400 мм</b></p>
<p class=""p1"">Сечение дымохода</p>
<p class=""p1""><b>..... 130 мм</b></p>
<p class=""p1""><b>Характеристики топки</b></p>
<p class=""p1"">Тип</p>
<p class=""p1""><b>..... Вихревая подовая</b></p>
<p class=""p1"">Тепловая мощность</p>
<p class=""p1""><b>..... 20 кВт</b></p>
<p class=""p1"">Толщина топочного шамотного кирпича</p>
<p class=""p1""><b>..... 65 мм</b></p>
<p class=""p1""><b>Характеристики облицовки</b></p>
<p class=""p1"">Порода камня</p>
<p class=""p1""><b>..... Талькомагнезит</b></p>
<p class=""p1"">Вид обработки</p>
<p class=""p1""><b>..... ШЛИФОВКА</b></p>
<p class=""p1"">Толщина облицовки</p>
<p class=""p1""><b>..... 50 мм</b></p>",field_talkorus_tab_technical_content,Размеры и вес,field_talkorus_tab_dimensions_heading,"<p class=""p1"">Высота</p>
<p class=""p1""><b>..... 1840 мм</b></p>
<p class=""p1"">Ширина</p>
<p class=""p1""><b>..... 960 мм</b></p>
<p class=""p1"">Глубина</p>
<p class=""p1""><b>..... 720 мм</b></p>
<p class=""p1"">Вес изделия толщиной 50мм</p>
<p class=""p1""><b>..... 1101 кг</b></p>",field_talkorus_tab_dimensions_content,,field_talkorus_tab_cut_content,,field_talkorus_tab_scheme_content,,field_talkorus_tab_purpose_content,,field_talkorus_tab_advantages_content,,field_talkorus_tab_docs_content,,field_talkorus_tab_video_content,,field_talkorus_tab_projects_content,700,field_talkorus_product_feature_icon,Быстрая сухая сборка,field_talkorus_product_feature_title,686,field_talkorus_product_feature_icon,Эффективная конвекция,field_talkorus_product_feature_title,685,field_talkorus_product_feature_icon,"Система ""Чистое стекло""",field_talkorus_product_feature_title,687,field_talkorus_product_feature_icon,Облицовка Talkorus,field_talkorus_product_feature_title,4,field_talkorus_product_features
865,simple,,,Теплонакопительная печь-камин TYNNYRI/20/1550,1,0,visible,,"<p>Каминная печь «TYNNYRI /20/1550»</p>\n<p>Эта лаконичная округлая печь с минималистичным дизайном, близким к стилю хай-тек. На ваш выбор доступны различные варианты облицовки. Среди них вулканический талькомагнезит, серпентинит и lappia silver, которые различаются по теплоотдаче. Поэтому ваш выбор будет менять характеристики изделия, не только его внешние декоративные особенности. В дополнение предлагаем выбрать дровники, полки, подиум и гравировку, которые будут выполнены по вашим пожеланиям.</p>\n<p>Данная модель отличается тем, что способна аккумулировать тепло в течение 17 часов после окончания топки. Это обеспечивается благодаря утолщенной внутренней шамотной футеровке, препятствующей прямому контакту огня и корпуса и повышающей огнеупорные свойства модели. </p>\n<p>Несомненный плюс – легкая сборка. Печь поставляется в виде цельного металлического каркаса и обшивки. Поэтому вы сможете просто провести сборку в одиночку менее чем за 1 день без использования клея или других связующих материалов по “сухой” технологии.</p>\n<p>Перед монтажом рекомендуем заранее продумать место, оно должно быть способным выдержать вес камина. </p>",,,taxable,,1,,,0,0,,,,1550,1,,,549330,"Для дома, Для дома > Печи-камины Talkorus, Для дома > Печи-камины Talkorus > Серия Tynnyri",,,https://demo.talkorus.ru/wp-content/uploads/2026/06/talkorus.tynnyri-classik-2-20-1840-optimized.jpg,,,,,,,,,7,,,Площадь обогрева,40-80 м²,1,1,,,,,,1550,field_69f20d9c512d1,Стиль,Модерн,1,1,Возможность готовить,Нет,1,1,,Расположение,Пристенное,1,1,,,field_talkorus_tab_description_heading,,field_talkorus_tab_description_content,Технические данные,field_talkorus_tab_technical_heading,"<p class=""p1""><b>Общие характеристики</b></p>
<p class=""p1"">Тепловой КПД</p>
<p class=""p1""><b>..... 82 %</b></p>
<p class=""p1"">Время тепловой отдачи</p>
<p class=""p1""><b>..... до 16 часов часов</b></p>
<p class=""p1"">Площадь обогрева</p>
<p class=""p1""><b>..... 40-80 м²</b></p>
<p class=""p1"">Время прогрева помещения</p>
<p class=""p1""><b>..... от 2 до 4 часов</b></p>
<p class=""p1"">Длина дров</p>
<p class=""p1""><b>..... 400 мм</b></p>
<p class=""p1"">Сечение дымохода</p>
<p class=""p1""><b>..... 130 мм</b></p>
<p class=""p1""><b>Характеристики топки</b></p>
<p class=""p1"">Тип</p>
<p class=""p1""><b>..... Вихревая подовая</b></p>
<p class=""p1"">Тепловая мощность</p>
<p class=""p1""><b>..... 20 кВт</b></p>
<p class=""p1"">Толщина топочного шамотного кирпича</p>
<p class=""p1""><b>..... 65 мм</b></p>
<p class=""p1""><b>Характеристики облицовки</b></p>
<p class=""p1"">Порода камня</p>
<p class=""p1""><b>..... Талькомагнезит</b></p>
<p class=""p1"">Вид обработки</p>
<p class=""p1""><b>..... ШЛИФОВКА</b></p>
<p class=""p1"">Толщина облицовки</p>
<p class=""p1""><b>..... 50 мм</b></p>",field_talkorus_tab_technical_content,Размеры и вес,field_talkorus_tab_dimensions_heading,"<p class=""p1"">Высота</p>
<p class=""p1""><b>..... 1550 мм</b></p>
<p class=""p1"">Ширина</p>
<p class=""p1""><b>..... 960 мм</b></p>
<p class=""p1"">Глубина</p>
<p class=""p1""><b>..... 720 мм</b></p>
<p class=""p1"">Вес изделия толщиной 50мм</p>
<p class=""p1""><b>..... 975 кг</b></p>",field_talkorus_tab_dimensions_content,,field_talkorus_tab_cut_content,,field_talkorus_tab_scheme_content,,field_talkorus_tab_purpose_content,,field_talkorus_tab_advantages_content,,field_talkorus_tab_docs_content,,field_talkorus_tab_video_content,,field_talkorus_tab_projects_content,700,field_talkorus_product_feature_icon,Быстрая сухая сборка,field_talkorus_product_feature_title,686,field_talkorus_product_feature_icon,Эффективная конвекция,field_talkorus_product_feature_title,685,field_talkorus_product_feature_icon,"Система ""Чистое стекло""",field_talkorus_product_feature_title,687,field_talkorus_product_feature_icon,Облицовка Talkorus,field_talkorus_product_feature_title,4,field_talkorus_product_features
867,simple,,,Теплонакопительная печь-камин TYNNYRI/20/1840,1,0,visible,,"<p>Печь-камин TYNNYRI ANTIK-2/20/1840/А1 длительного горения для загородного дома. Теплонакопительная печь-камин TYNNYRI из природного камня.  Облицована талькомагнезитом. </p>\n<p>В качестве облицовки доступны 3 варианта природного камня: талькомагнезит, серпентинит и lappia silver. Они примерно одинаковые по характеристикам и примерно одинаково накапливают тепло. Круглая форма интересно будет смотреться в интерьере хай-тек. Теплонакопительная печь-камин TYNNYRI поставляется комплектом. Она состоит из металлической печи с уложенной в нее огнеупорной шамотной плитой и облицовкой из натурального камня. </p>\n<p>Облицовка из натурального камня поставляется отдельно в  деревянных ящиках, после разгрузки, вы сможете за день собрать облицовку. Стоит учесть, это количество камня, чем больше вес, тем больше печь-камин впитает в себя тепла. Рекомендуем подготовиться к установке, затем, заказать камин. Заранее надо подготовить отдельное место для установки. </p>\n<p>Необходимо сверить вес итоговой конструкции с допустимой нагрузкой на пол помещения. Облицовка собирается вокруг уже установленной печи на  пластины из алюминиевого сплава, без клеевых составов, сборка называется “сухой”. Любую из наших моделей вы можете изменить. Дровники, полки, подиум, гравировка. Мы удовлетворим ваши пожелания.</p>",,,taxable,,1,,,0,0,,,,1840,1,,,622590,"Для дома, Для дома > Печи-камины Talkorus, Для дома > Печи-камины Talkorus > Серия Tynnyri",,,"https://demo.talkorus.ru/wp-content/uploads/2026/06/tynnyri-talkorus-11-optimized.webp, https://demo.talkorus.ru/wp-content/uploads/2026/06/tynnyri-talkorus-22-optimized.webp, https://demo.talkorus.ru/wp-content/uploads/2026/06/tynnyri-talkorus-33-optimized.webp",,,,,,,,,8,,,Площадь обогрева,40-80 м²,1,1,,,,,,1840,field_69f20d9c512d1,Стиль,Модерн,1,1,Возможность готовить,Нет,1,1,,Расположение,Пристенное,1,1,,,field_talkorus_tab_description_heading,,field_talkorus_tab_description_content,Технические данные,field_talkorus_tab_technical_heading,"<p class=""p1""><b>Общие характеристики</b></p>
<p class=""p1"">Тепловой КПД</p>
<p class=""p1""><b>..... 82 %</b></p>
<p class=""p1"">Время тепловой отдачи</p>
<p class=""p1""><b>..... до 17 часов часов</b></p>
<p class=""p1"">Площадь обогрева</p>
<p class=""p1""><b>..... 40-80 м²</b></p>
<p class=""p1"">Время прогрева помещения</p>
<p class=""p1""><b>..... от 2 до 4 часов</b></p>
<p class=""p1"">Длина дров</p>
<p class=""p1""><b>..... 400 мм</b></p>
<p class=""p1"">Сечение дымохода</p>
<p class=""p1""><b>..... 130 мм</b></p>
<p class=""p1""><b>Характеристики топки</b></p>
<p class=""p1"">Тип</p>
<p class=""p1""><b>..... Вихревая подовая</b></p>
<p class=""p1"">Тепловая мощность</p>
<p class=""p1""><b>..... 20 кВт</b></p>
<p class=""p1"">Толщина топочного шамотного кирпича</p>
<p class=""p1""><b>..... 65 мм</b></p>
<p class=""p1""><b>Характеристики облицовки</b></p>
<p class=""p1"">Порода камня</p>
<p class=""p1""><b>..... Серпентинит</b></p>
<p class=""p1"">Вид обработки</p>
<p class=""p1""><b>..... БАРХАТ</b></p>
<p class=""p1"">Толщина облицовки</p>
<p class=""p1""><b>..... 50 мм</b></p>",field_talkorus_tab_technical_content,Размеры и вес,field_talkorus_tab_dimensions_heading,"<p class=""p1"">Высота</p>
<p class=""p1""><b>..... 1840 мм</b></p>
<p class=""p1"">Ширина</p>
<p class=""p1""><b>..... 960 мм</b></p>
<p class=""p1"">Глубина</p>
<p class=""p1""><b>..... 720 мм</b></p>
<p class=""p1"">Вес изделия толщиной 50мм</p>
<p class=""p1""><b>..... 1101 кг</b></p>",field_talkorus_tab_dimensions_content,,field_talkorus_tab_cut_content,,field_talkorus_tab_scheme_content,,field_talkorus_tab_purpose_content,,field_talkorus_tab_advantages_content,,field_talkorus_tab_docs_content,,field_talkorus_tab_video_content,,field_talkorus_tab_projects_content,700,field_talkorus_product_feature_icon,Быстрая сухая сборка,field_talkorus_product_feature_title,686,field_talkorus_product_feature_icon,Эффективная конвекция,field_talkorus_product_feature_title,685,field_talkorus_product_feature_icon,"Система ""Чистое стекло""",field_talkorus_product_feature_title,687,field_talkorus_product_feature_icon,Облицовка Talkorus,field_talkorus_product_feature_title,4,field_talkorus_product_features
871,simple,,,Теплонакопительная печь-камин TYNNYRI KOMEA 25 KOMBI,1,0,visible,,"<p>Теплонакопительная печь-камин TYNNYRI KOMEA 25 KOMBI — оптимальное решение для обогрева больших помещений площадью от 60 до 100 м². Она создает в доме комфортную атмосферу и сохраняет тепло в течение продолжительного времени.</p>\n<p>Благодаря мощности в 25 киловатт TYNNYRI KOMEA 25 KOMBI быстро прогревает помещение — всего за 2-4 часа. Это позволяет создать уютную и теплую обстановку, особенно в холодные зимние дни. </p>\n<p> Главное преимущество этой печи-камина — время теплоотдачи до 20 часов. Благодаря специальной конструкции и использованию теплонакопительных материалов печь продолжает отдавать тепло еще долгое время после того, как огонь погас.</p>\n<p> Устанавливается печь TYNNYRI KOMEA 25 KOMBI без особых усилий. Благодаря системе сухой сборки вы сможете самостоятельно установить печь без специальных приспособлений. Все элементы конструкции легко соединяются между собой. Это экономит время и силы.</p>\n<p> Печь оснащена эффективной системой конвекции. Она обеспечивает равномерное распределение тепла по всему помещению. Это позволяет достичь оптимального уровня комфорта.</p>\n<p>Облицовка печи выполнена из натурального камня — серпентинита. Этот материал придает помещению элегантный внешний вид и обладает полезными свойствами:</p>\n<ol>\n<li style=""font-weight: 400"">Расширяет кровеносные сосуды.  За счет этого снижается артериальное давление, а также облегчаются мигрени.</li>\n<li style=""font-weight: 400"">Расширяет дыхательные пути, нормализуя отхождение мокроты, а также снижает интенсивность кашля.</li>\n<li style=""font-weight: 400"">Улучшает самочувствие, нормализует обменные процессы.</li>\n<li style=""font-weight: 400"">Повышает настроение, уменьшает тревогу и беспокойство и повышает качество сна.</li>\n<li style=""font-weight: 400"">Уменьшает раздражения на коже.</li>\n</ol>\n<p> Серпентинит — экологически чистый, гипоаллергенный материал. Он накапливает тепло и равномерно отдает его. При этом температура сохраняется на срок до 20 часов.</p>\n<p> TYNNYRI KOMEA 25 KOMBI — это оптимальный выбор для тех, кто ценит комфорт и  эффективность. Благодаря теплонакопительным свойствам и повышенной мощности и облицовке из натурального камня печь-камин TYNNYRI KOMEA 25 KOMBI обеспечит вас долгим и приятным теплом на протяжении многих часов.</p>",,,taxable,,1,,,0,0,,,,2260,1,,,1277680,"Для дома, Для дома > Печи-камины Talkorus, Для дома > Печи-камины Talkorus > Серия Tynnyri",,,"https://demo.talkorus.ru/wp-content/uploads/2026/06/tunnyri-komea-25-kombi-talkorus-1-optimized.jpg, https://demo.talkorus.ru/wp-content/uploads/2026/06/tunnyri-komea-25-kombi-talkorus-2-optimized.jpg, https://demo.talkorus.ru/wp-content/uploads/2026/06/tunnyri-komea-25-kombi-talkorus-optimized.jpg",,,,,,,,,9,,,Площадь обогрева,60-100 м²,1,1,,,,,,2260,field_69f20d9c512d1,Стиль,Эксклюзив,1,1,Возможность готовить,Нет,1,1,,Расположение,Пристенное,1,1,,,field_talkorus_tab_description_heading,,field_talkorus_tab_description_content,Технические данные,field_talkorus_tab_technical_heading,"<p class=""p1""><b>Общие характеристики</b></p>
<p class=""p1"">Тепловой КПД</p>
<p class=""p1""><b>..... 82 %</b></p>
<p class=""p1"">Время тепловой отдачи</p>
<p class=""p1""><b>..... 20 часов часов</b></p>
<p class=""p1"">Площадь обогрева</p>
<p class=""p1""><b>..... 60-100 м²</b></p>
<p class=""p1"">Время прогрева помещения</p>
<p class=""p1""><b>..... от 2 до 4 часов</b></p>
<p class=""p1"">Длина дров</p>
<p class=""p1""><b>..... 450 мм</b></p>
<p class=""p1"">Сечение дымохода</p>
<p class=""p1""><b>..... 150 мм</b></p>
<p class=""p1""><b>Характеристики топки</b></p>
<p class=""p1"">Тип</p>
<p class=""p1""><b>..... Вихревая подовая</b></p>
<p class=""p1"">Тепловая мощность</p>
<p class=""p1""><b>..... 25 кВт</b></p>
<p class=""p1"">Толщина топочного шамотного кирпича</p>
<p class=""p1""><b>..... 75 мм</b></p>
<p class=""p1"">Высота топки</p>
<p class=""p1""><b>..... 460 мм</b></p>
<p class=""p1"">Ширина топки</p>
<p class=""p1""><b>..... 570/460 мм</b></p>
<p class=""p1"">Глубина топки</p>
<p class=""p1""><b>..... 380 мм</b></p>
<p class=""p1""><b>Характеристики облицовки</b></p>
<p class=""p1"">Порода камня</p>
<p class=""p1""><b>..... Серпентинит</b></p>
<p class=""p1"">Вид обработки</p>
<p class=""p1""><b>..... БАРХАТ</b></p>
<p class=""p1"">Толщина облицовки</p>
<p class=""p1""><b>..... 50 мм</b></p>",field_talkorus_tab_technical_content,Размеры и вес,field_talkorus_tab_dimensions_heading,"<p class=""p1"">Высота</p>
<p class=""p1""><b>..... 2260 мм</b></p>
<p class=""p1"">Ширина</p>
<p class=""p1""><b>..... 1800 мм</b></p>
<p class=""p1"">Глубина</p>
<p class=""p1""><b>..... 995 мм</b></p>
<p class=""p1"">Вес изделия толщиной 50мм</p>
<p class=""p1""><b>..... 1690 кг</b></p>",field_talkorus_tab_dimensions_content,,field_talkorus_tab_cut_content,,field_talkorus_tab_scheme_content,,field_talkorus_tab_purpose_content,,field_talkorus_tab_advantages_content,,field_talkorus_tab_docs_content,,field_talkorus_tab_video_content,,field_talkorus_tab_projects_content,700,field_talkorus_product_feature_icon,Быстрая сухая сборка,field_talkorus_product_feature_title,686,field_talkorus_product_feature_icon,Эффективная конвекция,field_talkorus_product_feature_title,685,field_talkorus_product_feature_icon,"Система ""Чистое стекло""",field_talkorus_product_feature_title,687,field_talkorus_product_feature_icon,Облицовка Talkorus,field_talkorus_product_feature_title,4,field_talkorus_product_features
302,variation,,,Теплонакопительная печь-камин TYNNYRI KOMEA DT 23/1910 - 50 мм,-1,0,visible,,,,,taxable,parent,1,,,0,0,,,,,0,,,1029955,,,,,,,id:299,,,,,,2,,,Толщина камня,50 мм,,1,,,,,,,,,,,,,,,,,,,,,,,,,,,,,,,,,,,,,,,,,,,,,,,,,,,,,,,,,,,,,,,,,
301,variation,,,Теплонакопительная печь-камин TYNNYRI KOMEA DT 23/1910 - 40 мм,-1,0,visible,,,,,taxable,parent,1,,,0,0,,,,,0,,,1029950,,,,,,,id:299,,,,,,1,,,Толщина камня,40 мм,,1,,,,,,,,,,,,,,,,,,,,,,,,,,,,,,,,,,,,,,,,,,,,,,,,,,,,,,,,,,,,,,,,,
876,simple,,,Теплонакопительная печь-камин Lampi 9/960 SA,1,0,visible,,"<p class=""p1"">• Назначение: обогрев помещений 30–40 м²<br />• Мощность: ориентировочно 9 кВт (по серии), теплонакопительная схема<br />• Материал облицовки: серпентинит, финиш «антик» (щёточная обработка)<br />• Габариты (В×Ш×Г): 960 × 490 × 510 мм<br />• Масса: ~305 кг<br />• Особенности: облегчённая база — для малых домов на свайном/винтовом фундаменте</p><p class=""p1"">«Lampi 9/960 SA» — компактная теплонакопительная печь-камин TALKORUS, спроектированная для небольших домов, гостевых домиков и модульных построек, включая объекты на свайном или винтовом фундаменте. При высоте всего 960 мм и массе около 305 кг модель сохраняет ключевые преимущества каменной инерции: мягкое, равномерное тепло после прогорания закладки и отсутствие «пилообразной» динамики температуры в помещении площадью 30–40 м².</p><p class=""p1"">Для чего создана Lampi 9/960 SA<br />В классических лёгких каминах металл быстро нагревается и так же быстро остывает — тепло ощущается только пока горит огонь. «Lampi» работает иначе: каменная оболочка аккумулирует энергию топки и отдаёт её плавно, формируя спокойный фон в комнате. Это особенно важно в небольших домах, где перегрев чувствуется сильнее, а поддержание стабильного комфорта требует точной дозировки тепла.</p><p class=""p1"">Конструкция и материалы<br />Корпус обрамлён натуральным серпентинитом — породой, десятилетиями применяемой в печестроении. Финиш антик (щёточная обработка) подчёркивает природный рисунок, делает поверхность тактильно тёплой и практичной: на ней меньше заметны следы повседневного использования. Компактные панели с аккуратными фасками собраны в простой, устойчивый объём; радиусные кромки «смягчают» силуэт и защищают углы от сколов.</p><p class=""p1"">Тепловое поведение<br />Благодаря каменной массе печь-камин быстро выводит помещение на комфорт, а затем долго удерживает его без частых подбросов. Мягкое инфракрасное излучение от камня воспринимается телом естественно, воздух не пересушивается, а рядом со стенами нет ощущений жёсткого теплового потока. Для небольшого дома это ключевое преимущество: даже при открывании двери или проветривании фон восстанавливается без «скачков».</p><p class=""p1"">Компактная база — для свайного фундамента<br />Масса около 305 кг и небольшая опорная площадь позволяют уверенно ставить «Lampi» на перекрытиях домов на свайном/винтовом фундаменте (при соблюдении местных норм по распределению нагрузки). В проекте достаточно закладной плиты или усиленной зоны пола, а также негорючей площадки перед дверцей. Небольшая глубина 510 мм и ширина 490 мм упрощают размещение — печь‑камин легко вписывается даже в узкий простенок.</p><p class=""p1"">Дизайн и эргономика<br />Силуэт построен на чистых плоскостях и аккуратных радиусах. Большая жаростойкая дверца даёт отличный обзор пламени, а низкая высота делает «Lampi» идеальным объектом для гостиной‑ниши, кабинета или спальни-лофта. Фактура «антика» красиво ловит боковой тёплый свет и подчёркивает северный характер камня.</p><p class=""p1"">Удобство эксплуатации<br />Закладка дров не требует особых усилий; уход за камнем — мягкая сухая или слегка влажная салфетка без абразивов и кислот. Лаков и покрытий не требуется: серпентинит устойчив к температурным циклам и сохраняет вид долгие годы. Для практичности можно предусмотреть небольшой каменный или металлический коврик перед дверцей.</p><p class=""p1"">Сценарии использования<br />— Небольшой дом 30–40 м² с круглогодичным проживанием.<br />— Модульный/каркасный дом или дача на свайном фундаменте, где важна умеренная масса отопительного оборудования.<br />— Комната отдыха при бане: мягкий фон и визуальный центр с живым огнём.</p><p class=""p1"">Монтаж и рекомендации<br />Соблюдайте требования к основанию и дымоходу, оставляйте компенсационные зазоры до стен и защищайте пол перед дверцей негорючим материалом. Для устойчивой тяги используйте сухие дрова и корректную высоту дымохода согласно паспортным рекомендациям. Привяжите высоту верхнего пояса к горизонтам мебели или подоконников — печь визуально «встроится» в архитектуру комнаты.</p><p class=""p1"">Итог<br />«Lampi 9/960 SA» — компактная теплонакопительная печь-камин для малых домов: серпентинит в практичном финише «антик», габариты 960×490×510 мм, масса около 305 кг и поведение большой каменной печи в мини-формате. Модель дарит живой огонь и длинную, мягкую теплоотдачу без перегрева — именно то, что нужно для камерных пространств.</p>",,,taxable,,1,,,0,0,,,,960,1,,,153460,"Для дома, Для дома > Печи-камины Talkorus, Для дома > Печи-камины Talkorus > Серия Лапландия",,,"https://demo.talkorus.ru/wp-content/uploads/2026/06/pech-kamin-lampi-talkorus-4-optimized.webp, https://demo.talkorus.ru/wp-content/uploads/2026/06/pech-kamin-lampi-talkorus-5-optimized.webp, https://demo.talkorus.ru/wp-content/uploads/2026/06/pech-kamin-lampi-talkorus-6-optimized.webp, https://demo.talkorus.ru/wp-content/uploads/2026/06/pech-kamin-lampi-talkorus-1-optimized.webp, https://demo.talkorus.ru/wp-content/uploads/2026/06/pech-kamin-lampi-talkorus-2-optimized.webp, https://demo.talkorus.ru/wp-content/uploads/2026/06/pech-kamin-lampi-talkorus-3-optimized.webp, https://demo.talkorus.ru/wp-content/uploads/2026/06/pech-kamin-lampi-talkorus-4-768x560-optimized.webp, https://demo.talkorus.ru/wp-content/uploads/2026/06/pech-kamin-lampi-talkorus-5-768x560-optimized.webp, https://demo.talkorus.ru/wp-content/uploads/2026/06/pech-kamin-lampi-talkorus-6-768x560-optimized.webp, https://demo.talkorus.ru/wp-content/uploads/2026/06/pech-kamin-lampi-talkorus-1-768x560-optimized.webp, https://demo.talkorus.ru/wp-content/uploads/2026/06/pech-kamin-lampi-talkorus-2-768x560-optimized.webp, https://demo.talkorus.ru/wp-content/uploads/2026/06/pech-kamin-lampi-talkorus-3-768x560-optimized.webp",,,,,,,,,0,,,Площадь обогрева,30-60 м²,1,1,,,,,,960,field_69f20d9c512d1,Стиль,Классика,1,1,Возможность готовить,Нет,1,1,,Расположение,Пристенное,1,1,,,field_talkorus_tab_description_heading,,field_talkorus_tab_description_content,Технические данные,field_talkorus_tab_technical_heading,"<p class=""p1""><b>Общие характеристики</b></p>
<p class=""p1"">Тепловой КПД</p>
<p class=""p1""><b>..... 82 %</b></p>
<p class=""p1"">Время тепловой отдачи</p>
<p class=""p1""><b>..... 6 часов часов</b></p>
<p class=""p1"">Площадь обогрева</p>
<p class=""p1""><b>..... 30-60 м²</b></p>
<p class=""p1"">Время прогрева помещения</p>
<p class=""p1""><b>..... от 1 до 3 часов</b></p>
<p class=""p1"">Длина дров</p>
<p class=""p1""><b>..... 400 мм</b></p>
<p class=""p1"">Сечение дымохода</p>
<p class=""p1""><b>..... 115 мм</b></p>
<p class=""p1""><b>Характеристики топки</b></p>
<p class=""p1"">Тип</p>
<p class=""p1""><b>..... Вихревая подовая</b></p>
<p class=""p1"">Тепловая мощность</p>
<p class=""p1""><b>..... кВт</b></p>
<p class=""p1"">Толщина топочного шамотного кирпича</p>
<p class=""p1""><b>..... 40 мм</b></p>
<p class=""p1"">Характеристики облицовки</p>
<p class=""p1""><b>Порода камня</b></p>
<p class=""p1"">..... Серпентинит</p>
<p class=""p1""><b>Вид обработки</b></p>
<p class=""p1"">..... БАРХАТ</p>
<p class=""p1""><b>Толщина облицовки</b></p>
<p class=""p1"">..... 40 мм</p>",field_talkorus_tab_technical_content,Размеры и вес,field_talkorus_tab_dimensions_heading,"<p class=""p1"">Высота</p>
<p class=""p1""><b>..... 960 мм</b></p>
<p class=""p1"">Ширина</p>
<p class=""p1""><b>..... 490 мм</b></p>
<p class=""p1"">Глубина</p>
<p class=""p1""><b>..... 510 мм</b></p>
<p class=""p1"">Вес изделия толщиной 40мм</p>
<p class=""p1""><b>..... 305 кг</b></p>",field_talkorus_tab_dimensions_content,,field_talkorus_tab_cut_content,,field_talkorus_tab_scheme_content,,field_talkorus_tab_purpose_content,,field_talkorus_tab_advantages_content,,field_talkorus_tab_docs_content,,field_talkorus_tab_video_content,,field_talkorus_tab_projects_content,700,field_talkorus_product_feature_icon,Быстрая сухая сборка,field_talkorus_product_feature_title,686,field_talkorus_product_feature_icon,Эффективная конвекция,field_talkorus_product_feature_title,685,field_talkorus_product_feature_icon,"Система ""Чистое стекло""",field_talkorus_product_feature_title,687,field_talkorus_product_feature_icon,Облицовка Talkorus,field_talkorus_product_feature_title,4,field_talkorus_product_features
889,simple,,,Теплонакопительная печь-камин Kinerma – 15/1110,1,0,visible,,"<p>Теплонакопительная печь Kinerma 1110, компактная модель, с проходным весом, которая впишется в любой интерьер. Данная печь отличается строгим минималистичным дизайном.</p><p>Особенность топок Талькорус заключается в системе ходов дымовых газов. Печь-камин работает в трех режимах, растопка, двухоборотный (рабочий), режим длительного горения. Благодаря такому устройству можно добиться теплоотдачи до 12 часов.</p><p>Перед отправкой печи-камина мы проводим контрольную сборку, чтобы исключить брак и подготовить фотоотчет. После мы разбираем и упаковываем изделие, ищем машину и отправляем вместе с прилагаемой документацией.</p><p>Обратите внимание, что все поступающие заказы делаются с нуля, поэтому в период сезона строительства учитывайте загруженность производства. Всю информацию вы сможете получить позвонив по номеру в шапке нашего сайта. Наши менеджеры также помогут с выбором камина и комплектующих.</p><p>Мы содействуем в поиске транспорта и монтажников для разгрузки на адресе.</p><p>На главной странице talkorus мы выкладываем фотографии печей-каминов, уже установленных на объектах.</p>",,,taxable,,1,,,0,0,,,,1110,1,,,261220,"Для дома, Для дома > Печи-камины Talkorus, Для дома > Печи-камины Talkorus > Серия Лапландия",,,"https://demo.talkorus.ru/wp-content/uploads/2026/06/talkorus-kinerma1_tov-1-optimized.jpg, https://demo.talkorus.ru/wp-content/uploads/2026/06/talkorus-kinerma1_tov2-optimized.jpg, https://demo.talkorus.ru/wp-content/uploads/2026/06/pech-kamin-kinerma-15-1100-ts-talkorus.ru-1-optimized.webp, https://demo.talkorus.ru/wp-content/uploads/2026/06/pech-kamin-kinerma-15-1100-ts-talkorus.ru-2-optimized.webp, https://demo.talkorus.ru/wp-content/uploads/2026/06/pech-kamin-kinerma-15-1100-ts-talkorus.ru-3-optimized.webp, https://demo.talkorus.ru/wp-content/uploads/2026/06/pech-kamin-kinerma-15-1100-ts-talkorus.ru-1-1-optimized.webp, https://demo.talkorus.ru/wp-content/uploads/2026/06/pech-kamin-kinerma-15-1100-ts-talkorus.ru-2-1-optimized.webp, https://demo.talkorus.ru/wp-content/uploads/2026/06/pech-kamin-kinerma-15-1100-ts-talkorus.ru_-optimized.webp, https://demo.talkorus.ru/wp-content/uploads/2026/06/pech-kamin-kinerma-15-1100-ts-talkorus.ru-1-768x560-optimized.webp, https://demo.talkorus.ru/wp-content/uploads/2026/06/pech-kamin-kinerma-15-1100-ts-talkorus.ru-2-768x560-optimized.webp, https://demo.talkorus.ru/wp-content/uploads/2026/06/pech-kamin-kinerma-15-1100-ts-talkorus.ru-3-768x560-optimized.webp, https://demo.talkorus.ru/wp-content/uploads/2026/06/pech-kamin-kinerma-15-1100-ts-talkorus.ru-1-1-768x560-optimized.webp, https://demo.talkorus.ru/wp-content/uploads/2026/06/pech-kamin-kinerma-15-1100-ts-talkorus.ru-2-1-768x560-optimized.webp, https://demo.talkorus.ru/wp-content/uploads/2026/06/pech-kamin-kinerma-15-1100-ts-talkorus.ru_-768x560-optimized.webp",,,,,,,,,1,,,Площадь обогрева,30-60 м²,1,1,,,,,,1110,field_69f20d9c512d1,Стиль,Модерн,1,1,Возможность готовить,Нет,1,1,,Расположение,Пристенное,1,1,,,field_talkorus_tab_description_heading,,field_talkorus_tab_description_content,Технические данные,field_talkorus_tab_technical_heading,"<p class=""p1""><b>Общие характеристики</b></p>
<p class=""p1"">Тепловой КПД</p>
<p class=""p1""><b>..... 82 %</b></p>
<p class=""p1"">Время тепловой отдачи</p>
<p class=""p1""><b>..... до 12 часов</b></p>
<p class=""p1"">Площадь обогрева</p>
<p class=""p1""><b>..... 30-60 м²</b></p>
<p class=""p1"">Время прогрева помещения</p>
<p class=""p1""><b>..... от 2 до 4 часов</b></p>
<p class=""p1"">Длина дров</p>
<p class=""p1""><b>..... 400 мм</b></p>
<p class=""p1"">Сечение дымохода</p>
<p class=""p1""><b>..... 115 мм</b></p>
<p class=""p1""><b>Характеристики топки</b></p>
<p class=""p1"">Тип</p>
<p class=""p1""><b>..... Вихревая подовая</b></p>
<p class=""p1"">Тепловая мощность</p>
<p class=""p1""><b>..... 15 кВт</b></p>
<p class=""p1"">Толщина топочного шамотного кирпича</p>
<p class=""p1""><b>..... 40 мм</b></p>
<p class=""p1"">Высота топки</p>
<p class=""p1""><b>..... 460 мм</b></p>
<p class=""p1"">Ширина топки</p>
<p class=""p1""><b>..... 240/310 мм</b></p>
<p class=""p1"">Глубина топки</p>
<p class=""p1""><b>..... 210 мм</b></p>
<p class=""p1"">Характеристики облицовки</p>
<p class=""p1""><b>Порода камня</b></p>
<p class=""p1"">..... Талькомагнезит</p>
<p class=""p1""><b>Вид обработки</b></p>
<p class=""p1"">..... ШЛИФОВКА</p>
<p class=""p1""><b>Толщина облицовки</b></p>
<p class=""p1"">..... 50 мм</p>",field_talkorus_tab_technical_content,Размеры и вес,field_talkorus_tab_dimensions_heading,"<p class=""p1"">Высота</p>
<p class=""p1""><b>..... 1110 мм</b></p>
<p class=""p1"">Ширина</p>
<p class=""p1""><b>..... 680 мм</b></p>
<p class=""p1"">Глубина</p>
<p class=""p1""><b>..... 710 мм</b></p>
<p class=""p1"">Вес изделия толщиной 50мм</p>
<p class=""p1""><b>..... 631 кг</b></p>
<p class=""p1"">Вес изделия толщиной 40мм</p>
<p class=""p1""><b>..... 572 кг</b></p>",field_talkorus_tab_dimensions_content,,field_talkorus_tab_cut_content,,field_talkorus_tab_scheme_content,,field_talkorus_tab_purpose_content,,field_talkorus_tab_advantages_content,,field_talkorus_tab_docs_content,,field_talkorus_tab_video_content,,field_talkorus_tab_projects_content,700,field_talkorus_product_feature_icon,Быстрая сухая сборка,field_talkorus_product_feature_title,686,field_talkorus_product_feature_icon,Эффективная конвекция,field_talkorus_product_feature_title,685,field_talkorus_product_feature_icon,"Система ""Чистое стекло""",field_talkorus_product_feature_title,687,field_talkorus_product_feature_icon,Облицовка Talkorus,field_talkorus_product_feature_title,4,field_talkorus_product_features
904,simple,,,Теплонакопительная печь-камин Pikku – 15/1260,1,0,visible,,"<p>Pikku — печь с запатентованной технологией топки, которая порадует эффективностью и экономичным расходом дров.</p><p>Долговечность этой модели обеспечивается продуманной топкой из котловой стали и огнеупорного слоя, которые исключают резких перепадов температур и продлевают срок службы печи. При необходимости починки или замены какой-либо детали — это можно легко выполнить самостоятельно. А печь после этого будет функционировать как новая.</p><p>Натуральный камень обшивки печи позволяет исключить ожоги при прикосновении и помогает сохранять тепло. За счет этого печь на протяжении 10 ч. по окончанию топки будет греть дом, смягчая перепад температуры, благотворно сказываясь на мебели и вашем здоровье.</p><p>Pikku доставляется в разобранном виде. Это металлическая печь, огнеупорная плита и обшивка из камня, которые легко собрать без дополнительных материалов, на “сухую”. Такую задачу под силу выполнить самостоятельно за день.</p><p>Перед монтажом подготовьте место установки, чтобы оно могло выдержать вес камина.</p>",,,taxable,,1,,,0,0,,,,1260,1,,,278980,"Для дома, Для дома > Печи-камины Talkorus, Для дома > Печи-камины Talkorus > Серия Лапландия",,,"https://demo.talkorus.ru/wp-content/uploads/2026/06/talkorus-pikku_tov-1-optimized.jpg, https://demo.talkorus.ru/wp-content/uploads/2026/06/talkorus-pikku_tov2-optimized.jpg",,,,,,,,,2,,,Площадь обогрева,30-60 м²,1,1,,,,,,1260,field_69f20d9c512d1,Стиль,Модерн,1,1,Возможность готовить,Нет,1,1,,Расположение,Пристенное,1,1,,,field_talkorus_tab_description_heading,,field_talkorus_tab_description_content,Технические данные,field_talkorus_tab_technical_heading,"<p class=""p1""><b>Общие характеристики</b></p>
<p class=""p1"">Тепловой КПД</p>
<p class=""p1""><b>..... 82 %</b></p>
<p class=""p1"">Время тепловой отдачи</p>
<p class=""p1""><b>..... до 10 часов</b></p>
<p class=""p1"">Площадь обогрева</p>
<p class=""p1""><b>..... 30-60 м²</b></p>
<p class=""p1"">Время прогрева помещения</p>
<p class=""p1""><b>..... от 2 до 4 часов</b></p>
<p class=""p1"">Длина дров</p>
<p class=""p1""><b>..... 400 мм</b></p>
<p class=""p1"">Сечение дымохода</p>
<p class=""p1""><b>..... 115 мм</b></p>
<p class=""p1""><b>Характеристики топки</b></p>
<p class=""p1"">Тип</p>
<p class=""p1""><b>..... Вихревая подовая</b></p>
<p class=""p1"">Тепловая мощность</p>
<p class=""p1""><b>..... 15 кВт</b></p>
<p class=""p1"">Толщина топочного шамотного кирпича</p>
<p class=""p1""><b>..... 40 мм</b></p>
<p class=""p1"">Высота топки</p>
<p class=""p1""><b>..... 460 мм</b></p>
<p class=""p1"">Ширина топки</p>
<p class=""p1""><b>..... 240/310 мм</b></p>
<p class=""p1"">Глубина топки</p>
<p class=""p1""><b>..... 210 мм</b></p>
<p class=""p1"">Характеристики облицовки</p>
<p class=""p1""><b>Порода камня</b></p>
<p class=""p1"">..... Талькомагнезит</p>
<p class=""p1""><b>Вид обработки</b></p>
<p class=""p1"">..... ШЛИФОВКА</p>
<p class=""p1""><b>Толщина облицовки</b></p>
<p class=""p1"">..... 50 мм</p>",field_talkorus_tab_technical_content,Размеры и вес,field_talkorus_tab_dimensions_heading,"<p class=""p1"">Высота</p>
<p class=""p1""><b>..... 1260 мм</b></p>
<p class=""p1"">Ширина</p>
<p class=""p1""><b>..... 660 мм</b></p>
<p class=""p1"">Глубина</p>
<p class=""p1""><b>..... 710 мм</b></p>
<p class=""p1"">Вес изделия толщиной 50мм</p>
<p class=""p1""><b>..... 688 кг</b></p>
<p class=""p1"">Вес изделия толщиной 40мм</p>
<p class=""p1""><b>..... 601 кг</b></p>",field_talkorus_tab_dimensions_content,,field_talkorus_tab_cut_content,,field_talkorus_tab_scheme_content,,field_talkorus_tab_purpose_content,,field_talkorus_tab_advantages_content,,field_talkorus_tab_docs_content,,field_talkorus_tab_video_content,,field_talkorus_tab_projects_content,700,field_talkorus_product_feature_icon,Быстрая сухая сборка,field_talkorus_product_feature_title,686,field_talkorus_product_feature_icon,Эффективная конвекция,field_talkorus_product_feature_title,685,field_talkorus_product_feature_icon,"Система ""Чистое стекло""",field_talkorus_product_feature_title,687,field_talkorus_product_feature_icon,Облицовка Talkorus,field_talkorus_product_feature_title,4,field_talkorus_product_features
907,simple,,,Теплонакопительная печь-камин Pulla – 15/1260,1,0,visible,,"<p>Теплонакопительная печь-камин Pulla, небольшая модель, с проходным весом, которая впишется в любой интерьер. Данная модель минималистична и аккуратна.</p><p>Любая наша фирменная продукция оснащена топкой нашего производства. Ее особенность заключается в системе ходов дымовых газов внутри топки. Печь-камин работает в трех режимах, растопка, двухоборотный (рабочий режим), режим длительного горения.</p><p>Перед отправкой печи-камина клиенту, мы проводим контрольную сборку, чтобы исключить брак и показать результаты нашей работы. После мы разбираем камин и аккуратно упаковываем, ищем машину и отправляем к вам до адреса.</p><p>Обратите внимание, что все заказы поступающие на производство делаются с нуля, поэтому в период сезона строительства учитывайте загруженность производства. Всю информацию вы сможете получить позвонив по номеру в шапке нашего сайта. Наши специалисты так же помогут с выбором камина и комплектующих.</p><p>Мы содействуем в поиске транспорта и монтажников, для разгрузки прямо на адресе. вам необходимо будет нанять бригаду грузчиков для разгрузки ящиков, так же для монтажа заранее договориться с монтажником.</p><p>На главной странице нашего сайта talkorus мы выкладываем печи-камины уже установленные на объектах заказчиков.</p>",,,taxable,,1,,,0,0,,,,1260,1,,,280130,"Для дома, Для дома > Печи-камины Talkorus, Для дома > Печи-камины Talkorus > Серия Лапландия",,,"https://demo.talkorus.ru/wp-content/uploads/2026/06/pulla-15-1260-sa2-optimized.webp, https://demo.talkorus.ru/wp-content/uploads/2026/06/pulla-15-1260-sa-optimized.webp, https://demo.talkorus.ru/wp-content/uploads/2026/06/pulla-15-1260-sa3-optimized.webp",,,,,,,,,3,,,Площадь обогрева,30-60 м²,1,1,,,,,,1260,field_69f20d9c512d1,Стиль,Модерн,1,1,Возможность готовить,Нет,1,1,,Расположение,Пристенное,1,1,,,field_talkorus_tab_description_heading,,field_talkorus_tab_description_content,Технические данные,field_talkorus_tab_technical_heading,"<p class=""p1""><b>Общие характеристики</b></p>
<p class=""p1"">Тепловой КПД</p>
<p class=""p1""><b>..... 82 %</b></p>
<p class=""p1"">Время тепловой отдачи</p>
<p class=""p1""><b>..... до 12 часов часов</b></p>
<p class=""p1"">Площадь обогрева</p>
<p class=""p1""><b>..... 30-60 м²</b></p>
<p class=""p1"">Время прогрева помещения</p>
<p class=""p1""><b>..... от 2 до 4 часов</b></p>
<p class=""p1"">Длина дров</p>
<p class=""p1""><b>..... 400 мм</b></p>
<p class=""p1"">Сечение дымохода</p>
<p class=""p1""><b>..... 115 мм</b></p>
<p class=""p1""><b>Характеристики топки</b></p>
<p class=""p1"">Тип</p>
<p class=""p1""><b>..... Вихревая подовая</b></p>
<p class=""p1"">Тепловая мощность</p>
<p class=""p1""><b>..... 15 кВт</b></p>
<p class=""p1"">Толщина топочного шамотного кирпича</p>
<p class=""p1""><b>..... 40 мм</b></p>
<p class=""p1"">Высота топки</p>
<p class=""p1""><b>..... 460 мм</b></p>
<p class=""p1"">Ширина топки</p>
<p class=""p1""><b>..... 240/350 мм</b></p>
<p class=""p1"">Глубина топки</p>
<p class=""p1""><b>..... 260 мм</b></p>
<p class=""p1"">Характеристики облицовки</p>
<p class=""p1""><b>Порода камня</b></p>
<p class=""p1"">..... Серпентинит</p>
<p class=""p1""><b>Вид обработки</b></p>
<p class=""p1"">..... БАРХАТ</p>
<p class=""p1""><b>Толщина облицовки</b></p>
<p class=""p1"">..... 50 мм</p>",field_talkorus_tab_technical_content,Размеры и вес,field_talkorus_tab_dimensions_heading,"<p class=""p1"">Высота</p>
<p class=""p1""><b>..... 1260 мм</b></p>
<p class=""p1"">Ширина</p>
<p class=""p1""><b>..... 680 мм</b></p>
<p class=""p1"">Глубина</p>
<p class=""p1""><b>..... 710 мм</b></p>
<p class=""p1"">Вес изделия толщиной 50мм</p>
<p class=""p1""><b>..... 686 кг</b></p>
<p class=""p1"">Вес изделия толщиной 40мм</p>
<p class=""p1""><b>..... 618 кг</b></p>",field_talkorus_tab_dimensions_content,,field_talkorus_tab_cut_content,,field_talkorus_tab_scheme_content,,field_talkorus_tab_purpose_content,,field_talkorus_tab_advantages_content,,field_talkorus_tab_docs_content,,field_talkorus_tab_video_content,,field_talkorus_tab_projects_content,700,field_talkorus_product_feature_icon,Быстрая сухая сборка,field_talkorus_product_feature_title,686,field_talkorus_product_feature_icon,Эффективная конвекция,field_talkorus_product_feature_title,685,field_talkorus_product_feature_icon,"Система ""Чистое стекло""",field_talkorus_product_feature_title,687,field_talkorus_product_feature_icon,Облицовка Talkorus,field_talkorus_product_feature_title,4,field_talkorus_product_features
911,simple,,,Теплонакопительная печь-камин Nasto-15/1240 R50,1,0,visible,,"<p>Печи «Nasto — 15/1240 R100» – это выбор владельцев домов, ценящих функциональность, комфорт и эффективность. Поэтому она изготовлена специально, чтобы вы могли насладиться ее эстетикой и работоспособностью. Модель включает продуманный минималистичный стиль обшивки натуральным вулканическим минералом, который удерживает тепло и не дает помещению быстро остывать. Она станет лучшим решением для помещений с перепадами влаги и температур.</p><p>В каталоге можно выбрать печи с различными толщиной и шириной декоративных столбов. Наша компания готова разработать и изготовить уникальные вариации отделки и самой печи по индивидуальному заказу. От вас потребуется только точный объем обогреваемого помещения, чтобы брать ориентир на итоговый вес. Именно от него будет зависеть теплоотдача. Мы разработаем и произведем именно ту модель, которая по максимуму будет учитывать ваши предпочтения.</p><p>В дополнение предоставляются точные рекомендации по монтажу и выбору монтажной организации, чтобы правильно собрать и установить печь с дымоходом и наслаждаться своим выбором долгие десятилетия.</p>",,,taxable,,1,,,0,0,,,,1240,1,,,285340,"Для дома, Для дома > Печи-камины Talkorus, Для дома > Печи-камины Talkorus > Серия Лапландия",,,"https://demo.talkorus.ru/wp-content/uploads/2026/06/talkorus__nasto2_tovar-2-1-optimized.jpg, https://demo.talkorus.ru/wp-content/uploads/2026/06/talkorus__nasto2_tovar-3-optimized.jpg, https://demo.talkorus.ru/wp-content/uploads/2026/06/talkorus__nasto2_tovar-2-1-768x549-optimized.jpg, https://demo.talkorus.ru/wp-content/uploads/2026/06/talkorus__nasto2_tovar-3-768x549-optimized.jpg",,,,,,,,,4,,,Площадь обогрева,30-60 м²,1,1,,,,,,1240,field_69f20d9c512d1,Стиль,Модерн,1,1,Возможность готовить,Нет,1,1,,Расположение,Пристенное,1,1,,,field_talkorus_tab_description_heading,,field_talkorus_tab_description_content,Технические данные,field_talkorus_tab_technical_heading,"<p class=""p1""><b>Общие характеристики</b></p>
<p class=""p1"">Тепловой КПД</p>
<p class=""p1""><b>..... 82 %</b></p>
<p class=""p1"">Время тепловой отдачи</p>
<p class=""p1""><b>..... до 12 часов</b></p>
<p class=""p1"">Площадь обогрева</p>
<p class=""p1""><b>..... 30-60 м²</b></p>
<p class=""p1"">Время прогрева помещения</p>
<p class=""p1""><b>..... от 2 до 4 часов</b></p>
<p class=""p1"">Длина дров</p>
<p class=""p1""><b>..... 400 мм</b></p>
<p class=""p1"">Сечение дымохода</p>
<p class=""p1""><b>..... 115 мм</b></p>
<p class=""p1""><b>Характеристики топки</b></p>
<p class=""p1"">Тип</p>
<p class=""p1""><b>..... Вихревая подовая</b></p>
<p class=""p1"">Тепловая мощность</p>
<p class=""p1""><b>..... 15 кВт</b></p>
<p class=""p1"">Толщина топочного шамотного кирпича</p>
<p class=""p1""><b>..... 40 мм</b></p>
<p class=""p1"">Высота топки</p>
<p class=""p1""><b>..... 460 мм</b></p>
<p class=""p1"">Ширина топки</p>
<p class=""p1""><b>..... 240/310 мм</b></p>
<p class=""p1"">Глубина топки</p>
<p class=""p1""><b>..... 210 мм</b></p>
<p class=""p1"">Характеристики облицовки</p>
<p class=""p1""><b>Порода камня</b></p>
<p class=""p1"">..... Талькомагнезит</p>
<p class=""p1""><b>Вид обработки</b></p>
<p class=""p1"">..... ШЛИФОВКА</p>
<p class=""p1""><b>Толщина облицовки</b></p>
<p class=""p1"">..... 40 мм</p>",field_talkorus_tab_technical_content,Размеры и вес,field_talkorus_tab_dimensions_heading,"<p class=""p1"">Высота</p>
<p class=""p1""><b>..... 1240 мм</b></p>
<p class=""p1"">Ширина</p>
<p class=""p1""><b>..... 780 мм</b></p>
<p class=""p1"">Глубина</p>
<p class=""p1""><b>..... 650 мм</b></p>
<p class=""p1"">Вес изделия толщиной 50мм</p>
<p class=""p1""><b>..... 729 кг</b></p>
<p class=""p1"">Вес изделия толщиной 40мм</p>
<p class=""p1""><b>..... 658 кг</b></p>",field_talkorus_tab_dimensions_content,,field_talkorus_tab_cut_content,,field_talkorus_tab_scheme_content,,field_talkorus_tab_purpose_content,,field_talkorus_tab_advantages_content,,field_talkorus_tab_docs_content,,field_talkorus_tab_video_content,,field_talkorus_tab_projects_content,700,field_talkorus_product_feature_icon,Быстрая сухая сборка,field_talkorus_product_feature_title,686,field_talkorus_product_feature_icon,Эффективная конвекция,field_talkorus_product_feature_title,685,field_talkorus_product_feature_icon,"Система ""Чистое стекло""",field_talkorus_product_feature_title,687,field_talkorus_product_feature_icon,Облицовка Talkorus,field_talkorus_product_feature_title,4,field_talkorus_product_features
916,simple,,,Теплонакопительная печь-камин Humu – 15/1400,1,0,visible,,"<p>Эргономичный дизайн и функциональность печи HUMU придется по вкусу любителям самых разных стилей. Эта компактная печь быстро согреет помещение площадью до 60 квадратных метров благодаря запатентованной топке. Кроме этого, такое строение подразумевает наличие природных камней, которые на протяжении 14 часов после окончания топки будут отдавать тепло, согревая помещения и не давая ему резко остыть.</p><p>Наше производство предоставляет возможность индивидуального заказа. Это подразумевает уникальный дизайн, который мы готовы воплотить в жизнь. На выбор обшивка из камней серпентинит, lappia silver и вулканического минерала талькомагнезита. Все они имеют примерно одинаковые показатели теплоотдачи и не повлияют на эргономичность.</p><p>При покупке помимо печи вы получаете рекомендации по ее монтажу и гарантии на качество и работоспособность. Мы уверены в продукте, тк. проводим тщательный контроль на каждом этапе производства.</p>",,,taxable,,1,,,0,0,,,,1400,1,,,299020,"Для дома, Для дома > Печи-камины Talkorus, Для дома > Печи-камины Talkorus > Серия Лапландия",,,"https://demo.talkorus.ru/wp-content/uploads/2026/06/talkorus-hymy-2-1-optimized.jpg, https://demo.talkorus.ru/wp-content/uploads/2026/06/talkorus-hymy-1-1-optimized.jpg, https://demo.talkorus.ru/wp-content/uploads/2026/06/talkorus-hymy-2-1-768x549-optimized.jpg, https://demo.talkorus.ru/wp-content/uploads/2026/06/talkorus-hymy-1-1-768x576-optimized.jpg",,,,,,,,,5,,,Площадь обогрева,30-60 м²,1,1,,,,,,1400,field_69f20d9c512d1,Стиль,Модерн,1,1,Возможность готовить,Нет,1,1,,Расположение,Пристенное,1,1,,,field_talkorus_tab_description_heading,,field_talkorus_tab_description_content,Технические данные,field_talkorus_tab_technical_heading,"<p class=""p1""><b>Общие характеристики</b></p>
<p class=""p1"">Тепловой КПД</p>
<p class=""p1""><b>..... 82 %</b></p>
<p class=""p1"">Время тепловой отдачи</p>
<p class=""p1""><b>..... до 14 часов</b></p>
<p class=""p1"">Площадь обогрева</p>
<p class=""p1""><b>..... 30-60 м²</b></p>
<p class=""p1"">Время прогрева помещения</p>
<p class=""p1""><b>..... от 2 до 4 часов</b></p>
<p class=""p1"">Длина дров</p>
<p class=""p1""><b>..... 400 мм</b></p>
<p class=""p1"">Сечение дымохода</p>
<p class=""p1""><b>..... 115 мм</b></p>
<p class=""p1""><b>Характеристики топки</b></p>
<p class=""p1"">Тип</p>
<p class=""p1""><b>..... Вихревая подовая</b></p>
<p class=""p1"">Тепловая мощность</p>
<p class=""p1""><b>..... 15 кВт</b></p>
<p class=""p1"">Толщина топочного шамотного кирпича</p>
<p class=""p1""><b>..... 40 мм</b></p>
<p class=""p1"">Высота топки</p>
<p class=""p1""><b>..... 460 мм</b></p>
<p class=""p1"">Ширина топки</p>
<p class=""p1""><b>..... 240/310 мм</b></p>
<p class=""p1"">Глубина топки</p>
<p class=""p1""><b>..... 210 мм</b></p>
<p class=""p1"">Характеристики облицовки</p>
<p class=""p1""><b>Порода камня</b></p>
<p class=""p1"">..... Талькомагнезит</p>
<p class=""p1""><b>Вид обработки</b></p>
<p class=""p1"">..... ШЛИФОВКА</p>
<p class=""p1""><b>Толщина облицовки</b></p>
<p class=""p1"">..... 50 мм</p>",field_talkorus_tab_technical_content,Размеры и вес,field_talkorus_tab_dimensions_heading,"<p class=""p1"">Высота</p>
<p class=""p1""><b>..... 1400 мм</b></p>
<p class=""p1"">Ширина</p>
<p class=""p1""><b>..... 680 мм</b></p>
<p class=""p1"">Глубина</p>
<p class=""p1""><b>..... 720 мм</b></p>
<p class=""p1"">Вес изделия толщиной 50мм</p>
<p class=""p1""><b>..... 758 кг</b></p>
<p class=""p1"">Вес изделия толщиной 40мм</p>
<p class=""p1""><b>..... 680 кг</b></p>",field_talkorus_tab_dimensions_content,,field_talkorus_tab_cut_content,,field_talkorus_tab_scheme_content,,field_talkorus_tab_purpose_content,,field_talkorus_tab_advantages_content,,field_talkorus_tab_docs_content,,field_talkorus_tab_video_content,,field_talkorus_tab_projects_content,700,field_talkorus_product_feature_icon,Быстрая сухая сборка,field_talkorus_product_feature_title,686,field_talkorus_product_feature_icon,Эффективная конвекция,field_talkorus_product_feature_title,685,field_talkorus_product_feature_icon,"Система ""Чистое стекло""",field_talkorus_product_feature_title,687,field_talkorus_product_feature_icon,Облицовка Talkorus,field_talkorus_product_feature_title,4,field_talkorus_product_features
921,simple,,,Теплонакопительная печь-камин Lappi -15/1400,1,0,visible,,"<p>Печь-камин Lappi симпатичная модель в классическом скандинавском стиле. Печь будет радовать красотой, потому что впишется в любой интерьер, так же огонь создаст уют в доме. Более того, вы получите максимальный КПД.</p><p>Любая наша продукция оснащена топкой нашего производства. Особенность топки заключается в системе ходов дымовых газов внутри топки. Печь-камин работает в трех режимах, растопка, двухоборотный (рабочий режим), режим длительного горения.</p><p>Облицевать наши печи камины можно разными природными камнями на выбор. В каталоге представлены талькомагнезит, серпентинит и lappia silver. Все они обладают повышенной теплоемкостью.</p><p>Перед отгрузкой, наши специалисты собирают каждое изделие, данная процедура называется контрольной сборкой. Мы стараемся показать наше отношение к работе, проинформировать о готовности и упразднить брак. После мы аккуратно упаковываем детали облицовки в деревянные ящики и товар приезжает к заказчику в разобранном виде.</p><p>Талькорус содействует в поиске транспорта и монтажников, для разгрузки на адресе. Заказчику потребуется нанять бригаду грузчиков для разгрузки ящиков, также для монтажа заранее договориться с монтажником.</p>",,,taxable,,1,,,0,0,,,,1400,1,,,315280,"Для дома, Для дома > Печи-камины Talkorus, Для дома > Печи-камины Talkorus > Серия Лапландия",,,"https://demo.talkorus.ru/wp-content/uploads/2026/06/lappi-15-1400-sa-optimized.webp, https://demo.talkorus.ru/wp-content/uploads/2026/06/lappi-15-1400-sa2-optimized.webp, https://demo.talkorus.ru/wp-content/uploads/2026/06/lappi-15-1400-sa3-optimized.webp",,,,,,,,,6,,,Площадь обогрева,30-60 м²,1,1,,,,,,1400,field_69f20d9c512d1,Стиль,Модерн,1,1,Возможность готовить,Нет,1,1,,Расположение,Пристенное,1,1,,,field_talkorus_tab_description_heading,,field_talkorus_tab_description_content,Технические данные,field_talkorus_tab_technical_heading,"<p class=""p1""><b>Общие характеристики</b></p>
<p class=""p1"">Тепловой КПД</p>
<p class=""p1""><b>..... 82 %</b></p>
<p class=""p1"">Время тепловой отдачи</p>
<p class=""p1""><b>..... до 14 часов</b></p>
<p class=""p1"">Площадь обогрева</p>
<p class=""p1""><b>..... 30-60 м²</b></p>
<p class=""p1"">Время прогрева помещения</p>
<p class=""p1""><b>..... от 2 до 4 часов</b></p>
<p class=""p1"">Длина дров</p>
<p class=""p1""><b>..... 400 мм</b></p>
<p class=""p1"">Сечение дымохода</p>
<p class=""p1""><b>..... 115 мм</b></p>
<p class=""p1""><b>Характеристики топки</b></p>
<p class=""p1"">Тип</p>
<p class=""p1""><b>..... Вихревая подовая</b></p>
<p class=""p1"">Тепловая мощность</p>
<p class=""p1""><b>..... 15 кВт</b></p>
<p class=""p1"">Толщина топочного шамотного кирпича</p>
<p class=""p1""><b>..... 40 мм</b></p>
<p class=""p1"">Высота топки</p>
<p class=""p1""><b>..... 460 мм</b></p>
<p class=""p1"">Ширина топки</p>
<p class=""p1""><b>..... 240/310 мм</b></p>
<p class=""p1"">Глубина топки</p>
<p class=""p1""><b>..... 210 мм</b></p>
<p class=""p1"">Характеристики облицовки</p>
<p class=""p1""><b>Порода камня</b></p>
<p class=""p1"">..... Серпентинит</p>
<p class=""p1""><b>Вид обработки</b></p>
<p class=""p1"">..... БАРХАТ</p>
<p class=""p1""><b>Толщина облицовки</b></p>
<p class=""p1"">..... 50 мм</p>",field_talkorus_tab_technical_content,Размеры и вес,field_talkorus_tab_dimensions_heading,"<p class=""p1"">Высота</p>
<p class=""p1""><b>..... 1400 мм</b></p>
<p class=""p1"">Ширина</p>
<p class=""p1""><b>..... 680 мм</b></p>
<p class=""p1"">Глубина</p>
<p class=""p1""><b>..... 760 мм</b></p>
<p class=""p1"">Вес изделия толщиной 50мм</p>
<p class=""p1""><b>..... 778 кг</b></p>
<p class=""p1"">Вес изделия толщиной 40мм</p>
<p class=""p1""><b>..... 695 кг</b></p>",field_talkorus_tab_dimensions_content,,field_talkorus_tab_cut_content,,field_talkorus_tab_scheme_content,,field_talkorus_tab_purpose_content,,field_talkorus_tab_advantages_content,,field_talkorus_tab_docs_content,,field_talkorus_tab_video_content,,field_talkorus_tab_projects_content,700,field_talkorus_product_feature_icon,Быстрая сухая сборка,field_talkorus_product_feature_title,686,field_talkorus_product_feature_icon,Эффективная конвекция,field_talkorus_product_feature_title,685,field_talkorus_product_feature_icon,"Система ""Чистое стекло""",field_talkorus_product_feature_title,687,field_talkorus_product_feature_icon,Облицовка Talkorus,field_talkorus_product_feature_title,4,field_talkorus_product_features
925,simple,,,Теплонакопительная печь-камин Kinerma – 15/1630,1,0,visible,,"<p>Теплоэффективная печь-камин Kinerma – 15/1630, изготовленная из природного камня талькомагнезита.</p><p>Талькомагнезит характеризуется повышенными показателями теплоэффективности. В комплексе с топкой Талькорус она станет практичным источником отопления и элементом декора.</p><p>Прежде чем купить камин, в первую очередь необходимо определиться с площадью отапливаемого помещения. Знать точную цель, как вы хотите его использовать. Наши печи-камин подойдут для отопления и любования пламенем.</p><p>Наша фирменная топка по факту является очень долговечной. Внутри топки – огнеупорная плита, которая защищает корпус от воздействия огня. И как следствие у вас есть возможность ее самостоятельно обслуживать , то есть при разрушении шамотного кирпича менять его.</p><p>В нашем инстаграме есть данное изделие в интерьере, натуральный камень смотрится современно и стильно, следовательно печь-камин впишется в любой интерьер.</p><p>За несколько часов вы сможете ощутить тепло от конвекционного тепла. Но уже после выхода в рабочий режим, за одну протопку, печь-камин будет отдавать тепло до 13 часов.</p><p>Печь-камин Kinerma – 15/1630 поставляется комплектом. Он состоит из металлической печи с уже уложенной в нее огнеупорной плитой. Облицовка из натурального камня поставляется отдельно в деревянных ящиках, таким образом после разгрузки, вы сможете в течении дня собрать облицовку.</p><p>Нашим клиентам мы заранее рекомендуем подготовиться к установке, перед тем, как купить камин. Вам необходимо подготовить отдельное место под печь-камин.</p>",,,taxable,,1,,,0,0,,,,1590,1,,,322830,"Для дома, Для дома > Печи-камины Talkorus, Для дома > Печи-камины Talkorus > Серия Лапландия",,,"https://demo.talkorus.ru/wp-content/uploads/2026/06/kinerma-talkorus-optimized.jpg, https://demo.talkorus.ru/wp-content/uploads/2026/06/kinerma-talkorus2-optimized.jpg, https://demo.talkorus.ru/wp-content/uploads/2026/06/kinerma-talkorus3-optimized.jpg",,,,,,,,,7,,,Площадь обогрева,30-60 м²,1,1,,,,,,1590,field_69f20d9c512d1,Стиль,Классика,1,1,Возможность готовить,Нет,1,1,,Расположение,Пристенное,1,1,,,field_talkorus_tab_description_heading,,field_talkorus_tab_description_content,Технические данные,field_talkorus_tab_technical_heading,"<p class=""p1""><b>Общие характеристики</b></p>
<p class=""p1"">Тепловой КПД</p>
<p class=""p1""><b>..... 82 %</b></p>
<p class=""p1"">Время тепловой отдачи</p>
<p class=""p1""><b>..... до 13 часов часов</b></p>
<p class=""p1"">Площадь обогрева</p>
<p class=""p1""><b>..... 30-60 м²</b></p>
<p class=""p1"">Время прогрева помещения</p>
<p class=""p1""><b>..... от 2 до 4 часов</b></p>
<p class=""p1"">Длина дров</p>
<p class=""p1""><b>..... 400 мм</b></p>
<p class=""p1"">Сечение дымохода</p>
<p class=""p1""><b>..... 115 мм</b></p>
<p class=""p1""><b>Характеристики топки</b></p>
<p class=""p1"">Тип</p>
<p class=""p1""><b>..... Вихревая подовая</b></p>
<p class=""p1"">Тепловая мощность</p>
<p class=""p1""><b>..... 15 кВт</b></p>
<p class=""p1"">Толщина топочного шамотного кирпича</p>
<p class=""p1""><b>..... 40 мм</b></p>
<p class=""p1"">Высота топки</p>
<p class=""p1""><b>..... 460 мм</b></p>
<p class=""p1"">Ширина топки</p>
<p class=""p1""><b>..... 240/310 мм</b></p>
<p class=""p1"">Глубина топки</p>
<p class=""p1""><b>..... 210 мм</b></p>
<p class=""p1"">Характеристики облицовки</p>
<p class=""p1""><b>Порода камня</b></p>
<p class=""p1"">..... Серпентинит</p>
<p class=""p1""><b>Вид обработки</b></p>
<p class=""p1"">..... БАРХАТ</p>
<p class=""p1""><b>Толщина облицовки</b></p>
<p class=""p1"">..... 50 мм</p>",field_talkorus_tab_technical_content,Размеры и вес,field_talkorus_tab_dimensions_heading,"<p class=""p1"">Высота</p>
<p class=""p1""><b>..... 1590 мм</b></p>
<p class=""p1"">Ширина</p>
<p class=""p1""><b>..... 680 мм</b></p>
<p class=""p1"">Глубина</p>
<p class=""p1""><b>..... 710 мм</b></p>
<p class=""p1"">Вес изделия толщиной 50мм</p>
<p class=""p1""><b>..... 839 кг</b></p>
<p class=""p1"">Вес изделия толщиной 40мм</p>
<p class=""p1""><b>..... 751 кг</b></p>",field_talkorus_tab_dimensions_content,,field_talkorus_tab_cut_content,,field_talkorus_tab_scheme_content,,field_talkorus_tab_purpose_content,,field_talkorus_tab_advantages_content,,field_talkorus_tab_docs_content,,field_talkorus_tab_video_content,,field_talkorus_tab_projects_content,700,field_talkorus_product_feature_icon,Быстрая сухая сборка,field_talkorus_product_feature_title,686,field_talkorus_product_feature_icon,Эффективная конвекция,field_talkorus_product_feature_title,685,field_talkorus_product_feature_icon,"Система ""Чистое стекло""",field_talkorus_product_feature_title,687,field_talkorus_product_feature_icon,Облицовка Talkorus,field_talkorus_product_feature_title,4,field_talkorus_product_features
929,simple,,,Теплонакопительная печь-камин Nasto – 15/1530 R50,1,0,visible,,"<p>Теплонакопительная печь-камин Nasto – 15/1530 R50 классическая модель печи-камина. Тот самый всеми любимый скандинавский стиль. Рваные столбы и минималистичное тело камина отлично впишутся в любой интерьер загородного дома. Облицовка печи-камина выполнена из талькомагнезита. На нашем сайте модель nasto встречается с разной толщиной рваных столбов и высотой. Каждое наше фирменное изделие будет радовать Вас своей эффективностью, долговечностью и экологичностью. Единственное что стоит учесть, это количество камня, чем больше вес, тем больше печь-камин впитает в себя тепла.</p><p>Данная модель подходит тем, кто не любит такие выпирающие части, как подиум и крышка. Мы учли пожелания клиентов и убрали их,теперь они уже тела камина. Не стоит забывать о возможности сделать любое изделие единственным, то есть эксклюзивным. По вашему эскизу и желанию, с учетом наших возможностей, мы воплотим такую идею в жизнь.</p><p>Перед отправкой, в первую очередь мы делаем контрольную сборку каждой модели. После аккуратно разбираем и упаковываем в ящики. Изделие поставляется прямиком на ваш адрес. Так же мы стараемся вам порекомендовать монтажную организацию, которая займется дымоходом и сборкой печи-камина.</p>",,,taxable,,1,,,0,0,,,,1530,1,,,323140,"Для дома, Для дома > Печи-камины Talkorus, Для дома > Печи-камины Talkorus > Серия Лапландия",,,"https://demo.talkorus.ru/wp-content/uploads/2026/06/talkorus-nasto-1550-r50-2-optimized.jpg, https://demo.talkorus.ru/wp-content/uploads/2026/06/talkorus-nasto-1530-r50-2-optimized.jpg, https://demo.talkorus.ru/wp-content/uploads/2026/06/talkorus-nasto-1550-r50-2-768x549-optimized.jpg, https://demo.talkorus.ru/wp-content/uploads/2026/06/talkorus-nasto-1530-r50-2-768x549-optimized.jpg",,,,,,,,,8,,,Площадь обогрева,30-60 м²,1,1,,,,,,1530,field_69f20d9c512d1,Стиль,Модерн,1,1,Возможность готовить,Нет,1,1,,Расположение,Пристенное,1,1,,,field_talkorus_tab_description_heading,,field_talkorus_tab_description_content,Технические данные,field_talkorus_tab_technical_heading,"<p class=""p1""><b>Общие характеристики</b></p>
<p class=""p1"">Тепловой КПД</p>
<p class=""p1""><b>..... 82 %</b></p>
<p class=""p1"">Время тепловой отдачи</p>
<p class=""p1""><b>..... до 14 часов</b></p>
<p class=""p1"">Площадь обогрева</p>
<p class=""p1""><b>..... 30-60 м²</b></p>
<p class=""p1"">Время прогрева помещения</p>
<p class=""p1""><b>..... от 2 до 4 часов</b></p>
<p class=""p1"">Длина дров</p>
<p class=""p1""><b>..... 400 мм</b></p>
<p class=""p1"">Сечение дымохода</p>
<p class=""p1""><b>..... 115 мм</b></p>
<p class=""p1""><b>Характеристики топки</b></p>
<p class=""p1"">Тип</p>
<p class=""p1""><b>..... Вихревая подовая</b></p>
<p class=""p1"">Тепловая мощность</p>
<p class=""p1""><b>..... 15 кВт</b></p>
<p class=""p1"">Толщина топочного шамотного кирпича</p>
<p class=""p1""><b>..... 40 мм</b></p>
<p class=""p1"">Высота топки</p>
<p class=""p1""><b>..... 460 мм</b></p>
<p class=""p1"">Ширина топки</p>
<p class=""p1""><b>..... 240/310 мм</b></p>
<p class=""p1"">Глубина топки</p>
<p class=""p1""><b>..... 210 мм</b></p>
<p class=""p1"">Характеристики облицовки</p>
<p class=""p1""><b>Порода камня</b></p>
<p class=""p1"">..... Талькомагнезит</p>
<p class=""p1""><b>Вид обработки</b></p>
<p class=""p1"">..... ШЛИФОВКА</p>
<p class=""p1""><b>Толщина облицовки</b></p>
<p class=""p1"">..... 50 мм</p>",field_talkorus_tab_technical_content,Размеры и вес,field_talkorus_tab_dimensions_heading,"<p class=""p1"">Высота</p>
<p class=""p1""><b>..... 1530 мм</b></p>
<p class=""p1"">Ширина</p>
<p class=""p1""><b>..... 780 мм</b></p>
<p class=""p1"">Глубина</p>
<p class=""p1""><b>..... 650 мм</b></p>
<p class=""p1"">Вес изделия толщиной 50мм</p>
<p class=""p1""><b>..... 855 кг</b></p>
<p class=""p1"">Вес изделия толщиной 40мм</p>
<p class=""p1""><b>..... 766 кг</b></p>",field_talkorus_tab_dimensions_content,,field_talkorus_tab_cut_content,,field_talkorus_tab_scheme_content,,field_talkorus_tab_purpose_content,,field_talkorus_tab_advantages_content,,field_talkorus_tab_docs_content,,field_talkorus_tab_video_content,,field_talkorus_tab_projects_content,700,field_talkorus_product_feature_icon,Быстрая сухая сборка,field_talkorus_product_feature_title,686,field_talkorus_product_feature_icon,Эффективная конвекция,field_talkorus_product_feature_title,685,field_talkorus_product_feature_icon,"Система ""Чистое стекло""",field_talkorus_product_feature_title,687,field_talkorus_product_feature_icon,Облицовка Talkorus,field_talkorus_product_feature_title,4,field_talkorus_product_features
934,simple,,,Теплонакопительная печь-камин Kinerma – 15/1630 Р,1,0,visible,,"<p>Теплонакопительная печь-камин Kinerma – 15/1630 Р из природного камня талькомагнезита.</p><p>Талькомагнезит — природный камень с хорошими теплонакопительными свойствами. С облицовкой и нашей фирменной топкой вы получите эффективный отопительный прибор.</p><p>Прежде чем купить камин, нужно определить площадь отапливаемого помещения. Знать точную цель, как вы хотите его использовать.</p><p>Изнутри нашей топки присутствует огнеупорная плита, которая защищает корпус от воздействия огня. Благодаря такой конструкции заказчик может обслуживать печь самостоятельно (демонтаж и замена шамотного кирпича).</p><p>В нашем инстаграме есть фотографии того, как печь смотрится в интерьере. Натуральный камень выглядит современно и стильно. Поэтому печь-камин станет украшением любого интерьера.</p><p>С этой печью помещение прогревается за 2-4 часа. После выхода в рабочий режим за одну протопку облицовка будет отдавать тепло до 14 часов.</p><p>Печь-камин Kinerma – 15/1630 поставляется комплектом. Он состоит из металлической печи с уже уложенной в нее огнеупорной плитой. Облицовка из натурального камня поставляется отдельно в деревянных ящиках.</p><p>Нашим клиентам мы рекомендуем подготовиться к установке. Перед тем, как купить камин, нужно выбрать место и сопоставить итоговый вес конструкции с нагрузкой на пол.</p>",,,taxable,,1,,,0,0,,,,1590,1,,,326490,"Для дома, Для дома > Печи-камины Talkorus, Для дома > Печи-камины Talkorus > Серия Лапландия",,,"https://demo.talkorus.ru/wp-content/uploads/2026/06/talkorus-kinerma3_tov-optimized.jpg, https://demo.talkorus.ru/wp-content/uploads/2026/06/talkorus-kinerma3_tov2-optimized.jpg",,,,,,,,,9,,,Площадь обогрева,30-60 м²,1,1,,,,,,1590,field_69f20d9c512d1,Стиль,Классика,1,1,Возможность готовить,Нет,1,1,,Расположение,Пристенное,1,1,,,field_talkorus_tab_description_heading,,field_talkorus_tab_description_content,Технические данные,field_talkorus_tab_technical_heading,"<p class=""p1""><b>Общие характеристики</b></p>
<p class=""p1"">Тепловой КПД</p>
<p class=""p1""><b>..... 82 %</b></p>
<p class=""p1"">Время тепловой отдачи</p>
<p class=""p1""><b>..... до 14 часов часов</b></p>
<p class=""p1"">Площадь обогрева</p>
<p class=""p1""><b>..... 30-60 м²</b></p>
<p class=""p1"">Время прогрева помещения</p>
<p class=""p1""><b>..... от 2 до 4 часов</b></p>
<p class=""p1"">Длина дров</p>
<p class=""p1""><b>..... 400 мм</b></p>
<p class=""p1"">Сечение дымохода</p>
<p class=""p1""><b>..... 115 мм</b></p>
<p class=""p1""><b>Характеристики топки</b></p>
<p class=""p1"">Тип</p>
<p class=""p1""><b>..... Вихревая подовая</b></p>
<p class=""p1"">Тепловая мощность</p>
<p class=""p1""><b>..... 15 кВт</b></p>
<p class=""p1"">Толщина топочного шамотного кирпича</p>
<p class=""p1""><b>..... 40 мм</b></p>
<p class=""p1"">Высота топки</p>
<p class=""p1""><b>..... 460 мм</b></p>
<p class=""p1"">Ширина топки</p>
<p class=""p1""><b>..... 240/310 мм</b></p>
<p class=""p1"">Глубина топки</p>
<p class=""p1""><b>..... 210 мм</b></p>
<p class=""p1"">Характеристики облицовки</p>
<p class=""p1""><b>Порода камня</b></p>
<p class=""p1"">..... Талькомагнезит</p>
<p class=""p1""><b>Вид обработки</b></p>
<p class=""p1"">..... ШЛИФОВКА</p>
<p class=""p1""><b>Толщина облицовки</b></p>
<p class=""p1"">..... 40 мм</p>",field_talkorus_tab_technical_content,Размеры и вес,field_talkorus_tab_dimensions_heading,"<p class=""p1"">Высота</p>
<p class=""p1""><b>..... 1590 мм</b></p>
<p class=""p1"">Ширина</p>
<p class=""p1""><b>..... 680 мм</b></p>
<p class=""p1"">Глубина</p>
<p class=""p1""><b>..... 710 мм</b></p>
<p class=""p1"">Вес изделия толщиной 50мм</p>
<p class=""p1""><b>..... 859 кг</b></p>
<p class=""p1"">Вес изделия толщиной 40мм</p>
<p class=""p1""><b>..... 774 кг</b></p>",field_talkorus_tab_dimensions_content,,field_talkorus_tab_cut_content,,field_talkorus_tab_scheme_content,,field_talkorus_tab_purpose_content,,field_talkorus_tab_advantages_content,,field_talkorus_tab_docs_content,,field_talkorus_tab_video_content,,field_talkorus_tab_projects_content,700,field_talkorus_product_feature_icon,Быстрая сухая сборка,field_talkorus_product_feature_title,686,field_talkorus_product_feature_icon,Эффективная конвекция,field_talkorus_product_feature_title,685,field_talkorus_product_feature_icon,"Система ""Чистое стекло""",field_talkorus_product_feature_title,687,field_talkorus_product_feature_icon,Облицовка Talkorus,field_talkorus_product_feature_title,4,field_talkorus_product_features
937,simple,,,Теплонакопительная печь-камин Karhu – 15/1260 SA,1,0,visible,,"<p>Karhu — 15/1260 SA — печь для помещений средней площади до 60 квадратных метров. За 3 часа прогреет помещение и будет отдавать тепло в течение 13 часов.</p><p>Мощность печи — 15 киловатт</p><p>Уникальность этой модели — угловой дизайн, который отлично смотрится в помещениях любого стиля дизайна, в том числе — хай-тек.</p><p>Функциональность обеспечивается за счет запатентованной технологии топки, а благодаря встроенной конвекции и двухоборотной системе — экономия дров будет достигать 30%!</p><p>Будьте уверены в своей покупке. Проконсультируйтесь с нами перед выбором и заранее подготовьте место монтажа. а о сборке не волнуйтесь — ее можно произвести менее чем за 1 день даже самостоятельно. Талькорус — это решения, обеспечивающие достойный результат на протяжении десятилетий.</p>",,,taxable,,1,,,0,0,,,,1260,1,,,329060,"Для дома, Для дома > Печи-камины Talkorus, Для дома > Печи-камины Talkorus > Серия Лапландия",,,"https://demo.talkorus.ru/wp-content/uploads/2026/06/karhu-15-1260-sa-talkorus-optimized.jpg, https://demo.talkorus.ru/wp-content/uploads/2026/06/karhu-15-1260-sa-talkorus2-optimized.jpg, https://demo.talkorus.ru/wp-content/uploads/2026/06/karhu-15-1260-sa-talkorus3-optimized.jpg",,,,,,,,,10,,,Площадь обогрева,30-60 м²,1,1,,,,,,1260,field_69f20d9c512d1,Стиль,Модерн,1,1,Возможность готовить,Нет,1,1,,Расположение,Пристенное,1,1,,,field_talkorus_tab_description_heading,,field_talkorus_tab_description_content,Технические данные,field_talkorus_tab_technical_heading,"<p class=""p1""><b>Общие характеристики</b></p>
<p class=""p1"">Тепловой КПД</p>
<p class=""p1""><b>..... 82 %</b></p>
<p class=""p1"">Время тепловой отдачи</p>
<p class=""p1""><b>..... до 13 часов</b></p>
<p class=""p1"">Площадь обогрева</p>
<p class=""p1""><b>..... 30-60 м²</b></p>
<p class=""p1"">Время прогрева помещения</p>
<p class=""p1""><b>..... от 2 до 4 часов</b></p>
<p class=""p1"">Длина дров</p>
<p class=""p1""><b>..... 400 мм</b></p>
<p class=""p1"">Сечение дымохода</p>
<p class=""p1""><b>..... 115 мм</b></p>
<p class=""p1""><b>Характеристики топки</b></p>
<p class=""p1"">Тип</p>
<p class=""p1""><b>..... Вихревая подовая</b></p>
<p class=""p1"">Тепловая мощность</p>
<p class=""p1""><b>..... 15 кВт</b></p>
<p class=""p1"">Толщина топочного шамотного кирпича</p>
<p class=""p1""><b>..... 40 мм</b></p>
<p class=""p1"">Высота топки</p>
<p class=""p1""><b>..... 460 мм</b></p>
<p class=""p1"">Ширина топки</p>
<p class=""p1""><b>..... 240/310 мм</b></p>
<p class=""p1"">Глубина топки</p>
<p class=""p1""><b>..... 210 мм</b></p>
<p class=""p1"">Характеристики облицовки</p>
<p class=""p1""><b>Порода камня</b></p>
<p class=""p1"">..... Серпентинит</p>
<p class=""p1""><b>Вид обработки</b></p>
<p class=""p1"">..... БАРХАТ</p>
<p class=""p1""><b>Толщина облицовки</b></p>
<p class=""p1"">..... 50 мм</p>",field_talkorus_tab_technical_content,Размеры и вес,field_talkorus_tab_dimensions_heading,"<p class=""p1"">Высота</p>
<p class=""p1""><b>..... 1260 мм</b></p>
<p class=""p1"">Ширина</p>
<p class=""p1""><b>..... 1020 мм</b></p>
<p class=""p1"">Глубина</p>
<p class=""p1""><b>..... 750 мм</b></p>
<p class=""p1"">Вес изделия толщиной 50мм</p>
<p class=""p1""><b>..... 745 кг</b></p>
<p class=""p1"">Вес изделия толщиной 40мм</p>
<p class=""p1""><b>..... 663 кг</b></p>",field_talkorus_tab_dimensions_content,,field_talkorus_tab_cut_content,,field_talkorus_tab_scheme_content,,field_talkorus_tab_purpose_content,,field_talkorus_tab_advantages_content,,field_talkorus_tab_docs_content,,field_talkorus_tab_video_content,,field_talkorus_tab_projects_content,700,field_talkorus_product_feature_icon,Быстрая сухая сборка,field_talkorus_product_feature_title,686,field_talkorus_product_feature_icon,Эффективная конвекция,field_talkorus_product_feature_title,685,field_talkorus_product_feature_icon,"Система ""Чистое стекло""",field_talkorus_product_feature_title,687,field_talkorus_product_feature_icon,Облицовка Talkorus,field_talkorus_product_feature_title,4,field_talkorus_product_features
941,simple,,,Теплонакопительная печь-камин Kinerma 15/ 1630P,1,0,visible,,"<p>Теплонакопительная печь-камин Kinerma 15/ 1630P обладает рядом преимуществ, которые делают этот отопительный прибор подходящим выбором для обогрева больших помещений площадью от 30 до 60 м метров квадратных.</p><h2>Технические характеристики</h2><p>Главный параметр этой печи — мощность — 15 киловатт. Благодаря этому топка прогревает помещение в течение 2-4 часов. Тепло, накопленное внутри топки, обеспечивает продолжительное время теплоотдачи — до 12 часов. Такая теплоотдача возможна благодаря серпентинитовой облицовке. Природный серпентинит обладает высокой теплоемкостью и способен нагреваться до 1300 градусов. При этом температура не оказывает влияния на облицовку — она не трескается и не деформируется. Серпентинит в 2-2,5 раза эффективнее классического печного кирпича.</p><p>Несмотря на высокие показатели огнеупорности серпентинита, печь имеет дополнительный внутренний огнеупорный слой, изготовленный из шамотного кирпича.</p><p>Многие наши заказчики даже готовят в этой печи пищу! Еда в ней томится в течение длительного времени. За счет этого блюдо получается нежным, сочным и максимально полезным. В результате приготовления в этой печи пища сохраняет все питательные вещества, витамины и микроэлементы.</p>",,,taxable,,1,,,0,0,,,,1630,1,,,345020,"Для дома, Для дома > Печи-камины Talkorus, Для дома > Печи-камины Talkorus > Серия Лапландия",,,"https://demo.talkorus.ru/wp-content/uploads/2026/06/kinerma-1630p-talkorus-optimized.jpg, https://demo.talkorus.ru/wp-content/uploads/2026/06/kinerma-1630p-talkorus2-optimized.jpg, https://demo.talkorus.ru/wp-content/uploads/2026/06/kinerma-1630p-talkorus3-optimized.jpg",,,,,,,,,11,,,Площадь обогрева,30-60 м²,1,1,,,,,,1630,field_69f20d9c512d1,Стиль,Модерн,1,1,Возможность готовить,Нет,1,1,,Расположение,Пристенное,1,1,,,field_talkorus_tab_description_heading,,field_talkorus_tab_description_content,Технические данные,field_talkorus_tab_technical_heading,"<p class=""p1""><b>Общие характеристики</b></p>
<p class=""p1"">Тепловой КПД</p>
<p class=""p1""><b>..... 82 %</b></p>
<p class=""p1"">Время тепловой отдачи</p>
<p class=""p1""><b>..... до 12 часов</b></p>
<p class=""p1"">Площадь обогрева</p>
<p class=""p1""><b>..... 30-60 м²</b></p>
<p class=""p1"">Время прогрева помещения</p>
<p class=""p1""><b>..... от 2 до 4 часов</b></p>
<p class=""p1"">Длина дров</p>
<p class=""p1""><b>..... 400 мм</b></p>
<p class=""p1"">Сечение дымохода</p>
<p class=""p1""><b>..... 115 мм</b></p>
<p class=""p1""><b>Характеристики топки</b></p>
<p class=""p1"">Тип</p>
<p class=""p1""><b>..... Вихревая подовая</b></p>
<p class=""p1"">Тепловая мощность</p>
<p class=""p1""><b>..... 15 кВт</b></p>
<p class=""p1"">Толщина топочного шамотного кирпича</p>
<p class=""p1""><b>..... 40 мм</b></p>
<p class=""p1"">Высота топки</p>
<p class=""p1""><b>..... 460 мм</b></p>
<p class=""p1"">Ширина топки</p>
<p class=""p1""><b>..... 240/310 мм</b></p>
<p class=""p1"">Глубина топки</p>
<p class=""p1""><b>..... 210 мм</b></p>
<p class=""p1"">Характеристики облицовки</p>
<p class=""p1""><b>Порода камня</b></p>
<p class=""p1"">..... Серпентинит</p>
<p class=""p1""><b>Вид обработки</b></p>
<p class=""p1"">..... ПОЛИРОВКА</p>
<p class=""p1""><b>Толщина облицовки</b></p>
<p class=""p1"">..... 40 мм</p>",field_talkorus_tab_technical_content,Размеры и вес,field_talkorus_tab_dimensions_heading,"<p class=""p1"">Высота</p>
<p class=""p1""><b>..... 1630 мм</b></p>
<p class=""p1"">Ширина</p>
<p class=""p1""><b>..... 680 мм</b></p>
<p class=""p1"">Глубина</p>
<p class=""p1""><b>..... 710 мм</b></p>
<p class=""p1"">Вес изделия толщиной 50мм</p>
<p class=""p1""><b>..... 859 кг</b></p>
<p class=""p1"">Вес изделия толщиной 40мм</p>
<p class=""p1""><b>..... 774 кг</b></p>",field_talkorus_tab_dimensions_content,,field_talkorus_tab_cut_content,,field_talkorus_tab_scheme_content,,field_talkorus_tab_purpose_content,,field_talkorus_tab_advantages_content,,field_talkorus_tab_docs_content,,field_talkorus_tab_video_content,,field_talkorus_tab_projects_content,700,field_talkorus_product_feature_icon,Быстрая сухая сборка,field_talkorus_product_feature_title,686,field_talkorus_product_feature_icon,Эффективная конвекция,field_talkorus_product_feature_title,685,field_talkorus_product_feature_icon,"Система ""Чистое стекло""",field_talkorus_product_feature_title,687,field_talkorus_product_feature_icon,Облицовка Talkorus,field_talkorus_product_feature_title,4,field_talkorus_product_features
945,simple,,,Теплонакопительная печь-камин Nasto – 20/1240 R50,1,0,visible,,"<p>Печь-камин «Nasto — 20/1240 R50» – характерный представитель природного стиля. Для нее был продуман специальный стиль облицовки из дикой разновидности талькомагнезита. Без мешающих взгляду излишеств и выпирающих частей, это выбор людей, которые ценят базовый стиль.</p><p>Если вы хотите получить изделие по своим пожеланиям — свяжитесь с нами, и мы изготовим ту модель, которая по максимуму будет учитывать ваши предпочтения. Например, вы можете изменить параметры толщины и высоты декоративных столбов.</p><p>Кроме этого, мы можем изготовить различные вариации самой печи по индивидуальному заказу. От вас потребуется указать объем обогреваемого помещения, чтобы брать ориентир на индекс теплоотдачи.</p><p>Наша компания ценит надежность и проводит тщательный контроль качества на каждом этапе производства, включая общую проверку работоспособности изделия. Мы гарантируем долговечность «Nasto — 20/1530 R50» в любой ее комплектации.</p><p>Кроме этого, вы сможете легко установить данную печь. Для этого мы выдаем точные рекомендации по монтажу и выбору монтажной организации для монтажа камина.</p>",,,taxable,,1,,,0,0,,,,1240,1,,,351180,"Для дома, Для дома > Печи-камины Talkorus, Для дома > Печи-камины Talkorus > Серия Лапландия",,,"https://demo.talkorus.ru/wp-content/uploads/2026/06/talkorus__nasto2_tovar-optimized.jpg, https://demo.talkorus.ru/wp-content/uploads/2026/06/talkorus__nasto2_tovar-2-1-optimized.jpg, https://demo.talkorus.ru/wp-content/uploads/2026/06/talkorus__nasto2_tovar-768x549-optimized.jpg, https://demo.talkorus.ru/wp-content/uploads/2026/06/talkorus__nasto2_tovar-2-1-768x549-optimized.jpg",,,,,,,,,12,,,Площадь обогрева,40-80 м²,1,1,,,,,,1240,field_69f20d9c512d1,Стиль,Модерн,1,1,Возможность готовить,Нет,1,1,,Расположение,Пристенное,1,1,,,field_talkorus_tab_description_heading,,field_talkorus_tab_description_content,Технические данные,field_talkorus_tab_technical_heading,"<p class=""p1""><b>Общие характеристики</b></p>
<p class=""p1"">Тепловой КПД</p>
<p class=""p1""><b>..... 82 %</b></p>
<p class=""p1"">Время тепловой отдачи</p>
<p class=""p1""><b>..... до 14 часов</b></p>
<p class=""p1"">Площадь обогрева</p>
<p class=""p1""><b>..... 40-80 м²</b></p>
<p class=""p1"">Время прогрева помещения</p>
<p class=""p1""><b>..... от 2 до 4 часов</b></p>
<p class=""p1"">Длина дров</p>
<p class=""p1""><b>..... 400 мм</b></p>
<p class=""p1"">Сечение дымохода</p>
<p class=""p1""><b>..... 130 мм</b></p>
<p class=""p1""><b>Характеристики топки</b></p>
<p class=""p1"">Тип</p>
<p class=""p1""><b>..... Вихревая подовая</b></p>
<p class=""p1"">Тепловая мощность</p>
<p class=""p1""><b>..... 20 кВт</b></p>
<p class=""p1"">Толщина топочного шамотного кирпича</p>
<p class=""p1""><b>..... 65 мм</b></p>
<p class=""p1"">Высота топки</p>
<p class=""p1""><b>..... 460 мм</b></p>
<p class=""p1"">Ширина топки</p>
<p class=""p1""><b>..... 240/350 мм</b></p>
<p class=""p1"">Глубина топки</p>
<p class=""p1""><b>..... 260 мм</b></p>
<p class=""p1"">Характеристики облицовки</p>
<p class=""p1""><b>Порода камня</b></p>
<p class=""p1"">..... Талькомагнезит</p>
<p class=""p1""><b>Вид обработки</b></p>
<p class=""p1"">..... ШЛИФОВКА</p>
<p class=""p1""><b>Толщина облицовки</b></p>
<p class=""p1"">..... 40 мм</p>",field_talkorus_tab_technical_content,Размеры и вес,field_talkorus_tab_dimensions_heading,"<p class=""p1"">Высота</p>
<p class=""p1""><b>..... 1240 мм</b></p>
<p class=""p1"">Ширина</p>
<p class=""p1""><b>..... 920 мм</b></p>
<p class=""p1"">Глубина</p>
<p class=""p1""><b>..... 740 мм</b></p>
<p class=""p1"">Вес изделия толщиной 50мм</p>
<p class=""p1""><b>..... 878 кг</b></p>
<p class=""p1"">Вес изделия толщиной 40мм</p>
<p class=""p1""><b>..... 793 кг</b></p>",field_talkorus_tab_dimensions_content,,field_talkorus_tab_cut_content,,field_talkorus_tab_scheme_content,,field_talkorus_tab_purpose_content,,field_talkorus_tab_advantages_content,,field_talkorus_tab_docs_content,,field_talkorus_tab_video_content,,field_talkorus_tab_projects_content,700,field_talkorus_product_feature_icon,Быстрая сухая сборка,field_talkorus_product_feature_title,686,field_talkorus_product_feature_icon,Эффективная конвекция,field_talkorus_product_feature_title,685,field_talkorus_product_feature_icon,"Система ""Чистое стекло""",field_talkorus_product_feature_title,687,field_talkorus_product_feature_icon,Облицовка Talkorus,field_talkorus_product_feature_title,4,field_talkorus_product_features
948,simple,,,Теплонакопительная печь-камин TOWER 15/1570,1,0,visible,,"<p>Главное преимущество этого камина заключается в его быстрой сборке. Поэтому при сборке экономятся время и силы. Вы сможете собрать его самостоятельно, просто следуя инструкции. Специальные инструменты при этом не понадобятся.</p><p>Еще одно достоинство печи TOWER 15/1570 — конвекция, которая обеспечивает равномерное распределение тепла по всему помещению.</p><p>Фирменная облицовка Талькорус изготовлена из серпентинитового камня природного происхождения. Его природный рисунок позволяет использовать печь в качестве декоративного элемента. Аналогичная облицовка может быть изготовлена для любой модели печи.</p><p>Серпентинит обладает повышенной теплоемкостью, за счет чего комфортный микроклимат в помещении (температура воздуха, влажность) сохраняется до 13 часов.</p><p>Теплонакопительная печь-камин TOWER 15/1570 является надежным решением для обогрева дома площадью от 30 до 60 м². Сухая сборка и конвекция повышенной мощности обеспечат ее комфортное использование. Облицовка из натурального камня добавит элегантности в интерьер. Мощности 15кВт хватит для быстрого прогрева. После окончания горения печь будет отдавать тепло до 13 часов.</p>",,,taxable,,1,,,0,0,,,,1570,1,,,363820,"Для дома, Для дома > Печи-камины Talkorus, Для дома > Печи-камины Talkorus > Серия Лапландия",,,"https://demo.talkorus.ru/wp-content/uploads/2026/06/tower-15-talkorus-optimized.jpg, https://demo.talkorus.ru/wp-content/uploads/2026/06/tower-15-talkorus2-optimized.jpg",,,,,,,,,13,,,Площадь обогрева,30-60 м²,1,1,,,,,,1570,field_69f20d9c512d1,Стиль,Классика,1,1,Возможность готовить,Нет,1,1,,Расположение,Пристенное,1,1,,,field_talkorus_tab_description_heading,,field_talkorus_tab_description_content,Технические данные,field_talkorus_tab_technical_heading,"<p class=""p1""><b>Общие характеристики</b></p>
<p class=""p1"">Тепловой КПД</p>
<p class=""p1""><b>..... 82 %</b></p>
<p class=""p1"">Время тепловой отдачи</p>
<p class=""p1""><b>..... 13 часов</b></p>
<p class=""p1"">Площадь обогрева</p>
<p class=""p1""><b>..... 30-60 м²</b></p>
<p class=""p1"">Время прогрева помещения</p>
<p class=""p1""><b>..... от 1 до 3 часов</b></p>
<p class=""p1"">Длина дров</p>
<p class=""p1""><b>..... 400 мм</b></p>
<p class=""p1"">Сечение дымохода</p>
<p class=""p1""><b>..... 115 мм</b></p>
<p class=""p1""><b>Характеристики топки</b></p>
<p class=""p1"">Тип</p>
<p class=""p1""><b>..... Вихревая подовая</b></p>
<p class=""p1"">Тепловая мощность</p>
<p class=""p1""><b>..... 15 кВт</b></p>
<p class=""p1"">Толщина топочного шамотного кирпича</p>
<p class=""p1""><b>..... 40 мм</b></p>
<p class=""p1"">Высота топки</p>
<p class=""p1""><b>..... 460 мм</b></p>
<p class=""p1"">Ширина топки</p>
<p class=""p1""><b>..... 240/310 мм</b></p>
<p class=""p1"">Глубина топки</p>
<p class=""p1""><b>..... 210 мм</b></p>
<p class=""p1"">Характеристики облицовки</p>
<p class=""p1""><b>Порода камня</b></p>
<p class=""p1"">..... Серпентинит</p>
<p class=""p1""><b>Вид обработки</b></p>
<p class=""p1"">..... БАРХАТ</p>
<p class=""p1""><b>Толщина облицовки</b></p>
<p class=""p1"">..... 40 мм</p>",field_talkorus_tab_technical_content,Размеры и вес,field_talkorus_tab_dimensions_heading,"<p class=""p1"">Высота</p>
<p class=""p1""><b>..... 1570 мм</b></p>
<p class=""p1"">Ширина</p>
<p class=""p1""><b>..... 810 мм</b></p>
<p class=""p1"">Глубина</p>
<p class=""p1""><b>..... 750 мм</b></p>
<p class=""p1"">Вес изделия толщиной 50мм</p>
<p class=""p1""><b>..... 853 кг</b></p>
<p class=""p1"">Вес изделия толщиной 40мм</p>
<p class=""p1""><b>..... 759 кг</b></p>",field_talkorus_tab_dimensions_content,,field_talkorus_tab_cut_content,,field_talkorus_tab_scheme_content,,field_talkorus_tab_purpose_content,,field_talkorus_tab_advantages_content,,field_talkorus_tab_docs_content,,field_talkorus_tab_video_content,,field_talkorus_tab_projects_content,700,field_talkorus_product_feature_icon,Быстрая сухая сборка,field_talkorus_product_feature_title,686,field_talkorus_product_feature_icon,Эффективная конвекция,field_talkorus_product_feature_title,685,field_talkorus_product_feature_icon,"Система ""Чистое стекло""",field_talkorus_product_feature_title,687,field_talkorus_product_feature_icon,Облицовка Talkorus,field_talkorus_product_feature_title,4,field_talkorus_product_features
951,simple,,,Теплонакопительная печь-камин Karhu – 15/1550,1,0,visible,,"<p>Печь-камин Karhu угловая модель из талькомагнезита. Наша компания предлагает еще несколько фактур на выбор серпентинит и lappia silver(Серебро Лапландии). Эти материалы отличаются внешним видом, но имеют схожие характеристики теплоэффективности.</p><p>Наша фирменная продукция, это двухоборотная топка, которая работает в трех режимах:</p><ol><li style=""font-weight: 400"">Растопка</li><li style=""font-weight: 400"">Двухоборотный режим</li><li style=""font-weight: 400"">Режим длительного горения</li></ol><p>Перед отгрузкой, наши мастера собирают каждое изделие, данная процедура называется контрольной сборкой. Мы стараемся показать наше отношения к работе, проинформировать о готовности и упразднить брак. После мы аккуратно упаковываем детали облицовки в деревянные ящики и товар приезжает к вам в разобранном виде.</p><p>Эффективность, практичность, долговечность, это результат работы компании Talkorus.</p>",,,taxable,,1,,,0,0,,,,1550,1,,,366760,"Для дома, Для дома > Печи-камины Talkorus, Для дома > Печи-камины Talkorus > Серия Лапландия",,,"https://demo.talkorus.ru/wp-content/uploads/2026/06/talkorus__karhu21550-optimized.jpg, https://demo.talkorus.ru/wp-content/uploads/2026/06/karhu_2_2-optimized.jpg, https://demo.talkorus.ru/wp-content/uploads/2026/06/talkorus__karhu21550-768x549-optimized.jpg, https://demo.talkorus.ru/wp-content/uploads/2026/06/karhu_2_2-768x549-optimized.jpg",,,,,,,,,14,,,Площадь обогрева,30-60 м²,1,1,,,,,,1550,field_69f20d9c512d1,Стиль,Классика,1,1,Возможность готовить,Нет,1,1,,,,,,,,field_talkorus_tab_description_heading,,field_talkorus_tab_description_content,Технические данные,field_talkorus_tab_technical_heading,"<p class=""p1""><b>Общие характеристики</b></p>
<p class=""p1"">Тепловой КПД</p>
<p class=""p1""><b>..... 82 %</b></p>
<p class=""p1"">Время тепловой отдачи</p>
<p class=""p1""><b>..... до 14 часов</b></p>
<p class=""p1"">Площадь обогрева</p>
<p class=""p1""><b>..... 30-60 м²</b></p>
<p class=""p1"">Время прогрева помещения</p>
<p class=""p1""><b>..... от 2 от 4 часов</b></p>
<p class=""p1"">Длина дров</p>
<p class=""p1""><b>..... 400 мм</b></p>
<p class=""p1"">Сечение дымохода</p>
<p class=""p1""><b>..... 115 мм</b></p>
<p class=""p1""><b>Характеристики топки</b></p>
<p class=""p1"">Тип</p>
<p class=""p1""><b>..... Вихревая подовая</b></p>
<p class=""p1"">Тепловая мощность</p>
<p class=""p1""><b>..... 15 кВт</b></p>
<p class=""p1"">Толщина топочного шамотного кирпича</p>
<p class=""p1""><b>..... 40 мм</b></p>
<p class=""p1"">Высота топки</p>
<p class=""p1""><b>..... 460 мм</b></p>
<p class=""p1"">Ширина топки</p>
<p class=""p1""><b>..... 240/310 мм</b></p>
<p class=""p1"">Глубина топки</p>
<p class=""p1""><b>..... 210 мм</b></p>
<p class=""p1"">Характеристики облицовки</p>
<p class=""p1""><b>Порода камня</b></p>
<p class=""p1"">..... Талькомагнезит</p>
<p class=""p1""><b>Вид обработки</b></p>
<p class=""p1"">..... ШЛИФОВКА</p>
<p class=""p1""><b>Толщина облицовки</b></p>
<p class=""p1"">..... 40 мм</p>",field_talkorus_tab_technical_content,Размеры и вес,field_talkorus_tab_dimensions_heading,"<p class=""p1"">Высота</p>
<p class=""p1""><b>..... 1550 мм</b></p>
<p class=""p1"">Ширина</p>
<p class=""p1""><b>..... 1020 мм</b></p>
<p class=""p1"">Глубина</p>
<p class=""p1""><b>..... 750 мм</b></p>
<p class=""p1"">Вес изделия толщиной 50мм</p>
<p class=""p1""><b>..... 861 кг</b></p>
<p class=""p1"">Вес изделия толщиной 40мм</p>
<p class=""p1""><b>..... 759 кг</b></p>",field_talkorus_tab_dimensions_content,,field_talkorus_tab_cut_content,,field_talkorus_tab_scheme_content,,field_talkorus_tab_purpose_content,,field_talkorus_tab_advantages_content,,field_talkorus_tab_docs_content,,field_talkorus_tab_video_content,,field_talkorus_tab_projects_content,700,field_talkorus_product_feature_icon,Быстрая сухая сборка,field_talkorus_product_feature_title,686,field_talkorus_product_feature_icon,Эффективная конвекция,field_talkorus_product_feature_title,685,field_talkorus_product_feature_icon,"Система ""Чистое стекло""",field_talkorus_product_feature_title,687,field_talkorus_product_feature_icon,Облицовка Talkorus,field_talkorus_product_feature_title,4,field_talkorus_product_features
956,simple,,,Теплонакопительная печь-камин Karhu – 15/1550 Antik,1,0,visible,,"<p>Теплонакопительная печь-камин Karhu Antik — это печь угловой формы, изготовленная из натурального талькомагнезита. По желанию заказчика можем изготовить аналогичную модель из серпентинита (змеевика), а также Lappia Silver (в русском языке этот камень называют “серебром Лапландии”). Все эти виды камня обладают одинаково высокой теплоаккумуляцией.</p><p>Топка Талькорус с двухоборотной конструкцией работает в 3 режимах:</p><ul><li style=""font-weight: 400"">Растопка</li><li style=""font-weight: 400"">Двухоборотный режим</li><li style=""font-weight: 400"">Режим длительного горения</li></ul><p>За счет своей конструкции печь прогревает помещение за 2-4 часа, накапливает тепло и отдает его до 14 часов.</p><p>Перед отправкой готового изделия мы проводим проверку:</p><ol><li style=""font-weight: 400"">Уточняем комплектацию,</li><li style=""font-weight: 400"">Собираем изделие для проверки работоспособности деталей.</li></ol><p>По окончании проверки предоставляем заказчикам фотоотчет, затем разбираем, упаковываем в ящики и отправляем.</p><p>Эффективность, практичность, долговечность, это результат работы компании Talkorus.</p>",,,taxable,,1,,,0,0,,,,1550,1,,,366760,"Для дома, Для дома > Печи-камины Talkorus, Для дома > Печи-камины Talkorus > Серия Лапландия",,,"https://demo.talkorus.ru/wp-content/uploads/2026/06/talkorus__karhu2s_tovar1-optimized.jpg, https://demo.talkorus.ru/wp-content/uploads/2026/06/karhu_antik_2_2-optimized.jpg, https://demo.talkorus.ru/wp-content/uploads/2026/06/talkorus__karhu2s_tovar1-768x549-optimized.jpg, https://demo.talkorus.ru/wp-content/uploads/2026/06/karhu_antik_2_2-768x549-optimized.jpg",,,,,,,,,15,,,Площадь обогрева,30-60 м²,1,1,,,,,,1550,field_69f20d9c512d1,Стиль,Классика,1,1,Возможность готовить,Нет,1,1,,,,,,,,field_talkorus_tab_description_heading,,field_talkorus_tab_description_content,Технические данные,field_talkorus_tab_technical_heading,"<p class=""p1""><b>Общие характеристики</b></p>
<p class=""p1"">Тепловой КПД</p>
<p class=""p1""><b>..... 82 %</b></p>
<p class=""p1"">Время тепловой отдачи</p>
<p class=""p1""><b>..... до 14 часов</b></p>
<p class=""p1"">Площадь обогрева</p>
<p class=""p1""><b>..... 30-60 м²</b></p>
<p class=""p1"">Время прогрева помещения</p>
<p class=""p1""><b>..... от 2 до 4 часов</b></p>
<p class=""p1"">Длина дров</p>
<p class=""p1""><b>..... 400 мм</b></p>
<p class=""p1"">Сечение дымохода</p>
<p class=""p1""><b>..... 115 мм</b></p>
<p class=""p1""><b>Характеристики топки</b></p>
<p class=""p1"">Тип</p>
<p class=""p1""><b>..... Вихревая подовая</b></p>
<p class=""p1"">Тепловая мощность</p>
<p class=""p1""><b>..... 15 кВт</b></p>
<p class=""p1"">Толщина топочного шамотного кирпича</p>
<p class=""p1""><b>..... 40 мм</b></p>
<p class=""p1"">Высота топки</p>
<p class=""p1""><b>..... 460 мм</b></p>
<p class=""p1"">Ширина топки</p>
<p class=""p1""><b>..... 240/310 мм</b></p>
<p class=""p1"">Глубина топки</p>
<p class=""p1""><b>..... 210 мм</b></p>
<p class=""p1"">Характеристики облицовки</p>
<p class=""p1""><b>Порода камня</b></p>
<p class=""p1"">..... Талькомагнезит</p>
<p class=""p1""><b>Вид обработки</b></p>
<p class=""p1"">..... БАРХАТ</p>
<p class=""p1""><b>Толщина облицовки</b></p>
<p class=""p1"">..... 50 мм</p>",field_talkorus_tab_technical_content,Размеры и вес,field_talkorus_tab_dimensions_heading,"<p class=""p1"">Высота</p>
<p class=""p1""><b>..... 1550 мм</b></p>
<p class=""p1"">Ширина</p>
<p class=""p1""><b>..... 1020 мм</b></p>
<p class=""p1"">Глубина</p>
<p class=""p1""><b>..... 750 мм</b></p>
<p class=""p1"">Вес изделия толщиной 50мм</p>
<p class=""p1""><b>..... 861 кг</b></p>
<p class=""p1"">Вес изделия толщиной 40мм</p>
<p class=""p1""><b>..... 759 кг</b></p>",field_talkorus_tab_dimensions_content,,field_talkorus_tab_cut_content,,field_talkorus_tab_scheme_content,,field_talkorus_tab_purpose_content,,field_talkorus_tab_advantages_content,,field_talkorus_tab_docs_content,,field_talkorus_tab_video_content,,field_talkorus_tab_projects_content,700,field_talkorus_product_feature_icon,Быстрая сухая сборка,field_talkorus_product_feature_title,686,field_talkorus_product_feature_icon,Эффективная конвекция,field_talkorus_product_feature_title,685,field_talkorus_product_feature_icon,"Система ""Чистое стекло""",field_talkorus_product_feature_title,687,field_talkorus_product_feature_icon,Облицовка Talkorus,field_talkorus_product_feature_title,4,field_talkorus_product_features
961,simple,,,Теплонакопительная печь-камин Tower – 15/1570 R80,1,0,visible,,"<p>Аналог модели Tower 1610. С декоративными элементами из рваного (дикого) камня печь стала выглядеть более брутально. Данная печь для истинных любителей строгого дизайна, рустикального стиля.</p><p>Печь камин Tower R80 из талькомагнезита. Так же мы можем предложить выбрать другую фактуру. Любой предложенный нами камень обладает прекрасными теплофизическими свойствами. Не стоит забывать о возможности индивидуализировать свой проект. Мы можем подстроиться под ваши желания и воплотить их в жизнь, с учетом наших возможностей.</p><p>Дизайн для печь-камин Tower – 15/1610 R80.<br />По вашему желанию, у любого нашего камина можно добавить разные элементы:</p><ul><li>Полка</li><li>Дровники</li><li>Гравировка</li><li>Смесь фактур</li></ul><p>По вашему желанию можно убрать рваный камень, а можно уменьшить или увеличить его ширину.</p><p>Принцип работы.<br />Наши фирменные печи камины имеют сложную систему хода дымовых газов, за счет чего они проходят по каналам внутри топки и отдают все свое тепло в шамотный кирпич в топливнике, в облицовку.</p><p>Данная технология позволяет добиться максимального КПД, так как у дымовых газов при долгом пути в дымоход, большая площадь соприкосновения с поверхностью, в отличии от многих других производителей топок, у которых дымовые газы напрямую идут в дымоход.</p><p>Традиции.<br />Мы придерживаемся старых традиций, но пользуемся современными технологиями.</p><p>Наши печи сделаны по принципу русской печи, они подовые, что помогает им эффективно работать и сжигать топливо на 82%.</p><p>За более подробной консультацией обращайтесь в отдел продаж, мы ответим на все возникшие вопросы, подскажем по продукции.</p>",,,taxable,,1,,,0,0,,,,1570,1,,,367320,"Для дома, Для дома > Печи-камины Talkorus, Для дома > Печи-камины Talkorus > Серия Лапландия",,,"https://demo.talkorus.ru/wp-content/uploads/2026/06/tower-1610r-2-talkorus-optimized.jpg, https://demo.talkorus.ru/wp-content/uploads/2026/06/tower_r2-optimized.jpg, https://demo.talkorus.ru/wp-content/uploads/2026/06/tower-1610r-2-talkorus-768x549-optimized.jpg, https://demo.talkorus.ru/wp-content/uploads/2026/06/tower_r2-768x549-optimized.jpg",,,,,,,,,16,,,Площадь обогрева,30-60 м²,1,1,,,,,,1570,field_69f20d9c512d1,Стиль,Модерн,1,1,Возможность готовить,Нет,1,1,,Расположение,Пристенное,1,1,,,field_talkorus_tab_description_heading,,field_talkorus_tab_description_content,Технические данные,field_talkorus_tab_technical_heading,"<p class=""p1""><b>Общие характеристики</b></p>
<p class=""p1"">Тепловой КПД</p>
<p class=""p1""><b>..... 82 %</b></p>
<p class=""p1"">Время тепловой отдачи</p>
<p class=""p1""><b>..... до 14 часов часов</b></p>
<p class=""p1"">Площадь обогрева</p>
<p class=""p1""><b>..... 30-60 м²</b></p>
<p class=""p1"">Время прогрева помещения</p>
<p class=""p1""><b>..... от 1 до 3 часов</b></p>
<p class=""p1"">Длина дров</p>
<p class=""p1""><b>..... 400 мм</b></p>
<p class=""p1"">Сечение дымохода</p>
<p class=""p1""><b>..... 115 мм</b></p>
<p class=""p1""><b>Характеристики топки</b></p>
<p class=""p1"">Тип</p>
<p class=""p1""><b>..... Вихревая подовая</b></p>
<p class=""p1"">Тепловая мощность</p>
<p class=""p1""><b>..... 15 кВт</b></p>
<p class=""p1"">Толщина топочного шамотного кирпича</p>
<p class=""p1""><b>..... 40 мм</b></p>
<p class=""p1"">Высота топки</p>
<p class=""p1""><b>..... 460 мм</b></p>
<p class=""p1"">Ширина топки</p>
<p class=""p1""><b>..... 240/310 мм</b></p>
<p class=""p1"">Глубина топки</p>
<p class=""p1""><b>..... 210 мм</b></p>
<p class=""p1"">Характеристики облицовки</p>
<p class=""p1""><b>Порода камня</b></p>
<p class=""p1"">..... Талькомагнезит</p>
<p class=""p1""><b>Вид обработки</b></p>
<p class=""p1"">..... ШЛИФОВКА</p>
<p class=""p1""><b>Толщина облицовки</b></p>
<p class=""p1"">..... 40 мм</p>",field_talkorus_tab_technical_content,Размеры и вес,field_talkorus_tab_dimensions_heading,"<p class=""p1"">Высота</p>
<p class=""p1""><b>..... 1570 мм</b></p>
<p class=""p1"">Ширина</p>
<p class=""p1""><b>..... 1030 мм</b></p>
<p class=""p1"">Глубина</p>
<p class=""p1""><b>..... 810 мм</b></p>
<p class=""p1"">Вес изделия толщиной 50мм</p>
<p class=""p1""><b>..... 972 кг</b></p>
<p class=""p1"">Вес изделия толщиной 40мм</p>
<p class=""p1""><b>..... 773 кг</b></p>",field_talkorus_tab_dimensions_content,,field_talkorus_tab_cut_content,,field_talkorus_tab_scheme_content,,field_talkorus_tab_purpose_content,,field_talkorus_tab_advantages_content,,field_talkorus_tab_docs_content,,field_talkorus_tab_video_content,,field_talkorus_tab_projects_content,700,field_talkorus_product_feature_icon,Быстрая сухая сборка,field_talkorus_product_feature_title,686,field_talkorus_product_feature_icon,Эффективная конвекция,field_talkorus_product_feature_title,685,field_talkorus_product_feature_icon,"Система ""Чистое стекло""",field_talkorus_product_feature_title,687,field_talkorus_product_feature_icon,Облицовка Talkorus,field_talkorus_product_feature_title,4,field_talkorus_product_features
966,simple,,,Теплонакопительная печь-камин Nasto 20/1260,1,0,visible,,"<p>Теплонакопительная печь-камин Nasto 20 1260 поможет обогреть помещение площадью от 40 до 80 м². Камин обеспечивает комфортную температуру, а также длительное время теплоотдачи.</p><p>Главное преимущество камина Nasto 20 1260 — время прогрева комнаты, которое составляет от 2 до 4 часов. Это позволяет быстро создать комфортную обстановку внутри помещения.</p><p>Печь обладает высоким показателем теплоотдачи. Она отдает тепло до 13 часов. После того, как печь нагреется, она будет равномерно отдавать тепло в течение продолжительного времени. Такая теплоотдача позволяет сэкономить на энергозатратах.</p><p>Мощность печи Nasto 20 1260 составляет 20 киловатт, что обеспечивает быстрое нагревание помещения. За счет такой мощности камин способен обеспечить комфортную температуру даже в самых промерзлых помещениях.</p><p>Сборка этой печи осуществляется по сухой технологии. Вы сможете сэкономить время и силы на установку.</p><p>Конвекция — основной элемент работы камина Nasto 20 1260. Она обеспечивает равномерное распределение тепла и поддерживает комфортную температуру.</p><p>Облицовка камина Nasto 20 1260 выполнена из натурального камня, что придает ей элегантности. Каменная облицовка не только функциональна, но и визуально привлекательна. Она впишется в оформление любого помещения.</p><p>Облицовка выполнена из серпентинита. Серпентинит — это натуральный материал, обладающий высокой теплопроводностью. Камень надолго сохраняет тепло внутри топки, что позволяет экономно расходовать электроэнергию.</p><p>Серпентинит — экологически чистый, безопасный материал. Серпентинит не выделяет вредных веществ, а также не оказывает негативного воздействия на качество воздуха в помещении, что особенно важно для людей с аллергией или проблемами с дыханием.</p><p>Также серпентинитовая облицовка долговечна и устойчива к повышенным температурам. Она не трескается и не расслаивается. Это гарантирует использование печи до 20 лет без потери свойств.</p>",,,taxable,,1,,,0,0,,,,1260,1,,,368610,"Для дома, Для дома > Печи-камины Talkorus, Для дома > Печи-камины Talkorus > Серия Лапландия",,,"https://demo.talkorus.ru/wp-content/uploads/2026/06/nasto-20-1260-talkorus-optimized.jpg, https://demo.talkorus.ru/wp-content/uploads/2026/06/nasto-20-1260-talkorus2-optimized.jpg",,,,,,,,,17,,,Площадь обогрева,40-80 м²,1,1,,,,,,1260,field_69f20d9c512d1,Стиль,Классика,1,1,Возможность готовить,Нет,1,1,,Расположение,Пристенное,1,1,,,field_talkorus_tab_description_heading,,field_talkorus_tab_description_content,Технические данные,field_talkorus_tab_technical_heading,"<p class=""p1""><b>Общие характеристики</b></p>
<p class=""p1"">Тепловой КПД</p>
<p class=""p1""><b>..... 82 %</b></p>
<p class=""p1"">Время тепловой отдачи</p>
<p class=""p1""><b>..... до 13 часов</b></p>
<p class=""p1"">Площадь обогрева</p>
<p class=""p1""><b>..... 40-80 м²</b></p>
<p class=""p1"">Время прогрева помещения</p>
<p class=""p1""><b>..... от 2 до 4 часов</b></p>
<p class=""p1"">Длина дров</p>
<p class=""p1""><b>..... 400 мм</b></p>
<p class=""p1"">Сечение дымохода</p>
<p class=""p1""><b>..... 130 мм</b></p>
<p class=""p1""><b>Характеристики топки</b></p>
<p class=""p1"">Тип</p>
<p class=""p1""><b>..... Вихревая подовая</b></p>
<p class=""p1"">Тепловая мощность</p>
<p class=""p1""><b>..... 20 кВт</b></p>
<p class=""p1"">Толщина топочного шамотного кирпича</p>
<p class=""p1""><b>..... 65 мм</b></p>
<p class=""p1"">Высота топки</p>
<p class=""p1""><b>..... 460 мм</b></p>
<p class=""p1"">Ширина топки</p>
<p class=""p1""><b>..... 240/350 мм</b></p>
<p class=""p1"">Глубина топки</p>
<p class=""p1""><b>..... 260 мм</b></p>
<p class=""p1"">Характеристики облицовки</p>
<p class=""p1""><b>Порода камня</b></p>
<p class=""p1"">..... Серпентинит</p>
<p class=""p1""><b>Вид обработки</b></p>
<p class=""p1"">..... БАРХАТ</p>
<p class=""p1""><b>Толщина облицовки</b></p>
<p class=""p1"">..... 40 мм</p>",field_talkorus_tab_technical_content,Размеры и вес,field_talkorus_tab_dimensions_heading,"<p class=""p1"">Высота</p>
<p class=""p1""><b>..... 1260 мм</b></p>
<p class=""p1"">Ширина</p>
<p class=""p1""><b>..... 920 мм</b></p>
<p class=""p1"">Глубина</p>
<p class=""p1""><b>..... 740 мм</b></p>
<p class=""p1"">Вес изделия толщиной 50мм</p>
<p class=""p1""><b>..... 878 кг</b></p>
<p class=""p1"">Вес изделия толщиной 40мм</p>
<p class=""p1""><b>..... 793 кг</b></p>",field_talkorus_tab_dimensions_content,,field_talkorus_tab_cut_content,,field_talkorus_tab_scheme_content,,field_talkorus_tab_purpose_content,,field_talkorus_tab_advantages_content,,field_talkorus_tab_docs_content,,field_talkorus_tab_video_content,,field_talkorus_tab_projects_content,700,field_talkorus_product_feature_icon,Быстрая сухая сборка,field_talkorus_product_feature_title,686,field_talkorus_product_feature_icon,Эффективная конвекция,field_talkorus_product_feature_title,685,field_talkorus_product_feature_icon,"Система ""Чистое стекло""",field_talkorus_product_feature_title,687,field_talkorus_product_feature_icon,Облицовка Talkorus,field_talkorus_product_feature_title,4,field_talkorus_product_features
969,simple,,,Теплонакопительная печь-камин Nasto – 20/1550 R80,1,0,visible,,"<p>Печь «Nasto — 20/1550 R80» – характерный пример известного скандинавского минималистичного природного стиля, сочетающего функциональность и эстетику в различных помещениях вне зависимости от их назначения. И вы можете сделать ее еще лучше, предложив свои пожелания.</p><p>Кроме этого, наша компания готова разработать и изготовить уникальные вариации такой печи по индивидуальному заказу. От вас потребуется только точный объем обогреваемого помещения, чтобы брать ориентир на итоговый вес. От этого зависит теплоотдача.</p><p>Мы не только разработаем и произведем модель с полным учетом пожеланий, но и дадим подробные рекомендации по монтажу и запуску, чтобы печь служила вам долгие десятилетия.</p><p>И несмотря на внешний вид печи и ее видоизменения, Талькорус гарантирует качество и работоспособность изделия. Компания специально обеспечивает тщательный контроль за производством и проводит многочисленные тесты качества. С нами вы будете уверены в покупке.</p>",,,taxable,,1,,,0,0,,,,1550,1,,,398500,"Для дома, Для дома > Печи-камины Talkorus, Для дома > Печи-камины Talkorus > Серия Лапландия",,,"https://demo.talkorus.ru/wp-content/uploads/2026/06/nasto_20_1-optimized.jpg, https://demo.talkorus.ru/wp-content/uploads/2026/06/nasto_20_2-optimized.jpg, https://demo.talkorus.ru/wp-content/uploads/2026/06/nasto_20_1-768x549-optimized.jpg, https://demo.talkorus.ru/wp-content/uploads/2026/06/nasto_20_2-768x549-optimized.jpg",,,,,,,,,18,,,Площадь обогрева,40-80 м²,1,1,,,,,,1550,field_69f20d9c512d1,Стиль,Модерн,1,1,Возможность готовить,Нет,1,1,,Расположение,Пристенное,1,1,,,field_talkorus_tab_description_heading,,field_talkorus_tab_description_content,Технические данные,field_talkorus_tab_technical_heading,"<p class=""p1""><b>Общие характеристики</b></p>
<p class=""p1"">Тепловой КПД</p>
<p class=""p1""><b>..... 82 %</b></p>
<p class=""p1"">Время тепловой отдачи</p>
<p class=""p1""><b>..... до 15 часов</b></p>
<p class=""p1"">Площадь обогрева</p>
<p class=""p1""><b>..... 40-80 м²</b></p>
<p class=""p1"">Время прогрева помещения</p>
<p class=""p1""><b>..... от 2 до 4 часов</b></p>
<p class=""p1"">Длина дров</p>
<p class=""p1""><b>..... 400 мм</b></p>
<p class=""p1"">Сечение дымохода</p>
<p class=""p1""><b>..... 130 мм</b></p>
<p class=""p1""><b>Характеристики топки</b></p>
<p class=""p1"">Тип</p>
<p class=""p1""><b>..... Вихревая подовая</b></p>
<p class=""p1"">Тепловая мощность</p>
<p class=""p1""><b>..... 20 кВт</b></p>
<p class=""p1"">Толщина топочного шамотного кирпича</p>
<p class=""p1""><b>..... 65 мм</b></p>
<p class=""p1"">Высота топки</p>
<p class=""p1""><b>..... 460 мм</b></p>
<p class=""p1"">Ширина топки</p>
<p class=""p1""><b>..... 240/350 мм</b></p>
<p class=""p1"">Глубина топки</p>
<p class=""p1""><b>..... 260 мм</b></p>
<p class=""p1"">Характеристики облицовки</p>
<p class=""p1""><b>Порода камня</b></p>
<p class=""p1"">..... Талькомагнезит</p>
<p class=""p1""><b>Вид обработки</b></p>
<p class=""p1"">..... ШЛИФОВКА</p>
<p class=""p1""><b>Толщина облицовки</b></p>
<p class=""p1"">..... 40 мм</p>",field_talkorus_tab_technical_content,Размеры и вес,field_talkorus_tab_dimensions_heading,"<p class=""p1"">Высота</p>
<p class=""p1""><b>..... 1550 мм</b></p>
<p class=""p1"">Ширина</p>
<p class=""p1""><b>..... 920 мм</b></p>
<p class=""p1"">Глубина</p>
<p class=""p1""><b>..... 740 мм</b></p>
<p class=""p1"">Вес изделия толщиной 50мм</p>
<p class=""p1""><b>..... 1026 кг</b></p>
<p class=""p1"">Вес изделия толщиной 40мм</p>
<p class=""p1""><b>..... 918 кг</b></p>",field_talkorus_tab_dimensions_content,,field_talkorus_tab_cut_content,,field_talkorus_tab_scheme_content,,field_talkorus_tab_purpose_content,,field_talkorus_tab_advantages_content,,field_talkorus_tab_docs_content,,field_talkorus_tab_video_content,,field_talkorus_tab_projects_content,700,field_talkorus_product_feature_icon,Быстрая сухая сборка,field_talkorus_product_feature_title,686,field_talkorus_product_feature_icon,Эффективная конвекция,field_talkorus_product_feature_title,685,field_talkorus_product_feature_icon,"Система ""Чистое стекло""",field_talkorus_product_feature_title,687,field_talkorus_product_feature_icon,Облицовка Talkorus,field_talkorus_product_feature_title,4,field_talkorus_product_features
974,simple,,,Теплонакопительная печь-камин Torni – 20/ 1610,1,0,visible,,"<p>Печь-камин Torni – 20/ 1610 это модель для тех, кто не любит рваный камень и излишки в элементах облицовки. В разделе “наши работы” можно увидеть, как изделия выглядят в интерьере. Пройдите по ссылке и посмотрите как выглядит основание под печь. Это отдельное “пятно”, которое выдерживает вес в два раза превышающий вес изделия.</p><p>Печь-камин из талькомагнезита подарит тепло с максимальным показателем накопления и его отдачи.</p><p>Наша компания сопровождает и помогает приобрести подходящий вариант печи.</p><p>Камин создает уют в любом доме. Мы учли особенности дизайна помещения и предлагаем печи-камины из разных фактур.</p><p>Наше главное правило быть с клиентом на одной волне и всегда на связи. Талькорус поможет в поисках надежного партнера, монтажной организации и доставим изделия на адрес.</p><p>Все работы мы выкладываем в инстаграм, перейдя по ссылке вы сможете найти модель по вкусу и цвету.</p>",,,taxable,,1,,,0,0,,,,1610,1,,,406410,"Для дома, Для дома > Печи-камины Talkorus, Для дома > Печи-камины Talkorus > Серия Лапландия",,,"https://demo.talkorus.ru/wp-content/uploads/2026/06/talkorus-torni-2-1-optimized.jpg, https://demo.talkorus.ru/wp-content/uploads/2026/06/torni_2-optimized.jpg, https://demo.talkorus.ru/wp-content/uploads/2026/06/talkorus-torni-2-1-768x549-optimized.jpg, https://demo.talkorus.ru/wp-content/uploads/2026/06/torni_2-768x549-optimized.jpg",,,,,,,,,19,,,Площадь обогрева,40-80 м²,1,1,,,,,,1610,field_69f20d9c512d1,Стиль,Модерн,1,1,Возможность готовить,Нет,1,1,,Расположение,Пристенное,1,1,,,field_talkorus_tab_description_heading,,field_talkorus_tab_description_content,Технические данные,field_talkorus_tab_technical_heading,"<p class=""p1""><b>Общие характеристики</b></p>
<p class=""p1"">Тепловой КПД</p>
<p class=""p1""><b>..... 82 %</b></p>
<p class=""p1"">Время тепловой отдачи</p>
<p class=""p1""><b>..... до 15 часов</b></p>
<p class=""p1"">Площадь обогрева</p>
<p class=""p1""><b>..... 40-80 м²</b></p>
<p class=""p1"">Время прогрева помещения</p>
<p class=""p1""><b>..... от 2 до 4 часов</b></p>
<p class=""p1"">Длина дров</p>
<p class=""p1""><b>..... 550 мм</b></p>
<p class=""p1"">Сечение дымохода</p>
<p class=""p1""><b>..... 130 мм</b></p>
<p class=""p1""><b>Характеристики топки</b></p>
<p class=""p1"">Тип</p>
<p class=""p1""><b>..... Вихревая подовая</b></p>
<p class=""p1"">Тепловая мощность</p>
<p class=""p1""><b>..... 20 кВт</b></p>
<p class=""p1"">Толщина топочного шамотного кирпича</p>
<p class=""p1""><b>..... 65 мм</b></p>
<p class=""p1"">Высота топки</p>
<p class=""p1""><b>..... 460 мм</b></p>
<p class=""p1"">Ширина топки</p>
<p class=""p1""><b>..... 240/350 мм</b></p>
<p class=""p1"">Глубина топки</p>
<p class=""p1""><b>..... 260 мм</b></p>
<p class=""p1"">Характеристики облицовки</p>
<p class=""p1""><b>Порода камня</b></p>
<p class=""p1"">..... Талькомагнезит</p>
<p class=""p1""><b>Вид обработки</b></p>
<p class=""p1"">..... ШЛИФОВКА</p>
<p class=""p1""><b>Толщина облицовки</b></p>
<p class=""p1"">..... 40 мм</p>",field_talkorus_tab_technical_content,Размеры и вес,field_talkorus_tab_dimensions_heading,"<p class=""p1"">Высота</p>
<p class=""p1""><b>..... 1610 мм</b></p>
<p class=""p1"">Ширина</p>
<p class=""p1""><b>..... 860 мм</b></p>
<p class=""p1"">Глубина</p>
<p class=""p1""><b>..... 800 мм</b></p>
<p class=""p1"">Вес изделия толщиной 50мм</p>
<p class=""p1""><b>..... 927 кг</b></p>
<p class=""p1"">Вес изделия толщиной 40мм</p>
<p class=""p1""><b>..... 849 кг</b></p>",field_talkorus_tab_dimensions_content,,field_talkorus_tab_cut_content,,field_talkorus_tab_scheme_content,,field_talkorus_tab_purpose_content,,field_talkorus_tab_advantages_content,,field_talkorus_tab_docs_content,,field_talkorus_tab_video_content,,field_talkorus_tab_projects_content,700,field_talkorus_product_feature_icon,Быстрая сухая сборка,field_talkorus_product_feature_title,686,field_talkorus_product_feature_icon,Эффективная конвекция,field_talkorus_product_feature_title,685,field_talkorus_product_feature_icon,"Система ""Чистое стекло""",field_talkorus_product_feature_title,687,field_talkorus_product_feature_icon,Облицовка Talkorus,field_talkorus_product_feature_title,4,field_talkorus_product_features
979,simple,,,Теплонакопительная печь-камин Varma Antik-20/1320,1,0,visible,,"<p>Печь-камин Varma Antik-20 выполнена в стиле современного минимализма. Она имеет небольшую высоту, поэтому подойдет для маленьких помещений. Она оснащена стильной российской дверкой, а также имеет каменную полку.</p><p>Благодаря “универсальному” дизайну печь подойдет для любого стиля интерьера.</p><p>В базовом варианте облицовка изготовлена из талькомагнезита. Возможно изготовление в другой фактуре. Талькорус делает все возможное, чтобы обеспечить эстетическую привлекательность и теплоэффективность печей.</p><p>Перед отправкой печей заказчикам мы сначала их собираем. Это нужно для проверки работоспособности и своевременного выявления брака. Затем идет разборка и финальная упаковка. Также мы стараемся порекомендовать монтажную организацию, которая соберет печь и выполнит монтаж дымохода.</p><p>Вместе с печью мы предоставляем соответствующую документацию:</p><ol><li style=""font-weight: 400"">паспорт изделия,</li><li style=""font-weight: 400"">сертификаты соответствия,</li><li style=""font-weight: 400"">гарантийный талон.</li></ol><p>Наша компания постоянно развивается — в 2020 году Талькорус получил сертификат “Сделано в Карелии”.</p>",,,taxable,,1,,,0,0,,,,1320,1,,,414580,"Для дома, Для дома > Печи-камины Talkorus, Для дома > Печи-камины Talkorus > Серия Лапландия",,,"https://demo.talkorus.ru/wp-content/uploads/2026/06/talkorus-varma-1_tov-2-optimized.jpg, https://demo.talkorus.ru/wp-content/uploads/2026/06/varma_antik_2-optimized.jpg",,,,,,,,,20,,,Площадь обогрева,40-80 м²,1,1,,,,,,1320,field_69f20d9c512d1,Стиль,Модерн,1,1,Возможность готовить,Нет,1,1,,Расположение,Пристенное,1,1,,,field_talkorus_tab_description_heading,,field_talkorus_tab_description_content,Технические данные,field_talkorus_tab_technical_heading,"<p class=""p1""><b>Общие характеристики</b></p>
<p class=""p1"">Тепловой КПД</p>
<p class=""p1""><b>..... 82 %</b></p>
<p class=""p1"">Время тепловой отдачи</p>
<p class=""p1""><b>..... до 15 часов</b></p>
<p class=""p1"">Площадь обогрева</p>
<p class=""p1""><b>..... 40-80 м²</b></p>
<p class=""p1"">Время прогрева помещения</p>
<p class=""p1""><b>..... от 2 до 4 часов</b></p>
<p class=""p1"">Длина дров</p>
<p class=""p1""><b>..... 400 мм</b></p>
<p class=""p1"">Сечение дымохода</p>
<p class=""p1""><b>..... 130 мм</b></p>
<p class=""p1""><b>Характеристики топки</b></p>
<p class=""p1"">Тип</p>
<p class=""p1""><b>..... Вихревая подовая</b></p>
<p class=""p1"">Тепловая мощность</p>
<p class=""p1""><b>..... 20 кВт</b></p>
<p class=""p1"">Толщина топочного шамотного кирпича</p>
<p class=""p1""><b>..... 65 мм</b></p>
<p class=""p1"">Высота топки</p>
<p class=""p1""><b>..... 460 мм</b></p>
<p class=""p1"">Ширина топки</p>
<p class=""p1""><b>..... 240/350 мм</b></p>
<p class=""p1"">Глубина топки</p>
<p class=""p1""><b>..... 260 мм</b></p>
<p class=""p1"">Характеристики облицовки</p>
<p class=""p1""><b>Порода камня</b></p>
<p class=""p1"">..... Талькомагнезит</p>
<p class=""p1""><b>Вид обработки</b></p>
<p class=""p1"">..... ШЛИФОВКА</p>
<p class=""p1""><b>Толщина облицовки</b></p>
<p class=""p1"">..... 50 мм</p>",field_talkorus_tab_technical_content,Размеры и вес,field_talkorus_tab_dimensions_heading,"<p class=""p1"">Высота</p>
<p class=""p1""><b>..... 1320 мм</b></p>
<p class=""p1"">Ширина</p>
<p class=""p1""><b>..... 920 мм</b></p>
<p class=""p1"">Глубина</p>
<p class=""p1""><b>..... 810 мм</b></p>
<p class=""p1"">Вес изделия толщиной 50мм</p>
<p class=""p1""><b>..... 960 кг</b></p>
<p class=""p1"">Вес изделия толщиной 40мм</p>
<p class=""p1""><b>..... 869 кг</b></p>",field_talkorus_tab_dimensions_content,,field_talkorus_tab_cut_content,,field_talkorus_tab_scheme_content,,field_talkorus_tab_purpose_content,,field_talkorus_tab_advantages_content,,field_talkorus_tab_docs_content,,field_talkorus_tab_video_content,,field_talkorus_tab_projects_content,700,field_talkorus_product_feature_icon,Быстрая сухая сборка,field_talkorus_product_feature_title,686,field_talkorus_product_feature_icon,Эффективная конвекция,field_talkorus_product_feature_title,685,field_talkorus_product_feature_icon,"Система ""Чистое стекло""",field_talkorus_product_feature_title,687,field_talkorus_product_feature_icon,Облицовка Talkorus,field_talkorus_product_feature_title,4,field_talkorus_product_features
982,simple,,,Теплонакопительная печь-камин Torja – 20/1630,1,0,visible,,"<p>Печь-камин Torja – 20/1630 из натурального камня талькомагнезита. В комплектации с каминной дверкой Talkorus из стали серого цвета.<br /><br />Данная модель универсальна и впишется в любой интерьер. Заказчик имеет уникальную возможность сделать дизайн облицовки по своему усмотрению. На камин могут быть установлены дровники, полки, скамейки, подиум. Также может быть выполнена гравировка.<br /><br />Прежде чем выбрать печь, нужно определиться с ее назначением. Продукция Talkorus подойдет как в качестве элемента отопления, так и в качестве декора.<br /><br />Камин имеет мощность 20 кВт. Она прогревает площадью до 80 квадратных метров за 2-4 часа.<br /><br />Талькорус рекомендует подготовиться к установке заранее. Только после подготовки можно заказывать камин. Первым делом необходимо выделить площадь для установки отопительного прибора. Затем нужно проверить вес конструкции и убедиться, что пол выдержит нагрузку. Облицовка собирается вокруг уже установленной печи на крепления, без применения клея. Такой тип сборки называется «сухим». При первых двух топках нужно запускать печь на меньшей мощности, следя за тем, чтобы температура поверхности каменной облицовки не превышала 70 градусов. При этом между топками должно пройти достаточно времени, чтобы облицовка остыла, поскольку несоблюдение этого требования может привести к повреждению камня.<br /></p>",,,taxable,,1,,,0,0,,,,1630,1,,,426240,"Для дома, Для дома > Печи-камины Talkorus, Для дома > Печи-камины Talkorus > Серия Лапландия",,,"https://demo.talkorus.ru/wp-content/uploads/2026/06/talkorus-tarja-1630-1-1-optimized.jpg, https://demo.talkorus.ru/wp-content/uploads/2026/06/talkorus-tarja-1630-2-optimized.jpg",,,,,,,,,21,,,Площадь обогрева,40-80 м²,1,1,,,,,,1630,field_69f20d9c512d1,Стиль,Модерн,1,1,Возможность готовить,Нет,1,1,,Расположение,Пристенное,1,1,,,field_talkorus_tab_description_heading,,field_talkorus_tab_description_content,Технические данные,field_talkorus_tab_technical_heading,"<p class=""p1""><b>Общие характеристики</b></p>
<p class=""p1"">Тепловой КПД</p>
<p class=""p1""><b>..... 82 %</b></p>
<p class=""p1"">Время тепловой отдачи</p>
<p class=""p1""><b>..... до 15 часов</b></p>
<p class=""p1"">Площадь обогрева</p>
<p class=""p1""><b>..... 40-80 м²</b></p>
<p class=""p1"">Время прогрева помещения</p>
<p class=""p1""><b>..... от 2 до 4 часов</b></p>
<p class=""p1"">Длина дров</p>
<p class=""p1""><b>..... 400 мм</b></p>
<p class=""p1"">Сечение дымохода</p>
<p class=""p1""><b>..... 130 мм</b></p>
<p class=""p1""><b>Характеристики топки</b></p>
<p class=""p1"">Тип</p>
<p class=""p1""><b>..... Вихревая подовая</b></p>
<p class=""p1"">Тепловая мощность</p>
<p class=""p1""><b>..... 20 кВт</b></p>
<p class=""p1"">Толщина топочного шамотного кирпича</p>
<p class=""p1""><b>..... 65 мм</b></p>
<p class=""p1"">Высота топки</p>
<p class=""p1""><b>..... 460 мм</b></p>
<p class=""p1"">Ширина топки</p>
<p class=""p1""><b>..... 240/350 мм</b></p>
<p class=""p1"">Глубина топки</p>
<p class=""p1""><b>..... 260 мм</b></p>
<p class=""p1"">Характеристики облицовки</p>
<p class=""p1""><b>Порода камня</b></p>
<p class=""p1"">..... Талькомагнезит</p>
<p class=""p1""><b>Вид обработки</b></p>
<p class=""p1"">..... ШЛИФОВКА</p>
<p class=""p1""><b>Толщина облицовки</b></p>
<p class=""p1"">..... 40 мм</p>",field_talkorus_tab_technical_content,Размеры и вес,field_talkorus_tab_dimensions_heading,"<p class=""p1"">Высота</p>
<p class=""p1""><b>..... 1630 мм</b></p>
<p class=""p1"">Ширина</p>
<p class=""p1""><b>..... 860 мм</b></p>
<p class=""p1"">Глубина</p>
<p class=""p1""><b>..... 880 мм</b></p>
<p class=""p1"">Вес изделия толщиной 50мм</p>
<p class=""p1""><b>..... 1016 кг</b></p>
<p class=""p1"">Вес изделия толщиной 40мм</p>
<p class=""p1""><b>..... 907 кг</b></p>",field_talkorus_tab_dimensions_content,,field_talkorus_tab_cut_content,,field_talkorus_tab_scheme_content,,field_talkorus_tab_purpose_content,,field_talkorus_tab_advantages_content,,field_talkorus_tab_docs_content,,field_talkorus_tab_video_content,,field_talkorus_tab_projects_content,700,field_talkorus_product_feature_icon,Быстрая сухая сборка,field_talkorus_product_feature_title,686,field_talkorus_product_feature_icon,Эффективная конвекция,field_talkorus_product_feature_title,685,field_talkorus_product_feature_icon,"Система ""Чистое стекло""",field_talkorus_product_feature_title,687,field_talkorus_product_feature_icon,Облицовка Talkorus,field_talkorus_product_feature_title,4,field_talkorus_product_features
985,simple,,,Теплонакопительная печь-камин Louhi – 20/1900 SA,1,0,visible,,"<p>Печь-камин Louhi для истинных любителей исконно старинного стиля. Она не подойдет каждому, но если печь вам заинтересовала, тогда не раздумывая заказывайте.</p><p>Вся наша фирменная продукция оснащена двухоборотной топкой, таким образом вы получаете максимальный КПД. Наши фирменные печи камины Talkorus славятся максимальным КПД сжигаемого топлива до 82%. При этом температура газов в дымоходе составляет 180-200°С из-за двухоборотной системы газоходов.</p><p>Перед отправкой печи-камина клиенту Талькорус проводит контрольную сборку, чтобы исключить брак и показать результаты нашей работы. После идёт разборка и упаковка в надёжные ящики. Далее мы ищем машину и отправляем до адреса.</p><p>Обратите внимание, что заказы, поступающие на производство, изготавливаются с нуля, поэтому в период сезона строительства учитывайте загруженность производства. Всю информацию вы сможете получить позвонив по номеру в шапке нашего сайта.</p><p>Наша компания развивается и недавно мы сделали сертификат “Сделано в Карелии”, теперь наша продукция представлена в интернет-магазине “Сделано в Карелии”</p><p>Как купить эффективную печь камин и не ошибиться? Позвоните в Талькорус, и мы поможем с выбором модели, а наши менеджеры расскажут про особенности нашей продукции.</p><p>В нижней части сайта talkorus представлены печи-камины, уже установленные на объектах заказчиков.</p>",,,taxable,,1,,,0,0,,,,1900,1,,,430070,"Для дома, Для дома > Печи-камины Talkorus, Для дома > Печи-камины Talkorus > Серия Лапландия",,,"https://demo.talkorus.ru/wp-content/uploads/2026/06/louhi-talkorus-3-3-optimized.jpg, https://demo.talkorus.ru/wp-content/uploads/2026/06/louhi-talkorus-2-optimized.jpg, https://demo.talkorus.ru/wp-content/uploads/2026/06/louhi-talkorus-optimized.jpg",,,,,,,,,22,,,Площадь обогрева,40-80 м²,1,1,,,,,,1900,field_69f20d9c512d1,Стиль,Модерн,1,1,Возможность готовить,Нет,1,1,,Расположение,Пристенное,1,1,,,field_talkorus_tab_description_heading,,field_talkorus_tab_description_content,Технические данные,field_talkorus_tab_technical_heading,"<p class=""p1""><b>Общие характеристики</b></p>
<p class=""p1"">Тепловой КПД</p>
<p class=""p1""><b>..... 82 %</b></p>
<p class=""p1"">Время тепловой отдачи</p>
<p class=""p1""><b>..... до 15 часов часов</b></p>
<p class=""p1"">Площадь обогрева</p>
<p class=""p1""><b>..... 40-80 м²</b></p>
<p class=""p1"">Время прогрева помещения</p>
<p class=""p1""><b>..... от 2 до 4 часов</b></p>
<p class=""p1"">Длина дров</p>
<p class=""p1""><b>..... 550 мм</b></p>
<p class=""p1"">Сечение дымохода</p>
<p class=""p1""><b>..... 130 мм</b></p>
<p class=""p1""><b>Характеристики топки</b></p>
<p class=""p1"">Тип</p>
<p class=""p1""><b>..... Вихревая подовая</b></p>
<p class=""p1"">Тепловая мощность</p>
<p class=""p1""><b>..... 20 кВт</b></p>
<p class=""p1"">Толщина топочного шамотного кирпича</p>
<p class=""p1""><b>..... 65 мм</b></p>
<p class=""p1"">Высота топки</p>
<p class=""p1""><b>..... 460 мм</b></p>
<p class=""p1"">Ширина топки</p>
<p class=""p1""><b>..... 240/350 мм</b></p>
<p class=""p1"">Глубина топки</p>
<p class=""p1""><b>..... 260 мм</b></p>
<p class=""p1"">Характеристики облицовки</p>
<p class=""p1""><b>Порода камня</b></p>
<p class=""p1"">..... Серпентинит</p>
<p class=""p1""><b>Вид обработки</b></p>
<p class=""p1"">..... БАРХАТ</p>
<p class=""p1""><b>Толщина облицовки</b></p>
<p class=""p1"">..... 50 мм</p>",field_talkorus_tab_technical_content,Размеры и вес,field_talkorus_tab_dimensions_heading,"<p class=""p1"">Высота</p>
<p class=""p1""><b>..... 1900 мм</b></p>
<p class=""p1"">Ширина</p>
<p class=""p1""><b>..... 780 мм</b></p>
<p class=""p1"">Глубина</p>
<p class=""p1""><b>..... 740 мм</b></p>
<p class=""p1"">Вес изделия толщиной 50мм</p>
<p class=""p1""><b>..... 1038 кг</b></p>
<p class=""p1"">Вес изделия толщиной 40мм</p>
<p class=""p1""><b>..... 906 кг</b></p>",field_talkorus_tab_dimensions_content,,field_talkorus_tab_cut_content,,field_talkorus_tab_scheme_content,,field_talkorus_tab_purpose_content,,field_talkorus_tab_advantages_content,,field_talkorus_tab_docs_content,,field_talkorus_tab_video_content,,field_talkorus_tab_projects_content,700,field_talkorus_product_feature_icon,Быстрая сухая сборка,field_talkorus_product_feature_title,686,field_talkorus_product_feature_icon,Эффективная конвекция,field_talkorus_product_feature_title,685,field_talkorus_product_feature_icon,"Система ""Чистое стекло""",field_talkorus_product_feature_title,687,field_talkorus_product_feature_icon,Облицовка Talkorus,field_talkorus_product_feature_title,4,field_talkorus_product_features
989,simple,,,Теплонакопительная печь-камин Tower – 20/1610,1,0,visible,,"<p>Печь-камин Tower–20/1610 — это модель, выполненная в “строгом” стиле и обладающая повышенной мощностью.</p><p>Каждое изделие Талькорус будет радовать своей эффективностью, долговечностью и экологичностью. При выборе камина нужно учесть количество камня. Чем его больше — тем больше вес, тем больше камин впитает тепла. Преимущество топки — конструкция. Она позволяет дымовым газам совершать дополнительный ход внутри конструкции самой топки. Данная печь и обогреет, и будет радовать внешним видом. Купив нашу продукцию, вы получите один из самых высоких КПД.</p><p>Перед тем, как упаковывать и отправлять изделие, мастера его собирают. Это нужно, чтобы убедиться, что детали исправны, а отопительный прибор работает нормально. Далее идет разборка, упаковка в надежные ящики. Доставка осуществляется “до двери”. После доставки Талькорус поможет с поиском монтажной организации, которая соберет и установит печь.</p>",,,taxable,,1,,,0,0,,,,1610,1,,,434570,"Для дома, Для дома > Печи-камины Talkorus, Для дома > Печи-камины Talkorus > Серия Лапландия",,,"https://demo.talkorus.ru/wp-content/uploads/2026/06/tower-1610-talkorus-2-2-optimized.jpg, https://demo.talkorus.ru/wp-content/uploads/2026/06/tower_2-optimized.jpg, https://demo.talkorus.ru/wp-content/uploads/2026/06/tower-1610-talkorus-2-2-768x549-optimized.jpg, https://demo.talkorus.ru/wp-content/uploads/2026/06/tower_2-768x549-optimized.jpg",,,,,,,,,23,,,Площадь обогрева,40-80 м²,1,1,,,,,,1610,field_69f20d9c512d1,Стиль,Модерн,1,1,Возможность готовить,Нет,1,1,,Расположение,Пристенное,1,1,,,field_talkorus_tab_description_heading,,field_talkorus_tab_description_content,Технические данные,field_talkorus_tab_technical_heading,"<p class=""p1""><b>Общие характеристики</b></p>
<p class=""p1"">Тепловой КПД</p>
<p class=""p1""><b>..... 82 %</b></p>
<p class=""p1"">Время тепловой отдачи</p>
<p class=""p1""><b>..... до 16 часов часов</b></p>
<p class=""p1"">Площадь обогрева</p>
<p class=""p1""><b>..... 40-80 м²</b></p>
<p class=""p1"">Время прогрева помещения</p>
<p class=""p1""><b>..... от 2 до 4 часов</b></p>
<p class=""p1"">Длина дров</p>
<p class=""p1""><b>..... 450 мм</b></p>
<p class=""p1"">Сечение дымохода</p>
<p class=""p1""><b>..... 130 мм</b></p>
<p class=""p1""><b>Характеристики топки</b></p>
<p class=""p1"">Тип</p>
<p class=""p1""><b>..... Вихревая подовая</b></p>
<p class=""p1"">Тепловая мощность</p>
<p class=""p1""><b>..... 20 кВт</b></p>
<p class=""p1"">Толщина топочного шамотного кирпича</p>
<p class=""p1""><b>..... 65 мм</b></p>
<p class=""p1"">Высота топки</p>
<p class=""p1""><b>..... 460 мм</b></p>
<p class=""p1"">Ширина топки</p>
<p class=""p1""><b>..... 240/350 мм</b></p>
<p class=""p1"">Глубина топки</p>
<p class=""p1""><b>..... 260 мм</b></p>
<p class=""p1"">Характеристики облицовки</p>
<p class=""p1""><b>Порода камня</b></p>
<p class=""p1"">..... Талькомагнезит</p>
<p class=""p1""><b>Вид обработки</b></p>
<p class=""p1"">..... ШЛИФОВКА</p>
<p class=""p1""><b>Толщина облицовки</b></p>
<p class=""p1"">..... 40 мм</p>",field_talkorus_tab_technical_content,Размеры и вес,field_talkorus_tab_dimensions_heading,"<p class=""p1"">Высота</p>
<p class=""p1""><b>..... 1610 мм</b></p>
<p class=""p1"">Ширина</p>
<p class=""p1""><b>..... 1030 мм</b></p>
<p class=""p1"">Глубина</p>
<p class=""p1""><b>..... 900 мм</b></p>
<p class=""p1"">Вес изделия толщиной 50мм</p>
<p class=""p1""><b>..... 1170 кг</b></p>
<p class=""p1"">Вес изделия толщиной 40мм</p>
<p class=""p1""><b>..... 1049 кг</b></p>",field_talkorus_tab_dimensions_content,,field_talkorus_tab_cut_content,,field_talkorus_tab_scheme_content,,field_talkorus_tab_purpose_content,,field_talkorus_tab_advantages_content,,field_talkorus_tab_docs_content,,field_talkorus_tab_video_content,,field_talkorus_tab_projects_content,700,field_talkorus_product_feature_icon,Быстрая сухая сборка,field_talkorus_product_feature_title,686,field_talkorus_product_feature_icon,Эффективная конвекция,field_talkorus_product_feature_title,685,field_talkorus_product_feature_icon,"Система ""Чистое стекло""",field_talkorus_product_feature_title,687,field_talkorus_product_feature_icon,Облицовка Talkorus,field_talkorus_product_feature_title,4,field_talkorus_product_features
994,simple,,,Теплонакопительная печь-камин Tower — 20/1610 R-50,1,0,visible,,"<p>Данная модель интересна строгим и брутальным дизайном. Рваные столбы придают печи-камину массивности. Данная модель выполнена из серпентинита. Но одним серпентинитом дело не ограничивается. Клиенты могут выбрать любую фактуру.</p><p>За счет конструктивных особенностей печи можно быстро прогреть помещение площадью 80 квадратов. Так же можно выводить тепло в смежное помещение или на второй этаж.</p><p>Продукция Талькорус работает в режиме длительного горения. Заполните топливник до 70% объема и cдвиньте зуб отбойника на минимум.</p><p>Наша компания также помогает найти монтажную бригаду для установки дымохода и сборки печи-камина.</p><p>После отгрузки вам необходимо заранее договориться с грузчиками, для аккуратной разгрузки.</p><p>Печь-камин приедет в разобранном виде аккуратно упакованный в деревянные ящики, а стальная топка будет стоять на отдельном поддоне.</p><p>Отзывы клиентов расположены на главной странице нашего сайта.</p><p>Талькорус дает гарантию на все изделия 3 года с момента покупки. Так же каждое изделие прошло добровольную сертификацию качества продукции.</p><p>При получении товара клиенты получают на руки паспорт изделия, сертификаты качества и гарантийный талон.</p><p>Обязательно перед заказом, обратитесь к менеджеру Талькорус для уточнения нюансов.</p><p>Благодаря сложному устройству топки, вы добьётесь максимального КПД.</p>",,,taxable,,1,,,0,0,,,,1610,1,,,434690,"Для дома, Для дома > Печи-камины Talkorus, Для дома > Печи-камины Talkorus > Серия Лапландия",,,"https://demo.talkorus.ru/wp-content/uploads/2026/06/tower-20-1610-sa3-optimized.webp, https://demo.talkorus.ru/wp-content/uploads/2026/06/tower-20-1610-sa2-optimized.webp, https://demo.talkorus.ru/wp-content/uploads/2026/06/tower-20-1610-sa-optimized.jpg",,,,,,,,,24,,,Площадь обогрева,40-80 м²,1,1,,,,,,1610,field_69f20d9c512d1,Стиль,Модерн,1,1,Возможность готовить,Нет,1,1,,Расположение,Пристенное,1,1,,,field_talkorus_tab_description_heading,,field_talkorus_tab_description_content,Технические данные,field_talkorus_tab_technical_heading,"<p class=""p1""><b>Общие характеристики</b></p>
<p class=""p1"">Тепловой КПД</p>
<p class=""p1""><b>..... 82 %</b></p>
<p class=""p1"">Время тепловой отдачи</p>
<p class=""p1""><b>..... до 16 часов</b></p>
<p class=""p1"">Площадь обогрева</p>
<p class=""p1""><b>..... 40-80 м²</b></p>
<p class=""p1"">Время прогрева помещения</p>
<p class=""p1""><b>..... от 2 до 4 часов</b></p>
<p class=""p1"">Длина дров</p>
<p class=""p1""><b>..... 400 мм</b></p>
<p class=""p1"">Сечение дымохода</p>
<p class=""p1""><b>..... 130 мм</b></p>
<p class=""p1""><b>Характеристики топки</b></p>
<p class=""p1"">Тип</p>
<p class=""p1""><b>..... Вихревая подовая</b></p>
<p class=""p1"">Тепловая мощность</p>
<p class=""p1""><b>..... 20 кВт</b></p>
<p class=""p1"">Толщина топочного шамотного кирпича</p>
<p class=""p1""><b>..... 65 мм</b></p>
<p class=""p1"">Высота топки</p>
<p class=""p1""><b>..... 460 мм</b></p>
<p class=""p1"">Ширина топки</p>
<p class=""p1""><b>..... 240/350 мм</b></p>
<p class=""p1"">Глубина топки</p>
<p class=""p1""><b>..... 260 мм</b></p>
<p class=""p1"">Характеристики облицовки</p>
<p class=""p1""><b>Порода камня</b></p>
<p class=""p1"">..... Серпентинит</p>
<p class=""p1""><b>Вид обработки</b></p>
<p class=""p1"">..... БАРХАТ</p>
<p class=""p1""><b>Толщина облицовки</b></p>
<p class=""p1"">..... 40 мм</p>",field_talkorus_tab_technical_content,Размеры и вес,field_talkorus_tab_dimensions_heading,"<p class=""p1"">Высота</p>
<p class=""p1""><b>..... 1610 мм</b></p>
<p class=""p1"">Ширина</p>
<p class=""p1""><b>..... 970 мм</b></p>
<p class=""p1"">Глубина</p>
<p class=""p1""><b>..... 810 мм</b></p>
<p class=""p1"">Вес изделия толщиной 50мм</p>
<p class=""p1""><b>..... 1040 кг</b></p>
<p class=""p1"">Вес изделия толщиной 40мм</p>
<p class=""p1""><b>..... 920 кг</b></p>",field_talkorus_tab_dimensions_content,,field_talkorus_tab_cut_content,,field_talkorus_tab_scheme_content,,field_talkorus_tab_purpose_content,,field_talkorus_tab_advantages_content,,field_talkorus_tab_docs_content,,field_talkorus_tab_video_content,,field_talkorus_tab_projects_content,700,field_talkorus_product_feature_icon,Быстрая сухая сборка,field_talkorus_product_feature_title,686,field_talkorus_product_feature_icon,Эффективная конвекция,field_talkorus_product_feature_title,685,field_talkorus_product_feature_icon,"Система ""Чистое стекло""",field_talkorus_product_feature_title,687,field_talkorus_product_feature_icon,Облицовка Talkorus,field_talkorus_product_feature_title,4,field_talkorus_product_features
998,simple,,,Теплонакопительная печь-камин Nasto 20/1550 R80,1,0,visible,,"<p class=""p1"">• Мощность: 20 кВт<br />• Материал облицовки: серпентинит, толщина панелей 40 мм<br />• Финиш: антик (щёточная обработка)<br />• Габариты (В×Ш×Г): 1550 × 920 × 740 мм<br />• Вес (при толщине 40 мм): ~918 кг<br />• Особенности: скруглённые кромки и пояса с радиусом R80, спокойная конвекция и длительная каменная инерция</p><p class=""p1"">«Nasto – 20/1550 R80» — теплонакопительная печь-камин TALKORUS из натурального серпентинита для домов с постоянным проживанием и камерных общественных пространств. Модель сочетает живой огонь с мощной каменной инерцией: в активной фазе быстро разгоняет объём, а после прогорания закладки долго держит мягкий тепловой фон, который воспринимается телом естественно и не пересушивает воздух.</p><p class=""p1"">Принцип работы<br />Вместо тонкого металлического корпуса, который мгновенно остывает, «Nasto» заключён в массив натурального камня толщиной 40 мм. Серпентинит принимает на себя избыточную энергию при горении и отдаёт её плавно — мягким инфракрасным излучением. Благодаря этому температура в комнате не падает рывком, а держится «длинной волной», сглаживая пики и впадины. Естественная конвекция вдоль стенок корпуса помогает быстрее выйти на рабочий режим, после чего главную роль берёт на себя каменная масса.</p><p class=""p1"">Материалы и финиш<br />Серпентинит — плотная, термостойкая порода с благородной серо-зелёной гаммой и выразительной природной графикой. Финиш антик (щёточная обработка) подчёркивает рисунок и делает поверхность практичной: на ней менее заметны следы повседневной эксплуатации, а тактильно камень ощущается «тёплым». Полировка не требуется — материал работает сам по себе, не нуждаясь в лаках и плёнках. Панели имеют аккуратные фаски, что снижает риск сколов на кромках.</p><p class=""p1"">Геометрия R80 и дизайн<br />Индекс R80 указывает на крупные радиусы скругления по периметру: каменные кромки и пояса «снимают» жесткость квадратной формы, делают силуэт визуально мягким и безопасным на касание. Ритм горизонтальных поясов распределяет массу по высоте 1550 мм, а узкие вертикальные вставки создают спокойную графику фасада. Большая дверца со стеклом открывает панорамный вид на огонь — пламя становится эмоциональным центром комнаты.</p><p class=""p1"">Габариты, масса и размещение<br />Высота 1550 мм, ширина 920 мм и глубина 740 мм формируют устойчивое основание и удобную посадку у капитальной стены или в угловой зоне с верхним подключением дымохода. Масса порядка 918 кг требует ровного, прочного основания; в проекте закладывают распределяющую нагрузку площадку и негорючий экран пола перед дверцей. Для сервисного доступа предусмотрите свободные зоны сбоку и сверху — обслуживание не должно требовать демонтажа элементов интерьера.</p><p class=""p1"">Тепловое поведение<br />Номинальная мощность 20 кВт обеспечивает уверенный прогрев дома среднего метража, а каменная инерция поддерживает комфорт многие часы без частых подбросов. Когда огонь активен, массив серпентинита «съедает» излишек энергии и не даёт стенам перегреваться; когда пламя гаснет — отдаёт накопленное, поддерживая ровный фон. Такой характер ощущается как «бархатное» тепло, особенно приятное в межсезонье и при частых проветриваниях.</p><p class=""p1"">Удобство эксплуатации и уход<br />Широкая дверца упрощает закладку дров, герметичный контур поддерживает стабильную тягу, а каменная облицовка сохраняет внешний вид годами. Уход за финишем «антик» — мягкая сухая или слегка влажная салфетка без абразивов и кислот. Для практики удобно предусмотреть небольшой каменный или металлический коврик перед дверцей.</p><p class=""p1"">Сочетаемость в интерьере<br />Темная гамма серпентинита подчёркивает натуральные материалы — термодревесину, микробетон, минеральные штукатурки, натуральные ткани. Достаточно боковой тёплой подсветки, чтобы фактура камня «заиграла», а радиусы R80 визуально смягчили массив. «Nasto» одинаково уместен в скандии-минимализме и в более классических пространствах.</p><p class=""p1"">Монтаж: важные моменты<br />Соблюдайте требования к основанию и дымоходу, оставляйте компенсационные зазоры до стен и мебели, защищайте пол перед дверцей негорючим материалом. Привяжите линию верхнего пояса к горизонтам окна или мебели — камин визуально «встроится» в архитектуру помещения. Используйте сухие дрова и корректную высоту дымохода согласно паспорту — это гарантия равномерной работы и чистого стекла.</p><p class=""p1"">Итог<br />«Nasto – 20/1550 R80» — каменная печь-камин с мощностью 20 кВт, крупными радиусами и массивом из серпентинита в щёточной обработке «антик». Габариты 1550×920×740 мм и масса около 918 кг дают устойчивость и длительную теплоотдачу, а огонь в большой дверце собирает пространство в уютный, «длинный» вечер.</p>",,,taxable,,1,,,0,0,,,,1500,1,,,435100,"Для дома, Для дома > Печи-камины Talkorus, Для дома > Печи-камины Talkorus > Серия Лапландия",,,"https://demo.talkorus.ru/wp-content/uploads/2026/06/pech-kamin-nasto-20-1550-talkorus-1-optimized.webp, https://demo.talkorus.ru/wp-content/uploads/2026/06/pech-kamin-nasto-20-1550-talkorus-2-optimized.webp, https://demo.talkorus.ru/wp-content/uploads/2026/06/pech-kamin-nasto-20-1550-talkorus-3-optimized.webp, https://demo.talkorus.ru/wp-content/uploads/2026/06/pech-kamin-nasto-20-1550-talkorus.ru-01-1-optimized.webp, https://demo.talkorus.ru/wp-content/uploads/2026/06/pech-kamin-nasto-20-1550-talkorus.ru-01-2-optimized.webp, https://demo.talkorus.ru/wp-content/uploads/2026/06/pech-kamin-nasto-20-1550-talkorus.ru-01-3-optimized.webp, https://demo.talkorus.ru/wp-content/uploads/2026/06/pech-kamin-nasto-20-1550-talkorus-1-768x560-optimized.webp, https://demo.talkorus.ru/wp-content/uploads/2026/06/pech-kamin-nasto-20-1550-talkorus-2-768x560-optimized.webp, https://demo.talkorus.ru/wp-content/uploads/2026/06/pech-kamin-nasto-20-1550-talkorus-3-768x560-optimized.webp, https://demo.talkorus.ru/wp-content/uploads/2026/06/pech-kamin-nasto-20-1550-talkorus.ru-01-1-768x560-optimized.webp, https://demo.talkorus.ru/wp-content/uploads/2026/06/pech-kamin-nasto-20-1550-talkorus.ru-01-2-768x560-optimized.webp, https://demo.talkorus.ru/wp-content/uploads/2026/06/pech-kamin-nasto-20-1550-talkorus.ru-01-3-768x560-optimized.webp",,,,,,,,,25,,,Площадь обогрева,40-80 м²,1,1,,,,,,1500,field_69f20d9c512d1,Стиль,Классика,1,1,Возможность готовить,Нет,1,1,,Расположение,Пристенное,1,1,,,field_talkorus_tab_description_heading,,field_talkorus_tab_description_content,Технические данные,field_talkorus_tab_technical_heading,"<p class=""p1""><b>Общие характеристики</b></p>
<p class=""p1"">Тепловой КПД</p>
<p class=""p1""><b>..... 82 %</b></p>
<p class=""p1"">Время тепловой отдачи</p>
<p class=""p1""><b>..... 14 часов часов</b></p>
<p class=""p1"">Площадь обогрева</p>
<p class=""p1""><b>..... 40-80 м²</b></p>
<p class=""p1"">Время прогрева помещения</p>
<p class=""p1""><b>..... от 1 до 3 часов</b></p>
<p class=""p1"">Длина дров</p>
<p class=""p1""><b>..... 400 мм</b></p>
<p class=""p1"">Сечение дымохода</p>
<p class=""p1""><b>..... 130 мм</b></p>
<p class=""p1""><b>Характеристики топки</b></p>
<p class=""p1"">Тип</p>
<p class=""p1""><b>..... Вихревая подовая</b></p>
<p class=""p1"">Тепловая мощность</p>
<p class=""p1""><b>..... 20 кВт</b></p>
<p class=""p1"">Толщина топочного шамотного кирпича</p>
<p class=""p1""><b>..... 65 мм</b></p>
<p class=""p1"">Высота топки</p>
<p class=""p1""><b>..... 460 мм</b></p>
<p class=""p1"">Ширина топки</p>
<p class=""p1""><b>..... 240/350 мм</b></p>
<p class=""p1"">Глубина топки</p>
<p class=""p1""><b>..... 260 мм</b></p>
<p class=""p1"">Характеристики облицовки</p>
<p class=""p1""><b>Порода камня</b></p>
<p class=""p1"">..... Серпентинит</p>
<p class=""p1""><b>Вид обработки</b></p>
<p class=""p1"">..... БАРХАТ</p>
<p class=""p1""><b>Толщина облицовки</b></p>
<p class=""p1"">..... 40 мм</p>",field_talkorus_tab_technical_content,Размеры и вес,field_talkorus_tab_dimensions_heading,"<p class=""p1"">Высота</p>
<p class=""p1""><b>..... 1500 мм</b></p>
<p class=""p1"">Ширина</p>
<p class=""p1""><b>..... 920 мм</b></p>
<p class=""p1"">Глубина</p>
<p class=""p1""><b>..... 740 мм</b></p>
<p class=""p1"">Вес изделия толщиной 50мм</p>
<p class=""p1""><b>..... 1026 кг</b></p>
<p class=""p1"">Вес изделия толщиной 40мм</p>
<p class=""p1""><b>..... 918 кг</b></p>",field_talkorus_tab_dimensions_content,,field_talkorus_tab_cut_content,,field_talkorus_tab_scheme_content,,field_talkorus_tab_purpose_content,,field_talkorus_tab_advantages_content,,field_talkorus_tab_docs_content,,field_talkorus_tab_video_content,,field_talkorus_tab_projects_content,700,field_talkorus_product_feature_icon,Быстрая сухая сборка,field_talkorus_product_feature_title,686,field_talkorus_product_feature_icon,Эффективная конвекция,field_talkorus_product_feature_title,685,field_talkorus_product_feature_icon,"Система ""Чистое стекло""",field_talkorus_product_feature_title,687,field_talkorus_product_feature_icon,Облицовка Talkorus,field_talkorus_product_feature_title,4,field_talkorus_product_features
1011,simple,,,Теплонакопительная печь-камин Katarina 20/1720 SA,1,0,visible,,"<p>Теплонакопительная печь-камин Katarina 20 1720 — это одновременно и функциональность, и эффективность, и стильный дизайн. Эта печь-камин с облицовкой в античном стиле легко дополнит интерьер, добавив оформлению элегантности.</p><p>Katarina 20 1720 оснащена инновационной системой «Чистое стекло», которая предотвращает загрязнение стекла во время работы. Это означает, что вы можете наслаждаться завораживающим видом пламени без необходимости постоянно мыть стекло.</p><p>Одно из главных преимуществ печи-камина Katarina 20 1720 — сухая сборка. Вы сможете установить камин в доме за 2 часа без необходимости приглашать сборщиков. Запатентованная система сборки позволяет сделать этот процесс быстрым и легким.</p><p>Печь-камин Katarina 20 1720 оснащена конвекционной системой, которая обеспечивает равномерное распространение тепла по всему помещению. Благодаря этому вы сможете наслаждаться теплом и уютом в любом уголке дома. Никаких холодных зон и неравномерного обогрева — только комфортное тепло.</p><p>Время прогрева помещения составляет 2-4 часа. За счет этого можно быстро создать комфортную температуру в доме. Помимо этого печь-камин Katarina 20 1720 имеет повышенное время теплоотдачи — до 14 часов. Это означает, что комфортный микроклимат будет поддерживаться даже после окончания горения.</p><p>Внешняя облицовка камина выполнена из серпентинита природного происхождения. Преимущество такой облицовки заключается в ее теплоотдаче и теплопроводности. Теплопроводность обеспечивает повышенную мощность при небольшом расходе дров. Серпентинитовая облицовка также обладает устойчивостью к повышенным температурам, износостойкостью и долговечностью, что гарантирует срок службы печи до 20 лет.</p>",,,taxable,,1,,,0,0,,,,1720,1,,,440000,"Для дома, Для дома > Печи-камины Talkorus, Для дома > Печи-камины Talkorus > Серия Лапландия",,,"https://demo.talkorus.ru/wp-content/uploads/2026/06/katarina-20-talkorus-optimized.jpg, https://demo.talkorus.ru/wp-content/uploads/2026/06/katarina-20-talkorus1-optimized.jpg, https://demo.talkorus.ru/wp-content/uploads/2026/06/katarina-20-talkorus2-optimized.jpg",,,,,,,,,26,,,Площадь обогрева,40-80 м²,1,1,,,,,,1720,field_69f20d9c512d1,Стиль,Модерн,1,1,Возможность готовить,Нет,1,1,,Расположение,Пристенное,1,1,,,field_talkorus_tab_description_heading,,field_talkorus_tab_description_content,Технические данные,field_talkorus_tab_technical_heading,"<p class=""p1""><b>Общие характеристики</b></p>
<p class=""p1"">Тепловой КПД</p>
<p class=""p1""><b>..... 82 %</b></p>
<p class=""p1"">Время тепловой отдачи</p>
<p class=""p1""><b>..... 14 часов часов</b></p>
<p class=""p1"">Площадь обогрева</p>
<p class=""p1""><b>..... 40-80 м²</b></p>
<p class=""p1"">Время прогрева помещения</p>
<p class=""p1""><b>..... от 2 до 4 часов</b></p>
<p class=""p1"">Длина дров</p>
<p class=""p1""><b>..... 400 мм</b></p>
<p class=""p1"">Сечение дымохода</p>
<p class=""p1""><b>..... 130 мм</b></p>
<p class=""p1""><b>Характеристики топки</b></p>
<p class=""p1"">Тип</p>
<p class=""p1""><b>..... Вихревая подовая</b></p>
<p class=""p1"">Тепловая мощность</p>
<p class=""p1""><b>..... 20 кВт</b></p>
<p class=""p1"">Толщина топочного шамотного кирпича</p>
<p class=""p1""><b>..... 65 мм</b></p>
<p class=""p1"">Высота топки</p>
<p class=""p1""><b>..... 460 мм</b></p>
<p class=""p1"">Ширина топки</p>
<p class=""p1""><b>..... 240/350 мм</b></p>
<p class=""p1"">Глубина топки</p>
<p class=""p1""><b>..... 260 мм</b></p>
<p class=""p1"">Характеристики облицовки</p>
<p class=""p1""><b>Порода камня</b></p>
<p class=""p1"">..... Серпентинит</p>
<p class=""p1""><b>Вид обработки</b></p>
<p class=""p1"">..... БАРХАТ</p>
<p class=""p1""><b>Толщина облицовки</b></p>
<p class=""p1"">..... 40 мм</p>",field_talkorus_tab_technical_content,Размеры и вес,field_talkorus_tab_dimensions_heading,"<p class=""p1"">Высота</p>
<p class=""p1""><b>..... 1720 мм</b></p>
<p class=""p1"">Ширина</p>
<p class=""p1""><b>..... 780 мм</b></p>
<p class=""p1"">Глубина</p>
<p class=""p1""><b>..... 760 мм</b></p>
<p class=""p1"">Вес изделия толщиной 50мм</p>
<p class=""p1""><b>..... 1043 кг</b></p>
<p class=""p1"">Вес изделия толщиной 40мм</p>
<p class=""p1""><b>..... 933 кг</b></p>",field_talkorus_tab_dimensions_content,,field_talkorus_tab_cut_content,,field_talkorus_tab_scheme_content,,field_talkorus_tab_purpose_content,,field_talkorus_tab_advantages_content,,field_talkorus_tab_docs_content,,field_talkorus_tab_video_content,,field_talkorus_tab_projects_content,700,field_talkorus_product_feature_icon,Быстрая сухая сборка,field_talkorus_product_feature_title,686,field_talkorus_product_feature_icon,Эффективная конвекция,field_talkorus_product_feature_title,685,field_talkorus_product_feature_icon,"Система ""Чистое стекло""",field_talkorus_product_feature_title,687,field_talkorus_product_feature_icon,Облицовка Talkorus,field_talkorus_product_feature_title,4,field_talkorus_product_features
1015,simple,,,Теплонакопительная печь-камин Louhi – 20/1900 LSP,1,0,visible,,"<p>Печь-камин Louhi для истинных любителей исконно старинного стиля. Она не подойдет каждому, но если печь вам заинтересовала, тогда не раздумывая заказывайте.</p><p>Вся наша фирменная продукция оснащена двухоборотной топкой, таким образом вы получаете максимальный КПД. Наши фирменные печи камины Talkorus славятся максимальным КПД сжигаемого топлива до 82%. При этом температура газов в дымоходе составляет до 200°С из-за двухоборотной системы газоходов.</p><p>Перед отправкой печи-камина клиенту Талькорус проводит контрольную сборку, чтобы исключить брак и показать результаты нашей работы. После идёт разборка и упаковка в надёжные ящики.</p><p>Обратите внимание, что заказы, поступающие на производство, изготавливаются с нуля, поэтому в период сезона строительства учитывайте загруженность производства. Всю информацию вы сможете получить позвонив по номеру в шапке нашего сайта.</p><p>Наша компания развивается и недавно мы сделали сертификат “Сделано в Карелии”, теперь наша продукция представлена в интернет-магазине “Сделано в Карелии”</p><p>Как купить эффективную печь камин и не ошибиться? Позвоните в Талькорус, и мы поможем с выбором модели, а наши менеджеры расскажут про особенности нашей продукции.</p><p>В нижней части сайта talkorus представлены печи-камины, уже установленные на объектах заказчиков.</p>",,,taxable,,1,,,0,0,,,,1900,1,,,446960,"Для дома, Для дома > Печи-камины Talkorus, Для дома > Печи-камины Talkorus > Серия Лапландия",,,"https://demo.talkorus.ru/wp-content/uploads/2026/06/lohi-talkorus-optimized.jpg, https://demo.talkorus.ru/wp-content/uploads/2026/06/lohi-talkorus2-optimized.jpg, https://demo.talkorus.ru/wp-content/uploads/2026/06/lohi-talkorus3-optimized.jpg",,,,,,,,,27,,,Площадь обогрева,40-80 м²,1,1,,,,,,1900,field_69f20d9c512d1,Стиль,Эксклюзив,1,1,Возможность готовить,Нет,1,1,,Расположение,Пристенное,1,1,,,field_talkorus_tab_description_heading,,field_talkorus_tab_description_content,Технические данные,field_talkorus_tab_technical_heading,"<p class=""p1""><b>Общие характеристики</b></p>
<p class=""p1"">Тепловой КПД</p>
<p class=""p1""><b>..... 82 %</b></p>
<p class=""p1"">Время тепловой отдачи</p>
<p class=""p1""><b>..... до 18 часов часов</b></p>
<p class=""p1"">Площадь обогрева</p>
<p class=""p1""><b>..... 40-80 м²</b></p>
<p class=""p1"">Время прогрева помещения</p>
<p class=""p1""><b>..... от 2 до 4 часов</b></p>
<p class=""p1"">Длина дров</p>
<p class=""p1""><b>..... 550 мм</b></p>
<p class=""p1"">Сечение дымохода</p>
<p class=""p1""><b>..... 130 мм</b></p>
<p class=""p1""><b>Характеристики топки</b></p>
<p class=""p1"">Тип</p>
<p class=""p1""><b>..... Вихревая подовая</b></p>
<p class=""p1"">Тепловая мощность</p>
<p class=""p1""><b>..... 20 кВт</b></p>
<p class=""p1"">Толщина топочного шамотного кирпича</p>
<p class=""p1""><b>..... 65 мм</b></p>
<p class=""p1"">Высота топки</p>
<p class=""p1""><b>..... 460 мм</b></p>
<p class=""p1"">Ширина топки</p>
<p class=""p1""><b>..... 240/350 мм</b></p>
<p class=""p1"">Глубина топки</p>
<p class=""p1""><b>..... 260 мм</b></p>
<p class=""p1"">Характеристики облицовки</p>
<p class=""p1""><b>Порода камня</b></p>
<p class=""p1"">..... Серпентинит</p>
<p class=""p1""><b>Вид обработки</b></p>
<p class=""p1"">..... БАРХАТ</p>
<p class=""p1""><b>Толщина облицовки</b></p>
<p class=""p1"">..... 40 мм</p>",field_talkorus_tab_technical_content,Размеры и вес,field_talkorus_tab_dimensions_heading,"<p class=""p1"">Высота</p>
<p class=""p1""><b>..... 1900 мм</b></p>
<p class=""p1"">Ширина</p>
<p class=""p1""><b>..... 780 мм</b></p>
<p class=""p1"">Глубина</p>
<p class=""p1""><b>..... 740 мм</b></p>
<p class=""p1"">Вес изделия толщиной 50мм</p>
<p class=""p1""><b>..... 1038 кг</b></p>
<p class=""p1"">Вес изделия толщиной 40мм</p>
<p class=""p1""><b>..... 906 кг</b></p>",field_talkorus_tab_dimensions_content,,field_talkorus_tab_cut_content,,field_talkorus_tab_scheme_content,,field_talkorus_tab_purpose_content,,field_talkorus_tab_advantages_content,,field_talkorus_tab_docs_content,,field_talkorus_tab_video_content,,field_talkorus_tab_projects_content,700,field_talkorus_product_feature_icon,Быстрая сухая сборка,field_talkorus_product_feature_title,686,field_talkorus_product_feature_icon,Эффективная конвекция,field_talkorus_product_feature_title,685,field_talkorus_product_feature_icon,"Система ""Чистое стекло""",field_talkorus_product_feature_title,687,field_talkorus_product_feature_icon,Облицовка Talkorus,field_talkorus_product_feature_title,4,field_talkorus_product_features
1019,simple,,,Теплонакопительная печь-камин Kinerma 20/1600 SA,1,0,visible,,"<p class=""p1"">• Назначение: обогрев помещений 40–80 м²<br />• Мощность: 20 кВт<br />• Материал облицовки: серпентинит, финиш «антик» (щёточная обработка)<br />• Габариты (В×Ш×Г): 1600 × 870 × 760 мм</p><p class=""p1"">«Kinerma 20/1600 SA» — мощная теплонакопительная печь-камин TALKORUS для частного дома, гостевого домика или комнаты отдыха, где требуется уверенный прогрев и долгая, ровная теплоотдача. Модель рассчитана на площади от 40 до 80 м² и сочетает живой огонь с полноценной каменной инерцией — когда тепло чувствуется ещё долго после прогорания топки, а воздух в помещении остаётся комфортным и не пересушенным.</p><p class=""p1"">Принцип работы теплонакопительной печи-камина<br />Ключевое отличие от лёгких металлических каминов — массив из природного камня. Оболочка из серпентинита толстым слоем покрывает корпус, забирая на себя избыточную энергию в пике горения и отдавая её плавно в течение многих часов. Такое сочетание инфракрасного излучения от камня и продуманной естественной конвекции по корпусу даёт устойчивый, «бархатный» тепловой фон без резких перепадов и перегретых зон.</p><p class=""p1"">Конструкция и материалы<br />Серпентинит — плотная, устойчивая к температурным циклам порода с благородной серо-зелёной гаммой и узнаваемым рисунком. Финиш антик (щёточная обработка) подчёркивает природную фактуру, делает поверхность тактильно тёплой и практичной — следы повседневного использования менее заметны, уход не требует специальных средств. Высокий корпус собран крупными панелями с аккуратными фасками; нижний и верхний каменные пояса «собирают» силуэт и визуально стабилизируют объём.</p><p class=""p1"">Дизайн: высокий формат 1600 мм<br />Пропорции 1600 × 870 × 760 мм создают выразительную вертикаль, которая хорошо работает в гостиной с панорамным остеклением или в комнате отдыха у бани. Большая дверца со стеклом открывает широкий обзор огня и делает камин центром композиции. На боковых плоскостях предусмотрены удобные технологические элементы обслуживания; округлённые кромки и фаски делают массив визуально «мягче», а камень — безопасно тактильным.</p><p class=""p1"">Тепловое поведение и режимы<br />Номинальная мощность — 20 кВт, поэтому «Kinerma 20/1600 SA» уверенно тянет помещения 40–80 м². Выйти на режим помогает грамотная конвекция вокруг корпуса: тёплый воздух естественно поднимается вдоль камня, быстро разгоняя объём. Как только активная фаза прогорает, вступает в силу каменная инерция — помещение не «остывает» рывком, а держит комфортные значения многие часы. Такой характер особенно ценят в межсезонье и зимой при частых проветриваниях.</p><p class=""p1"">Размещение и подключение<br />Ширина 870 мм и глубина 760 мм дают устойчивое основание и удобную посадку у капитальной стены, в углу или в центре зоны с верхним дымоходом. В проекте следует предусмотреть ровную прочную базу, компенсационные зазоры до стен, негорючую площадку перед дверцей, а также прямой доступ к ревизии канала. Высота 1600 мм органично привязывается к горизонтам мебели и подоконников; печь легко вписывается в планировку без потери полезной площади.</p><p class=""p1"">Удобство эксплуатации<br />Крупная дверца упрощает закладку, а каменный корпус сохраняет внешний вид годами — «антик» скрывает микроследы. Очистка — мягкая сухая или слегка влажная салфетка без абразивов и кислот. Никаких лаков не требуется: натуральная поверхность серпентинита сама по себе стойкая и эстетичная. При желании можно предусмотреть защитный коврик на полу в зоне обслуживания — это практично в активный сезон.</p><p class=""p1"">Сценарии применения<br />— Основной источник тепла для дома 40–80 м² в межсезонье и поддерживающий — зимой.<br />— Гостевой дом/шале: быстрый «сбор» тепла после приезда и долгий комфорт без постоянных подбросов.<br />— Комната отдыха при бане: мягкое, ненавязчивое тепло и визуальный центр интерьера.</p><p class=""p1"">Сочетаемость в интерьере<br />Серпентинит в щёточной обработке хорошо дружит с термодревесиной, минеральными штукатурками, микробетоном и натуральным текстилем. Достаточно тёплой боковой подсветки, чтобы фактура заиграла и камень стал живым объёмом. В минималистичных пространствах «Kinerma» работает как самостоятельный объект, в классических — поддерживает архитектуру без визуального перегруза.</p><p class=""p1"">Экономичность и рациональность<br />Теплонакопление делает использование топлива эффективнее: энергия закладки не уходит в дымоход мгновенно, а превращается в длительное мягкое излучение. Меньше подбросов — меньше хлопот, при том же уровне комфорта. При грамотной тяге и сухих дровах система показывает ровную, предсказуемую работу изо дня в день.</p><p class=""p1"">Монтаж: на что обратить внимание<br />Соблюдайте рекомендации по основанию и дымоходу, обеспечивайте компенсационные зазоры, защищайте пол перед дверцей негорючим материалом. Привяжите высоту верхнего пояса к линии окон/полок — печь визуально «встроится» в архитектуру. Для сервисного доступа оставьте пространство сбоку и сверху, чтобы обслуживание не требовало демонтажа элементов.</p><p class=""p1"">Кому подойдёт «Kinerma 20/1600 SA»<br />Владельцам домов среднего метража, ценящим живой огонь и длительное каменное тепло без «пилообразной» динамики. Тем, кто хочет объект, который одинаково уместен и в современном скандии-интерьере, и в тёплом классическом окружении, и который будет радовать не один сезон.</p><p class=""p1"">Итог<br />«Kinerma 20/1600 SA» — это 20 кВт тепла, высокий формат 1600 мм и натуральный серпентинит в практичном финише «антик». Печь-камин быстро выводит дом на комфорт и надолго удерживает его, оставаясь архитектурным центром и надежным источником мягкого, «человечного» тепла.</p>",,,taxable,,1,,,0,0,,,,1600,1,,,447360,"Для дома, Для дома > Печи-камины Talkorus, Для дома > Печи-камины Talkorus > Серия Лапландия",,,"https://demo.talkorus.ru/wp-content/uploads/2026/06/pech-kamin-kinerma-20-1600-sa-talkorus.ru_-optimized.webp, https://demo.talkorus.ru/wp-content/uploads/2026/06/pech-kamin-kinerma-20-1600-sa-talkorus.ru-1-optimized.webp, https://demo.talkorus.ru/wp-content/uploads/2026/06/pech-kamin-kinerma-20-1600-sa-talkorus.ru-2-optimized.webp, https://demo.talkorus.ru/wp-content/uploads/2026/06/pech-kamin-kinerma-20-1600-sa-talkorus-1-optimized.webp, https://demo.talkorus.ru/wp-content/uploads/2026/06/pech-kamin-kinerma-20-1600-sa-talkorus-2-optimized.webp, https://demo.talkorus.ru/wp-content/uploads/2026/06/pech-kamin-kinerma-20-1600-sa-talkorus-3-optimized.webp, https://demo.talkorus.ru/wp-content/uploads/2026/06/pech-kamin-kinerma-20-1600-sa-talkorus.ru_-768x560-optimized.webp, https://demo.talkorus.ru/wp-content/uploads/2026/06/pech-kamin-kinerma-20-1600-sa-talkorus.ru-1-768x560-optimized.webp, https://demo.talkorus.ru/wp-content/uploads/2026/06/pech-kamin-kinerma-20-1600-sa-talkorus.ru-2-768x560-optimized.webp, https://demo.talkorus.ru/wp-content/uploads/2026/06/pech-kamin-kinerma-20-1600-sa-talkorus-1-768x560-optimized.webp, https://demo.talkorus.ru/wp-content/uploads/2026/06/pech-kamin-kinerma-20-1600-sa-talkorus-2-768x560-optimized.webp, https://demo.talkorus.ru/wp-content/uploads/2026/06/pech-kamin-kinerma-20-1600-sa-talkorus-3-768x560-optimized.webp",,,,,,,,,28,,,Площадь обогрева,40-80 м²,1,1,,,,,,1600,field_69f20d9c512d1,Стиль,Классика,1,1,Возможность готовить,Нет,1,1,,Расположение,Пристенное,1,1,,,field_talkorus_tab_description_heading,,field_talkorus_tab_description_content,Технические данные,field_talkorus_tab_technical_heading,"<p class=""p1""><b>Общие характеристики</b></p>
<p class=""p1"">Тепловой КПД</p>
<p class=""p1""><b>..... 82 %</b></p>
<p class=""p1"">Время тепловой отдачи</p>
<p class=""p1""><b>..... 16 часов часов</b></p>
<p class=""p1"">Площадь обогрева</p>
<p class=""p1""><b>..... 40-80 м²</b></p>
<p class=""p1"">Время прогрева помещения</p>
<p class=""p1""><b>..... от 1 до 3 часов</b></p>
<p class=""p1"">Длина дров</p>
<p class=""p1""><b>..... 400 мм</b></p>
<p class=""p1"">Сечение дымохода</p>
<p class=""p1""><b>..... 130 мм</b></p>
<p class=""p1""><b>Характеристики топки</b></p>
<p class=""p1"">Тип</p>
<p class=""p1""><b>..... Вихревая подовая</b></p>
<p class=""p1"">Тепловая мощность</p>
<p class=""p1""><b>..... 20 кВт</b></p>
<p class=""p1"">Толщина топочного шамотного кирпича</p>
<p class=""p1""><b>..... 65 мм</b></p>
<p class=""p1"">Высота топки</p>
<p class=""p1""><b>..... 460 мм</b></p>
<p class=""p1"">Ширина топки</p>
<p class=""p1""><b>..... 240/350 мм</b></p>
<p class=""p1"">Глубина топки</p>
<p class=""p1""><b>..... 260 мм</b></p>
<p class=""p1"">Характеристики облицовки</p>
<p class=""p1""><b>Порода камня</b></p>
<p class=""p1"">..... Серпентинит</p>
<p class=""p1""><b>Вид обработки</b></p>
<p class=""p1"">..... БАРХАТ</p>
<p class=""p1""><b>Толщина облицовки</b></p>
<p class=""p1"">..... 40 мм</p>",field_talkorus_tab_technical_content,Размеры и вес,field_talkorus_tab_dimensions_heading,"<p class=""p1"">Высота</p>
<p class=""p1""><b>..... 1600 мм</b></p>
<p class=""p1"">Ширина</p>
<p class=""p1""><b>..... 870 мм</b></p>
<p class=""p1"">Глубина</p>
<p class=""p1""><b>..... 760 мм</b></p>
<p class=""p1"">Вес изделия толщиной 50мм</p>
<p class=""p1""><b>..... 856 кг</b></p>",field_talkorus_tab_dimensions_content,,field_talkorus_tab_cut_content,,field_talkorus_tab_scheme_content,,field_talkorus_tab_purpose_content,,field_talkorus_tab_advantages_content,,field_talkorus_tab_docs_content,,field_talkorus_tab_video_content,,field_talkorus_tab_projects_content,700,field_talkorus_product_feature_icon,Быстрая сухая сборка,field_talkorus_product_feature_title,686,field_talkorus_product_feature_icon,Эффективная конвекция,field_talkorus_product_feature_title,685,field_talkorus_product_feature_icon,"Система ""Чистое стекло""",field_talkorus_product_feature_title,687,field_talkorus_product_feature_icon,Облицовка Talkorus,field_talkorus_product_feature_title,4,field_talkorus_product_features
1032,simple,,,Теплонакопительная печь камин Kinerma SA 20/1890,1,0,visible,,"<p>Печь-камин Kinerma SA 20/1890. Это стандартная модель. Она отличается увеличенной высотой. Облицовка выполнена из природного камня серпентинит Антик.</p><p>У каждого клиента есть интересная и уникальная возможность заказать индивидуальный дизайн печи-камина. Ромб в верхнем ярусе делает его единственным в своем роде.</p><p>Прежде чем выбрать печь-камин, необходимо определиться с ее назначением. Продукция Талькорус — это и практичные отопительные приборы, и предметы декора.</p><p>Мощность топки 20квт. За 2-4 часа она прогреет дом до 80 квадратов.</p><p>Мы рекомендуем заранее подготовиться к установке. И только после подготовки заказывать камин. Сначала нужно подготовить отдельное место под установку отопительного прибора. Затем сверить вес конструкции с допустимой нагрузкой на пол помещения. Облицовка печи-камина собирается вокруг уже установленной печи на крепления. Клей не используется. Поэтому сборка называется “сухой”. Первые две топки нужно осуществлять в щадящем режиме неполной мощности, в таком режиме нагрев поверхности облицовки из камня не должен превышать 70 градусов. Между первыми топками должно пройти достаточно времени для полного остывания облицовки, в случае несоблюдения данного пункта поверхность облицовки может быть повреждена.</p><p></p>",,,taxable,,1,,,0,0,,,,1890,1,,,449120,"Для дома, Для дома > Печи-камины Talkorus, Для дома > Печи-камины Talkorus > Серия Лапландия",,,"https://demo.talkorus.ru/wp-content/uploads/2026/06/kinerma-talkorus-1-1-optimized.jpg, https://demo.talkorus.ru/wp-content/uploads/2026/06/kinerma-talkorus-2-optimized.jpg, https://demo.talkorus.ru/wp-content/uploads/2026/06/kinerma-talkorus-3-2-optimized.jpg",,,,,,,,,29,,,Площадь обогрева,40-80 м²,1,1,,,,,,1890,field_69f20d9c512d1,Стиль,Модерн,1,1,Возможность готовить,Нет,1,1,,Расположение,Пристенное,1,1,,,field_talkorus_tab_description_heading,,field_talkorus_tab_description_content,Технические данные,field_talkorus_tab_technical_heading,"<p class=""p1""><b>Общие характеристики</b></p>
<p class=""p1"">Тепловой КПД</p>
<p class=""p1""><b>..... 82 %</b></p>
<p class=""p1"">Время тепловой отдачи</p>
<p class=""p1""><b>..... до 14 часов часов</b></p>
<p class=""p1"">Площадь обогрева</p>
<p class=""p1""><b>..... 40-80 м²</b></p>
<p class=""p1"">Время прогрева помещения</p>
<p class=""p1""><b>..... от 2 до 4 часов</b></p>
<p class=""p1"">Длина дров</p>
<p class=""p1""><b>..... 550 мм</b></p>
<p class=""p1"">Сечение дымохода</p>
<p class=""p1""><b>..... 130 мм</b></p>
<p class=""p1""><b>Характеристики топки</b></p>
<p class=""p1"">Тип</p>
<p class=""p1""><b>..... Вихревая подовая</b></p>
<p class=""p1"">Тепловая мощность</p>
<p class=""p1""><b>..... 20 кВт</b></p>
<p class=""p1"">Толщина топочного шамотного кирпича</p>
<p class=""p1""><b>..... 65 мм</b></p>
<p class=""p1"">Высота топки</p>
<p class=""p1""><b>..... 460 мм</b></p>
<p class=""p1"">Ширина топки</p>
<p class=""p1""><b>..... 240/350 мм</b></p>
<p class=""p1"">Глубина топки</p>
<p class=""p1""><b>..... 260 мм</b></p>
<p class=""p1"">Характеристики облицовки</p>
<p class=""p1""><b>Порода камня</b></p>
<p class=""p1"">..... Серпентинит</p>
<p class=""p1""><b>Вид обработки</b></p>
<p class=""p1"">..... БАРХАТ</p>
<p class=""p1""><b>Толщина облицовки</b></p>
<p class=""p1"">..... 40 мм</p>",field_talkorus_tab_technical_content,Размеры и вес,field_talkorus_tab_dimensions_heading,"<p class=""p1"">Высота</p>
<p class=""p1""><b>..... 1890 мм</b></p>
<p class=""p1"">Ширина</p>
<p class=""p1""><b>..... 780 мм</b></p>
<p class=""p1"">Глубина</p>
<p class=""p1""><b>..... 760 мм</b></p>
<p class=""p1"">Вес изделия толщиной 50мм</p>
<p class=""p1""><b>..... 1076 кг</b></p>
<p class=""p1"">Вес изделия толщиной 40мм</p>
<p class=""p1""><b>..... 952 кг</b></p>",field_talkorus_tab_dimensions_content,,field_talkorus_tab_cut_content,,field_talkorus_tab_scheme_content,,field_talkorus_tab_purpose_content,,field_talkorus_tab_advantages_content,,field_talkorus_tab_docs_content,,field_talkorus_tab_video_content,,field_talkorus_tab_projects_content,700,field_talkorus_product_feature_icon,Быстрая сухая сборка,field_talkorus_product_feature_title,686,field_talkorus_product_feature_icon,Эффективная конвекция,field_talkorus_product_feature_title,685,field_talkorus_product_feature_icon,"Система ""Чистое стекло""",field_talkorus_product_feature_title,687,field_talkorus_product_feature_icon,Облицовка Talkorus,field_talkorus_product_feature_title,4,field_talkorus_product_features
1036,simple,,,Теплонакопительная печь-камин Holvi – 20/ 1610,1,0,visible,,"<p>Печь-камин Holvi это модель для тех, кто не любит рваный камень и излишки в элементах облицовки. В разделе “наши работы” вы увидите печь-камин в интерьере. Обязательно пройдите по ссылке и посмотрите как выглядит основание под печь. Это отдельное “пятно”, которое выдерживает вес в два раза превышающий вес печи-камина.</p><p>Печь-камин из талькомагнезита, а это значит он подарит вам тепло с максимальным показателем накопления и его отдачи.</p><p>Наша компания сопровождает и помогает приобрести подходящий для вас вариант печи. В комплекте дверка нашего производства Talkorus из стали. Габаритные размеры по стеклу 410*410, таким образом вы сможете вдоволь любоваться языком пламени.</p><p>Камин создает тепло и уют в любом доме. По этому мы учли особенности дизайна помещения и предлагаем печи-камины из разных фактур на ваш выбор.</p><p>Наше главное правило быть с клиентом на одной волне и всегда на связи. Мы поможем в поисках надежного партнера, монтажной организации и доставим изделия прямо на ваш адрес.</p><p>Все наши работы мы выкладываем в инстаграм, перейдя по ссылке вы сможете найти модель себе по вкусу и цвету.</p>",,,taxable,,1,,,0,0,,,,1610,1,,,456590,"Для дома, Для дома > Печи-камины Talkorus, Для дома > Печи-камины Talkorus > Серия Лапландия",,,"https://demo.talkorus.ru/wp-content/uploads/2026/06/talkorus-holvi-1-3-optimized.jpg, https://demo.talkorus.ru/wp-content/uploads/2026/06/talkorus-holvi-tov-2-optimized.jpg",,,,,,,,,30,,,Площадь обогрева,40-80 м²,1,1,,,,,,1610,field_69f20d9c512d1,Стиль,Модерн,1,1,Возможность готовить,Нет,1,1,,Расположение,Пристенное,1,1,,,field_talkorus_tab_description_heading,,field_talkorus_tab_description_content,Технические данные,field_talkorus_tab_technical_heading,"<p class=""p1""><b>Общие характеристики</b></p>
<p class=""p1"">Тепловой КПД</p>
<p class=""p1""><b>..... 82 %</b></p>
<p class=""p1"">Время тепловой отдачи</p>
<p class=""p1""><b>..... до 14 часов</b></p>
<p class=""p1"">Площадь обогрева</p>
<p class=""p1""><b>..... 40-80 м²</b></p>
<p class=""p1"">Время прогрева помещения</p>
<p class=""p1""><b>..... от 2 до 3 часов</b></p>
<p class=""p1"">Длина дров</p>
<p class=""p1""><b>..... 550 мм</b></p>
<p class=""p1"">Сечение дымохода</p>
<p class=""p1""><b>..... 130 мм</b></p>
<p class=""p1""><b>Характеристики топки</b></p>
<p class=""p1"">Тип</p>
<p class=""p1""><b>..... Вихревая подовая</b></p>
<p class=""p1"">Тепловая мощность</p>
<p class=""p1""><b>..... 20 кВт</b></p>
<p class=""p1"">Толщина топочного шамотного кирпича</p>
<p class=""p1""><b>..... 65 мм</b></p>
<p class=""p1"">Высота топки</p>
<p class=""p1""><b>..... 460 мм</b></p>
<p class=""p1"">Ширина топки</p>
<p class=""p1""><b>..... 240/350 мм</b></p>
<p class=""p1"">Глубина топки</p>
<p class=""p1""><b>..... 260 мм</b></p>
<p class=""p1"">Характеристики облицовки</p>
<p class=""p1""><b>Порода камня</b></p>
<p class=""p1"">..... Талькомагнезит</p>
<p class=""p1""><b>Вид обработки</b></p>
<p class=""p1"">..... ШЛИФОВКА</p>
<p class=""p1""><b>Толщина облицовки</b></p>
<p class=""p1"">..... 40 мм</p>",field_talkorus_tab_technical_content,Размеры и вес,field_talkorus_tab_dimensions_heading,"<p class=""p1"">Высота</p>
<p class=""p1""><b>..... 1610 мм</b></p>
<p class=""p1"">Ширина</p>
<p class=""p1""><b>..... 880 мм</b></p>
<p class=""p1"">Глубина</p>
<p class=""p1""><b>..... 810 мм</b></p>
<p class=""p1"">Вес изделия толщиной 50мм</p>
<p class=""p1""><b>..... 1070 кг</b></p>
<p class=""p1"">Вес изделия толщиной 40мм</p>
<p class=""p1""><b>..... 970 кг</b></p>",field_talkorus_tab_dimensions_content,,field_talkorus_tab_cut_content,,field_talkorus_tab_scheme_content,,field_talkorus_tab_purpose_content,,field_talkorus_tab_advantages_content,,field_talkorus_tab_docs_content,,field_talkorus_tab_video_content,,field_talkorus_tab_projects_content,700,field_talkorus_product_feature_icon,Быстрая сухая сборка,field_talkorus_product_feature_title,686,field_talkorus_product_feature_icon,Эффективная конвекция,field_talkorus_product_feature_title,685,field_talkorus_product_feature_icon,"Система ""Чистое стекло""",field_talkorus_product_feature_title,687,field_talkorus_product_feature_icon,Облицовка Talkorus,field_talkorus_product_feature_title,4,field_talkorus_product_features
1039,simple,,,Теплонакопительная печь-камин Nasto 20/1840 SA,1,0,visible,,"<p>Теплонакопительная печь-камин Nasto 20/1840 SA — это надежное и функциональное отопительное устройство, которое обеспечит комфортное и эффективное отопление помещений площадью от 40 до 80 м². Благодаря своей мощности в 20 киловатт печь способна быстро прогреть помещение — в течение 2-4 часов — и отдавать тепло до 15 часов.</p><p>Двухконтурная система циркуляции газов обеспечивает быстрое отведение продуктов горения и при этом снижает температуру нагрева дымохода (она составляет не более 200 градусов). Сам дымоход может иметь дополнительную изоляцию из природного камня на выбор заказчика.</p><h2>Преимущества облицовки из серпентинита</h2><ol><li style=""font-weight: 400"">Устойчивость к воздействию влаги и температур до 1300 градусов. Даже во время интенсивной эксплуатации печи облицовка не трескается и не деформируется.</li><li style=""font-weight: 400"">Высокая устойчивость к механическим повреждениям. Серпентинит практически невозможно поцарапать. Поэтому печь и спустя 20 лет интенсивной эксплуатации не потеряет своей визуальной привлекательности.</li><li style=""font-weight: 400"">Возможность подобрать дизайн под стиль интерьера. В природе серпентинит встречается в самых разных вариантах текстуры. Возможна комбинация различных текстур и фактур.</li><li style=""font-weight: 400"">Возможность кастомизации. Поверхность серпентинита легко подвергается искусственному состариванию. Также возможно исполнение в других фактурах.</li></ol>",,,taxable,,1,,,0,0,,,,1840,1,,,486780,"Для дома, Для дома > Печи-камины Talkorus, Для дома > Печи-камины Talkorus > Серия Лапландия",,,"https://demo.talkorus.ru/wp-content/uploads/2026/06/nasto-20-1840-talkorus-2-optimized.jpg, https://demo.talkorus.ru/wp-content/uploads/2026/06/nasto-20-1840-talkorus-3-optimized.jpg, https://demo.talkorus.ru/wp-content/uploads/2026/06/nasto-20-1840-talkorus-optimized.jpg",,,,,,,,,31,,,Площадь обогрева,40-80 м²,1,1,,,,,,1840,field_69f20d9c512d1,Стиль,Классика,1,1,Возможность готовить,Нет,1,1,,Расположение,Пристенное,1,1,,,field_talkorus_tab_description_heading,,field_talkorus_tab_description_content,Технические данные,field_talkorus_tab_technical_heading,"<p class=""p1""><b>Общие характеристики</b></p>
<p class=""p1"">Тепловой КПД</p>
<p class=""p1""><b>..... 82 %</b></p>
<p class=""p1"">Время тепловой отдачи</p>
<p class=""p1""><b>..... 15 часов</b></p>
<p class=""p1"">Площадь обогрева</p>
<p class=""p1""><b>..... 40-80 м²</b></p>
<p class=""p1"">Время прогрева помещения</p>
<p class=""p1""><b>..... от 2 до 4 часов</b></p>
<p class=""p1"">Длина дров</p>
<p class=""p1""><b>..... 400 мм</b></p>
<p class=""p1"">Сечение дымохода</p>
<p class=""p1""><b>..... 130 мм</b></p>
<p class=""p1""><b>Характеристики топки</b></p>
<p class=""p1"">Тип</p>
<p class=""p1""><b>..... Вихревая подовая</b></p>
<p class=""p1"">Тепловая мощность</p>
<p class=""p1""><b>..... 20 кВт</b></p>
<p class=""p1"">Толщина топочного шамотного кирпича</p>
<p class=""p1""><b>..... 65 мм</b></p>
<p class=""p1"">Высота топки</p>
<p class=""p1""><b>..... 460 мм</b></p>
<p class=""p1"">Ширина топки</p>
<p class=""p1""><b>..... 240/350 мм</b></p>
<p class=""p1"">Глубина топки</p>
<p class=""p1""><b>..... 380 мм</b></p>
<p class=""p1"">Характеристики облицовки</p>
<p class=""p1""><b>Порода камня</b></p>
<p class=""p1"">..... Серпентинит</p>
<p class=""p1""><b>Вид обработки</b></p>
<p class=""p1"">..... БАРХАТ</p>
<p class=""p1""><b>Толщина облицовки</b></p>
<p class=""p1"">..... 40 мм</p>",field_talkorus_tab_technical_content,Размеры и вес,field_talkorus_tab_dimensions_heading,"<p class=""p1"">Высота</p>
<p class=""p1""><b>..... 1840 мм</b></p>
<p class=""p1"">Ширина</p>
<p class=""p1""><b>..... 920 мм</b></p>
<p class=""p1"">Глубина</p>
<p class=""p1""><b>..... 740 мм</b></p>
<p class=""p1"">Вес изделия толщиной 50мм</p>
<p class=""p1""><b>..... 1174 кг</b></p>
<p class=""p1"">Вес изделия толщиной 40мм</p>
<p class=""p1""><b>..... 1043 кг</b></p>",field_talkorus_tab_dimensions_content,,field_talkorus_tab_cut_content,,field_talkorus_tab_scheme_content,,field_talkorus_tab_purpose_content,,field_talkorus_tab_advantages_content,,field_talkorus_tab_docs_content,,field_talkorus_tab_video_content,,field_talkorus_tab_projects_content,700,field_talkorus_product_feature_icon,Быстрая сухая сборка,field_talkorus_product_feature_title,686,field_talkorus_product_feature_icon,Эффективная конвекция,field_talkorus_product_feature_title,685,field_talkorus_product_feature_icon,"Система ""Чистое стекло""",field_talkorus_product_feature_title,687,field_talkorus_product_feature_icon,Облицовка Talkorus,field_talkorus_product_feature_title,4,field_talkorus_product_features
1043,simple,,,Теплонакопительная печь камин Kinerma SA 20/1990,1,0,visible,,,,,taxable,,1,,,0,0,,,,1990,1,,,490320,"Для дома, Для дома > Печи-камины Talkorus, Для дома > Печи-камины Talkorus > Серия Лапландия",,,"https://demo.talkorus.ru/wp-content/uploads/2026/06/kinerma-20-1990-3-3-optimized.webp, https://demo.talkorus.ru/wp-content/uploads/2026/06/kinerma-20-1990-dsa-1-optimized.webp, https://demo.talkorus.ru/wp-content/uploads/2026/06/kinerma-20-1990-dsa-2-optimized.webp, https://demo.talkorus.ru/wp-content/uploads/2026/06/kinerma-20-1990-dsa-tg¦¦¦¬¦-¦-¦-¦¦-optimized.webp, https://demo.talkorus.ru/wp-content/uploads/2026/06/kinerma-20-1990-dsa-optimized.webp",,,,,,,,,32,,,Площадь обогрева,40-80 м²,1,1,,,,,,1990,field_69f20d9c512d1,Стиль,Классика,1,1,Возможность готовить,Нет,1,1,,,,,,,,field_talkorus_tab_description_heading,,field_talkorus_tab_description_content,Технические данные,field_talkorus_tab_technical_heading,"<p class=""p1""><b>Общие характеристики</b></p>
<p class=""p1"">Тепловой КПД</p>
<p class=""p1""><b>..... 82 %</b></p>
<p class=""p1"">Время тепловой отдачи</p>
<p class=""p1""><b>..... до 16 часов часов</b></p>
<p class=""p1"">Площадь обогрева</p>
<p class=""p1""><b>..... 40-80 м²</b></p>
<p class=""p1"">Время прогрева помещения</p>
<p class=""p1""><b>..... от 2 до 4 часов</b></p>
<p class=""p1"">Длина дров</p>
<p class=""p1""><b>..... 550 мм</b></p>
<p class=""p1"">Сечение дымохода</p>
<p class=""p1""><b>..... 130 мм</b></p>
<p class=""p1""><b>Характеристики топки</b></p>
<p class=""p1"">Тип</p>
<p class=""p1""><b>..... Вихревая подовая</b></p>
<p class=""p1"">Тепловая мощность</p>
<p class=""p1""><b>..... 20 кВт</b></p>
<p class=""p1"">Толщина топочного шамотного кирпича</p>
<p class=""p1""><b>..... 65 мм</b></p>
<p class=""p1"">Высота топки</p>
<p class=""p1""><b>..... 460 мм</b></p>
<p class=""p1"">Ширина топки</p>
<p class=""p1""><b>..... 240/350 мм</b></p>
<p class=""p1"">Глубина топки</p>
<p class=""p1""><b>..... 260 мм</b></p>
<p class=""p1"">Характеристики облицовки</p>
<p class=""p1""><b>Порода камня</b></p>
<p class=""p1"">..... Серпентинит</p>
<p class=""p1""><b>Вид обработки</b></p>
<p class=""p1"">..... БАРХАТ</p>
<p class=""p1""><b>Толщина облицовки</b></p>
<p class=""p1"">..... 40 мм</p>",field_talkorus_tab_technical_content,Размеры и вес,field_talkorus_tab_dimensions_heading,"<p class=""p1"">Высота</p>
<p class=""p1""><b>..... 1990 мм</b></p>
<p class=""p1"">Ширина</p>
<p class=""p1""><b>..... 860 мм</b></p>
<p class=""p1"">Глубина</p>
<p class=""p1""><b>..... 910 мм</b></p>",field_talkorus_tab_dimensions_content,,field_talkorus_tab_cut_content,,field_talkorus_tab_scheme_content,,field_talkorus_tab_purpose_content,,field_talkorus_tab_advantages_content,,field_talkorus_tab_docs_content,,field_talkorus_tab_video_content,,field_talkorus_tab_projects_content,700,field_talkorus_product_feature_icon,Быстрая сухая сборка,field_talkorus_product_feature_title,686,field_talkorus_product_feature_icon,Эффективная конвекция,field_talkorus_product_feature_title,685,field_talkorus_product_feature_icon,"Система ""Чистое стекло""",field_talkorus_product_feature_title,687,field_talkorus_product_feature_icon,Облицовка Talkorus,field_talkorus_product_feature_title,4,field_talkorus_product_features
1049,simple,,,Теплонакопительная печь-камин Nasto TS-1570 -2 R80,1,0,visible,,"<p>Эффективная печь-камин Talkorus Nasto это классический минималистичный дизайн.<br />Так же в печи-камине присутствуют вставки из рваного камня.<br />Данная теплонакопительная печь-камин Nasto TS-1570 из природного камня. Печь-камин облицован талькомагнезитом.</p><p>Теплонакопительная печь-камин Nasto поставляется комплектом. Он состоит из металлической печи с уже уложенной в нее огнеупорной плитой. Облицовка из натурального камня поставляется отдельно в деревянных ящиках, таким образом после разгрузки, вы сможете в течении дня собрать облицовку.</p><p>Нашим клиентам мы заранее рекомендуем подготовиться к установке, затем, заказать камин. Вам необходимо подготовить отдельное место под печь-камин.А именно необходимо сверит вес камина с допустимой нагрузкой на пол помещения. Облицовка печи-камина собирается вокруг уже установленной печи на специальные креплении, без клеевых составов, именно по этой причине сборка называется “сухой”.</p><p>Любую из наших моделей вы можете изменит на свой вкус, следовательно сделать ее эксклюзивной. Дровники,полки, подиум,гравировка все это придаст вашему изделию индивидуальность.</p><p>Эффективность, практичность, долговечность, это результат работы компании Talkorus. Наши работы вы можете посмотреть в инстаграме компании. Так же отзыв клиентов можно почитать на главной странице нашего сайта.</p><p>Все фирменные изделия имеют гарантию 3 года с момента продажи.</p>",,,taxable,,1,,,0,0,,,,1570,1,,,506860,"Для дома, Для дома > Печи-камины Talkorus, Для дома > Печи-камины Talkorus > Серия Лапландия",,,"https://demo.talkorus.ru/wp-content/uploads/2026/06/bez-imeni-2psd-optimized.jpg, https://demo.talkorus.ru/wp-content/uploads/2026/06/bez-imeni-1-2-1-optimized-1.jpg, https://demo.talkorus.ru/wp-content/uploads/2026/06/bez-imeni-3-1-1-optimized-1.jpg, https://demo.talkorus.ru/wp-content/uploads/2026/06/bez-imeni-2psd-768x576-optimized.jpg, https://demo.talkorus.ru/wp-content/uploads/2026/06/bez-imeni-1-2-1-768x576-optimized.jpg, https://demo.talkorus.ru/wp-content/uploads/2026/06/bez-imeni-3-1-1-768x576-optimized.jpg",,,,,,,,,33,,,Площадь обогрева,60-100 м²,1,1,,,,,,1570,field_69f20d9c512d1,Стиль,Модерн,1,1,Возможность готовить,Нет,1,1,,Расположение,Пристенное,1,1,,,field_talkorus_tab_description_heading,,field_talkorus_tab_description_content,Технические данные,field_talkorus_tab_technical_heading,"<p class=""p1""><b>Общие характеристики</b></p>
<p class=""p1"">Тепловой КПД</p>
<p class=""p1""><b>..... 82 %</b></p>
<p class=""p1"">Время тепловой отдачи</p>
<p class=""p1""><b>..... до 18 часов</b></p>
<p class=""p1"">Площадь обогрева</p>
<p class=""p1""><b>..... 60-100 м²</b></p>
<p class=""p1"">Время прогрева помещения</p>
<p class=""p1""><b>..... от 2 до 4 часов</b></p>
<p class=""p1"">Длина дров</p>
<p class=""p1""><b>..... 450 мм</b></p>
<p class=""p1"">Сечение дымохода</p>
<p class=""p1""><b>..... 150 мм</b></p>
<p class=""p1""><b>Характеристики топки</b></p>
<p class=""p1"">Тип</p>
<p class=""p1""><b>..... Вихревая подовая</b></p>
<p class=""p1"">Тепловая мощность</p>
<p class=""p1""><b>..... 25 кВт</b></p>
<p class=""p1"">Толщина топочного шамотного кирпича</p>
<p class=""p1""><b>..... 75 мм</b></p>
<p class=""p1"">Характеристики облицовки</p>
<p class=""p1""><b>Порода камня</b></p>
<p class=""p1"">..... Талькомагнезит</p>
<p class=""p1""><b>Вид обработки</b></p>
<p class=""p1"">..... ШЛИФОВКА</p>
<p class=""p1""><b>Толщина облицовки</b></p>
<p class=""p1"">..... 40 мм</p>",field_talkorus_tab_technical_content,Размеры и вес,field_talkorus_tab_dimensions_heading,"<p class=""p1"">Высота</p>
<p class=""p1""><b>..... 1570 мм</b></p>
<p class=""p1"">Ширина</p>
<p class=""p1""><b>..... 980 мм</b></p>
<p class=""p1"">Глубина</p>
<p class=""p1""><b>..... 905 мм</b></p>
<p class=""p1"">Вес изделия толщиной 50мм</p>
<p class=""p1""><b>..... 1220 кг</b></p>",field_talkorus_tab_dimensions_content,,field_talkorus_tab_cut_content,,field_talkorus_tab_scheme_content,,field_talkorus_tab_purpose_content,,field_talkorus_tab_advantages_content,,field_talkorus_tab_docs_content,,field_talkorus_tab_video_content,,field_talkorus_tab_projects_content,700,field_talkorus_product_feature_icon,Быстрая сухая сборка,field_talkorus_product_feature_title,686,field_talkorus_product_feature_icon,Эффективная конвекция,field_talkorus_product_feature_title,685,field_talkorus_product_feature_icon,"Система ""Чистое стекло""",field_talkorus_product_feature_title,687,field_talkorus_product_feature_icon,Облицовка Talkorus,field_talkorus_product_feature_title,4,field_talkorus_product_features
1056,simple,,,Теплонакопительная печь-камин Tower 25/1610/R-100,1,0,visible,,"<p>Название печи-камина Tower 25/1610/R-100 говорит само за себя. Модель выполнена в виде башни с нотками брутальности и строгости. Среди других аналогичных моделей эту печь выделяет отличный форм-фактор. За счет большой массы у нее самая большая теплоотдача среди всех наших печей.</p><p>В базовом варианте облицовка изготовлена из талькомагнезита. Возможно изготовление в другой фактуре. Талькорус делает все возможное, чтобы обеспечить эстетическую привлекательность и теплоэффективность печей.</p><p>Перед отправкой печей заказчикам мы сначала их собираем. Это нужно для проверки работоспособности и своевременного выявления брака. Затем идет разборка и финальная упаковка. Также мы стараемся порекомендовать монтажную организацию, которая соберет печь и выполнит монтаж дымохода.</p><p>Вместе с печью мы предоставляем соответствующую документацию:</p><ol><li style=""font-weight: 400"">паспорт изделия,</li><li style=""font-weight: 400"">сертификаты соответствия,</li><li style=""font-weight: 400"">гарантийный талон.</li></ol><p>Наша компания постоянно развивается — в 2020 году Талькорус получил сертификат “Сделано в Карелии”.</p><p>Перед тем, как оформить заказ, наш менеджер проконсультирует по всем нюансам.</p>",,,taxable,,1,,,0,0,,,,1610,1,,,523620,"Для дома, Для дома > Печи-камины Talkorus, Для дома > Печи-камины Talkorus > Серия Лапландия",,,"https://demo.talkorus.ru/wp-content/uploads/2026/06/voitto-1610-r100-talkorus-2-1-optimized.jpg, https://demo.talkorus.ru/wp-content/uploads/2026/06/voitto-1610-r100-talkorus-1-optimized.jpg, https://demo.talkorus.ru/wp-content/uploads/2026/06/voitto-1610-r100-talkorus-2-1-768x549-optimized.jpg, https://demo.talkorus.ru/wp-content/uploads/2026/06/voitto-1610-r100-talkorus-1-768x549-optimized.jpg",,,,,,,,,34,,,Площадь обогрева,60-100 м²,1,1,,,,,,1610,field_69f20d9c512d1,Стиль,Модерн,1,1,Возможность готовить,Нет,1,1,,Расположение,Пристенное,1,1,,,field_talkorus_tab_description_heading,,field_talkorus_tab_description_content,Технические данные,field_talkorus_tab_technical_heading,"<p class=""p1""><b>Общие характеристики</b></p>
<p class=""p1"">Тепловой КПД</p>
<p class=""p1""><b>..... 82 %</b></p>
<p class=""p1"">Время тепловой отдачи</p>
<p class=""p1""><b>..... до 18 часов</b></p>
<p class=""p1"">Площадь обогрева</p>
<p class=""p1""><b>..... 60-100 м²</b></p>
<p class=""p1"">Время прогрева помещения</p>
<p class=""p1""><b>..... от 3 часов</b></p>
<p class=""p1"">Длина дров</p>
<p class=""p1""><b>..... 450 мм</b></p>
<p class=""p1"">Сечение дымохода</p>
<p class=""p1""><b>..... 150 мм</b></p>
<p class=""p1""><b>Характеристики топки</b></p>
<p class=""p1"">Тип</p>
<p class=""p1""><b>..... Вихревая подовая</b></p>
<p class=""p1"">Тепловая мощность</p>
<p class=""p1""><b>..... 25 кВт</b></p>
<p class=""p1"">Толщина топочного шамотного кирпича</p>
<p class=""p1""><b>..... 75 мм</b></p>
<p class=""p1"">Характеристики облицовки</p>
<p class=""p1""><b>Порода камня</b></p>
<p class=""p1"">..... Талькомагнезит</p>
<p class=""p1""><b>Вид обработки</b></p>
<p class=""p1"">..... ШЛИФОВКА</p>
<p class=""p1""><b>Толщина облицовки</b></p>
<p class=""p1"">..... 40 мм</p>",field_talkorus_tab_technical_content,Размеры и вес,field_talkorus_tab_dimensions_heading,"<p class=""p1"">Высота</p>
<p class=""p1""><b>..... 1610 мм</b></p>
<p class=""p1"">Ширина</p>
<p class=""p1""><b>..... 1220 мм</b></p>
<p class=""p1"">Глубина</p>
<p class=""p1""><b>..... 1085 мм</b></p>
<p class=""p1"">Вес изделия толщиной 50мм</p>
<p class=""p1""><b>..... 1534 кг</b></p>",field_talkorus_tab_dimensions_content,,field_talkorus_tab_cut_content,,field_talkorus_tab_scheme_content,,field_talkorus_tab_purpose_content,,field_talkorus_tab_advantages_content,,field_talkorus_tab_docs_content,,field_talkorus_tab_video_content,,field_talkorus_tab_projects_content,700,field_talkorus_product_feature_icon,Быстрая сухая сборка,field_talkorus_product_feature_title,686,field_talkorus_product_feature_icon,Эффективная конвекция,field_talkorus_product_feature_title,685,field_talkorus_product_feature_icon,"Система ""Чистое стекло""",field_talkorus_product_feature_title,687,field_talkorus_product_feature_icon,Облицовка Talkorus,field_talkorus_product_feature_title,4,field_talkorus_product_features
1061,simple,,,Теплонакопительная печь-камин Tower Uni SL 20/1900,1,0,visible,,"<p>Печь-камин Tower Uni SL 20/1900 пополнила наш модельный ряд эксклюзивных изделий.</p><p>Прежде всего вам стоит обратить внимание на обработку камня. В природе серпентинит встречается в сером цвете. Но в данном случае он подвергся дополнительной полировке. После обработки камень получает глубокий, зеленый цвет. Безусловно каждый человек подбирает печь-камин под интерьер своего дома, но с другой стороны самое главное — цель покупки. Фирменные печи Талькорус прежде всего отлично выполняют функцию резервного источника отопления. Ну и конечно порадуют панорамным обзором огня.</p><p>Посмотрите данную модель в интерьере. Печь впишется в дом с большими потолками или open to below (второй свет — отсутствие перекрытий между этажами, и с верхнего этажа можно увидеть нижний).</p><p>Ещё больше проектов можно увидеть в Instagram, а также на сайте в разделе «Проекты».</p><p>Наша фирменная топка по факту очень долговечна. Внутри топки – огнеупорная плита, которая защищает корпус от высокой температуры. Поэтому ее можно самостоятельно обслуживать , то есть при разрушении шамотного кирпича менять внутреннюю футеровку.</p><p>Натуральный камень смотрится современно и стильно, следовательно отопительный прибор станет украшением дома.</p><p>За 2-4 часа вы сможете ощутить тепло за счет конвекционной системы. Но уже после выхода в рабочий режим, за одну протопку, печь-камин будет отдавать тепло до 16 часов.</p><p>Печь-камин поставляется комплектом. Он состоит из металлического корпуса с уже уложенной в него огнеупорной плитой. Облицовка из натурального камня поставляется отдельно в деревянных ящиках, таким образом после разгрузки, вы сможете в течении дня собрать облицовку.</p><p>Нашим клиентам мы заранее рекомендуем подготовиться к установке, перед тем, как купить камин. Вам необходимо подготовить отдельное место под печь-камин.</p>",,,taxable,,1,,,0,0,,,,1900,1,,,559970,"Для дома, Для дома > Печи-камины Talkorus, Для дома > Печи-камины Talkorus > Серия Лапландия",,,"https://demo.talkorus.ru/wp-content/uploads/2026/06/bez-imeni-2-5-optimized.jpg, https://demo.talkorus.ru/wp-content/uploads/2026/06/bez-imeni-1-3-optimized.jpg, https://demo.talkorus.ru/wp-content/uploads/2026/06/bez-imeni-2-5-768x576-optimized.jpg, https://demo.talkorus.ru/wp-content/uploads/2026/06/bez-imeni-1-3-768x576-optimized.jpg",,,,,,,,,35,,,Площадь обогрева,40-80 м²,1,1,,,,,,1900,field_69f20d9c512d1,Стиль,Модерн,1,1,Возможность готовить,Нет,1,1,,Расположение,Пристенное,1,1,,,field_talkorus_tab_description_heading,,field_talkorus_tab_description_content,Технические данные,field_talkorus_tab_technical_heading,"<p class=""p1""><b>Общие характеристики</b></p>
<p class=""p1"">Тепловой КПД</p>
<p class=""p1""><b>..... 82 %</b></p>
<p class=""p1"">Время тепловой отдачи</p>
<p class=""p1""><b>..... до 16 часов</b></p>
<p class=""p1"">Площадь обогрева</p>
<p class=""p1""><b>..... 40-80 м²</b></p>
<p class=""p1"">Время прогрева помещения</p>
<p class=""p1""><b>..... от 2 до 4 часов</b></p>
<p class=""p1"">Длина дров</p>
<p class=""p1""><b>..... 550 мм</b></p>
<p class=""p1"">Сечение дымохода</p>
<p class=""p1""><b>..... 130 мм</b></p>
<p class=""p1""><b>Характеристики топки</b></p>
<p class=""p1"">Тип</p>
<p class=""p1""><b>..... Вихревая подовая</b></p>
<p class=""p1"">Тепловая мощность</p>
<p class=""p1""><b>..... 20 кВт</b></p>
<p class=""p1"">Толщина топочного шамотного кирпича</p>
<p class=""p1""><b>..... 65 мм</b></p>
<p class=""p1"">Высота топки</p>
<p class=""p1""><b>..... 460 мм</b></p>
<p class=""p1"">Ширина топки</p>
<p class=""p1""><b>..... 240/350 мм</b></p>
<p class=""p1"">Глубина топки</p>
<p class=""p1""><b>..... 260 мм</b></p>
<p class=""p1"">Характеристики облицовки</p>
<p class=""p1""><b>Порода камня</b></p>
<p class=""p1"">..... Серпентинит</p>
<p class=""p1""><b>Вид обработки</b></p>
<p class=""p1"">..... ПОЛИРОВКА</p>
<p class=""p1""><b>Толщина облицовки</b></p>
<p class=""p1"">..... 40 мм</p>",field_talkorus_tab_technical_content,Размеры и вес,field_talkorus_tab_dimensions_heading,"<p class=""p1"">Высота</p>
<p class=""p1""><b>..... 1900 мм</b></p>
<p class=""p1"">Ширина</p>
<p class=""p1""><b>..... 1110 мм</b></p>
<p class=""p1"">Глубина</p>
<p class=""p1""><b>..... 850 мм</b></p>
<p class=""p1"">Вес изделия толщиной 50мм</p>
<p class=""p1""><b>..... 1329 кг</b></p>
<p class=""p1"">Вес изделия толщиной 40мм</p>
<p class=""p1""><b>..... 1203 кг</b></p>",field_talkorus_tab_dimensions_content,,field_talkorus_tab_cut_content,,field_talkorus_tab_scheme_content,,field_talkorus_tab_purpose_content,,field_talkorus_tab_advantages_content,,field_talkorus_tab_docs_content,,field_talkorus_tab_video_content,,field_talkorus_tab_projects_content,700,field_talkorus_product_feature_icon,Быстрая сухая сборка,field_talkorus_product_feature_title,686,field_talkorus_product_feature_icon,Эффективная конвекция,field_talkorus_product_feature_title,685,field_talkorus_product_feature_icon,"Система ""Чистое стекло""",field_talkorus_product_feature_title,687,field_talkorus_product_feature_icon,Облицовка Talkorus,field_talkorus_product_feature_title,4,field_talkorus_product_features
1066,simple,,,Теплонакопительная печь-камин Rouva – 25/1630,1,0,visible,,"<p>Печь-камин Rouva это модель для тех, кто не любит рваный камень и излишки в элементах облицовки. В разделе “наши работы” вы увидите печь-камин в интерьере. Обязательно пройдите по ссылке и посмотрите как выглядит основание под печь. Это отдельное “пятно”, которое выдерживает вес в два раза превышающий вес печи-камина.</p><p>Печь-камин из талькомагнезита, а это значит он подарит вам тепло с максимальным показателем накопления и его отдачи.</p><p>Наша компания сопровождает и помогает приобрести подходящий для вас вариант печи.</p><p>Камин создает тепло и уют в любом доме. По этому мы учли особенности дизайна помещения и предлагаем печи-камины из разных фактур на ваш выбор.</p><p>Наше главное правило быть с клиентом на одной волне и всегда на связи. Мы поможем в поисках надежного партнера, монтажной организации и доставим изделия прямо на ваш адрес.</p><p>Все наши работы мы выкладываем в инстаграм, перейдя по ссылке вы сможете найти модель себе по вкусу и цвету.</p><p>Так же по телефону в шапке сайта вы можете задать любые интересующие вас вопросы.</p>",,,taxable,,1,,,0,0,,,,1630,1,,,578280,"Для дома, Для дома > Печи-камины Talkorus, Для дома > Печи-камины Talkorus > Серия Лапландия",,,"https://demo.talkorus.ru/wp-content/uploads/2026/06/talkorus-rouva_tov-2-optimized.jpg, https://demo.talkorus.ru/wp-content/uploads/2026/06/talkorus-rouva_tov2-optimized.jpg",,,,,,,,,36,,,Площадь обогрева,60-100 м²,1,1,,,,,,1630,field_69f20d9c512d1,Стиль,Модерн,1,1,Возможность готовить,Нет,1,1,,Расположение,Пристенное,1,1,,,field_talkorus_tab_description_heading,,field_talkorus_tab_description_content,Технические данные,field_talkorus_tab_technical_heading,"<p class=""p1""><b>Общие характеристики</b></p>
<p class=""p1"">Тепловой КПД</p>
<p class=""p1""><b>..... 82 %</b></p>
<p class=""p1"">Время тепловой отдачи</p>
<p class=""p1""><b>..... до 17 часов часов</b></p>
<p class=""p1"">Площадь обогрева</p>
<p class=""p1""><b>..... 60-100 м²</b></p>
<p class=""p1"">Время прогрева помещения</p>
<p class=""p1""><b>..... от 1 до 3 часов</b></p>
<p class=""p1"">Длина дров</p>
<p class=""p1""><b>..... 550 мм</b></p>
<p class=""p1"">Сечение дымохода</p>
<p class=""p1""><b>..... 150 мм</b></p>
<p class=""p1""><b>Характеристики топки</b></p>
<p class=""p1"">Тип</p>
<p class=""p1""><b>..... Вихревая подовая</b></p>
<p class=""p1"">Тепловая мощность</p>
<p class=""p1""><b>..... 25 кВт</b></p>
<p class=""p1"">Толщина топочного шамотного кирпича</p>
<p class=""p1""><b>..... 75 мм</b></p>
<p class=""p1"">Характеристики облицовки</p>
<p class=""p1""><b>Порода камня</b></p>
<p class=""p1"">..... Талькомагнезит</p>
<p class=""p1""><b>Вид обработки</b></p>
<p class=""p1"">..... ШЛИФОВКА</p>
<p class=""p1""><b>Толщина облицовки</b></p>
<p class=""p1"">..... 40 мм</p>",field_talkorus_tab_technical_content,Размеры и вес,field_talkorus_tab_dimensions_heading,"<p class=""p1"">Высота</p>
<p class=""p1""><b>..... 1630 мм</b></p>
<p class=""p1"">Ширина</p>
<p class=""p1""><b>..... 1000 мм</b></p>
<p class=""p1"">Глубина</p>
<p class=""p1""><b>..... 900 мм</b></p>
<p class=""p1"">Вес изделия толщиной 50мм</p>
<p class=""p1""><b>..... 1409 кг</b></p>",field_talkorus_tab_dimensions_content,,field_talkorus_tab_cut_content,,field_talkorus_tab_scheme_content,,field_talkorus_tab_purpose_content,,field_talkorus_tab_advantages_content,,field_talkorus_tab_docs_content,,field_talkorus_tab_video_content,,field_talkorus_tab_projects_content,700,field_talkorus_product_feature_icon,Быстрая сухая сборка,field_talkorus_product_feature_title,686,field_talkorus_product_feature_icon,Эффективная конвекция,field_talkorus_product_feature_title,685,field_talkorus_product_feature_icon,"Система ""Чистое стекло""",field_talkorus_product_feature_title,687,field_talkorus_product_feature_icon,Облицовка Talkorus,field_talkorus_product_feature_title,4,field_talkorus_product_features
1069,simple,,,Теплонакопительная печь-камин Kreivi – 25/1690,1,0,visible,,"<p>Печь-камин Kreivi самая популярная модель. Данная модель может быть выполнена из талькомагнезита или серпентинита.</p><p>Kreivi универсальная модель, которая подойдет в любой интерьер загородного дома. Не забывайте о возможности сделать вашу будущую печь-камин эксклюзивной. Например вы можете убрать рваные столбы и сделать на них гравировку. Мы всегда рады воплотить ваши идеи в жизнь.</p><p>Наши преимущества – это система устройства топки. Она позволяет дымовым газам совершать дополнительный ход внутри конструкции самой топки. Можете не сомневаться, данная модель не только вас обогреет, но и будет радовать внешним видом. Купив нашу продукцию, вы получите один из самых высоких КПД.</p><p>Каждое изделия проходит контроль качества, как следствие перед отправкой на контрольной сборке выявляется возможный брак. Печь-камин поставляется в разборном виде, аккуратно упакованная в ящиках.</p><p>Эффективность, практичность, долговечность, это результат работы компании Talkorus. Наши работы вы можете посмотреть в инстаграме компании.</p><p>Так же отзыв клиентов можно почитать на главной странице нашего сайта.</p><p>Все фирменные изделия имеют гарантию 3 года с момента продажи.Так же каждое фирменное изделие прошло добровольную сертификацию качества продукции.</p><p>При получении товара, вы получите оригиналы документов, паспорт изделия, сертификаты качества и гарантийный талон.</p><p>Обязательно перед заказом, обратитесь к нашему менеджеру для уточнения всех нюансов.</p>",,,taxable,,1,,,0,0,,,,1690,1,,,591890,"Для дома, Для дома > Печи-камины Talkorus, Для дома > Печи-камины Talkorus > Серия Лапландия",,,"https://demo.talkorus.ru/wp-content/uploads/2026/06/kreivi-25-1690-dsa-2-optimized-1.webp, https://demo.talkorus.ru/wp-content/uploads/2026/06/kreivi-25-1690-dsa-3-optimized-1.webp, https://demo.talkorus.ru/wp-content/uploads/2026/06/kreivi-25-1690-dsa-optimized.webp",,,,,,,,,37,,,Площадь обогрева,60-100 м²,1,1,,,,,,1690,field_69f20d9c512d1,Стиль,Модерн,1,1,Возможность готовить,Нет,1,1,,Расположение,Пристенное,1,1,,,field_talkorus_tab_description_heading,,field_talkorus_tab_description_content,Технические данные,field_talkorus_tab_technical_heading,"<p class=""p1""><b>Общие характеристики</b></p>
<p class=""p1"">Тепловой КПД</p>
<p class=""p1""><b>..... 82 %</b></p>
<p class=""p1"">Время тепловой отдачи</p>
<p class=""p1""><b>..... до 18 часов</b></p>
<p class=""p1"">Площадь обогрева</p>
<p class=""p1""><b>..... 60-100 м²</b></p>
<p class=""p1"">Время прогрева помещения</p>
<p class=""p1""><b>..... от 2 до 4 часов</b></p>
<p class=""p1"">Длина дров</p>
<p class=""p1""><b>..... 550 мм</b></p>
<p class=""p1"">Сечение дымохода</p>
<p class=""p1""><b>..... 150 мм</b></p>
<p class=""p1""><b>Характеристики топки</b></p>
<p class=""p1"">Тип</p>
<p class=""p1""><b>..... Вихревая подовая</b></p>
<p class=""p1"">Тепловая мощность</p>
<p class=""p1""><b>..... 25 кВт</b></p>
<p class=""p1"">Толщина топочного шамотного кирпича</p>
<p class=""p1""><b>..... 75 мм</b></p>
<p class=""p1"">Характеристики облицовки</p>
<p class=""p1""><b>Порода камня</b></p>
<p class=""p1"">..... Серпентинит</p>
<p class=""p1""><b>Вид обработки</b></p>
<p class=""p1"">..... БАРХАТ</p>
<p class=""p1""><b>Толщина облицовки</b></p>
<p class=""p1"">..... 40 мм</p>",field_talkorus_tab_technical_content,Размеры и вес,field_talkorus_tab_dimensions_heading,"<p class=""p1"">Высота</p>
<p class=""p1""><b>..... 1690 мм</b></p>
<p class=""p1"">Ширина</p>
<p class=""p1""><b>..... 1060 мм</b></p>
<p class=""p1"">Глубина</p>
<p class=""p1""><b>..... 880 мм</b></p>
<p class=""p1"">Вес изделия толщиной 50мм</p>
<p class=""p1""><b>..... 1456 кг</b></p>",field_talkorus_tab_dimensions_content,,field_talkorus_tab_cut_content,,field_talkorus_tab_scheme_content,,field_talkorus_tab_purpose_content,,field_talkorus_tab_advantages_content,,field_talkorus_tab_docs_content,,field_talkorus_tab_video_content,,field_talkorus_tab_projects_content,700,field_talkorus_product_feature_icon,Быстрая сухая сборка,field_talkorus_product_feature_title,686,field_talkorus_product_feature_icon,Эффективная конвекция,field_talkorus_product_feature_title,685,field_talkorus_product_feature_icon,"Система ""Чистое стекло""",field_talkorus_product_feature_title,687,field_talkorus_product_feature_icon,Облицовка Talkorus,field_talkorus_product_feature_title,4,field_talkorus_product_features
1073,simple,,,Теплонакопительная печь-камин Kreivi – 25/1690,1,0,visible,,"<p>Печь-камин Kreivi самая популярная модель. Данная модель может быть выполнена из талькомагнезита или серпентинита.</p><p>Kreivi универсальная модель, которая подойдет в любой интерьер загородного дома. Не забывайте о возможности сделать вашу будущую печь-камин эксклюзивной. Например вы можете убрать рваные столбы и сделать на них гравировку. Мы всегда рады воплотить ваши идеи в жизнь.</p><p>Наши преимущества – это система устройства топки. Она позволяет дымовым газам совершать дополнительный ход внутри конструкции самой топки. Можете не сомневаться, данная модель не только вас обогреет, но и будет радовать внешним видом. Купив нашу продукцию, вы получите один из самых высоких КПД.</p><p>Каждое изделия проходит контроль качества, как следствие перед отправкой на контрольной сборке выявляется возможный брак. Печь-камин поставляется в разборном виде, аккуратно упакованная в ящиках.</p><p>Эффективность, практичность, долговечность, это результат работы компании Talkorus. Наши работы вы можете посмотреть в инстаграме компании.</p><p>Так же отзыв клиентов можно почитать на главной странице нашего сайта.</p><p>Все фирменные изделия имеют гарантию 3 года с момента продажи.Так же каждое фирменное изделие прошло добровольную сертификацию качества продукции.</p><p>При получении товара, вы получите оригиналы документов, паспорт изделия, сертификаты качества и гарантийный талон.</p><p>Обязательно перед заказом, обратитесь к нашему менеджеру для уточнения всех нюансов.</p>",,,taxable,,1,,,0,0,,,,1690,1,,,591890,"Для дома, Для дома > Печи-камины Talkorus, Для дома > Печи-камины Talkorus > Серия Лапландия",,,"https://demo.talkorus.ru/wp-content/uploads/2026/06/talkorus_kreivi_tovar1-1-optimized.jpg, https://demo.talkorus.ru/wp-content/uploads/2026/06/talkorus_kreivi_tovar2-optimized.jpg, https://demo.talkorus.ru/wp-content/uploads/2026/06/talkorus_kreivi_tovar1-1-768x549-optimized.jpg, https://demo.talkorus.ru/wp-content/uploads/2026/06/talkorus_kreivi_tovar2-768x549-optimized.jpg",,,,,,,,,38,,,Площадь обогрева,60-100 м²,1,1,,,,,,1690,field_69f20d9c512d1,Стиль,Модерн,1,1,Возможность готовить,Нет,1,1,,Расположение,Пристенное,1,1,,,field_talkorus_tab_description_heading,,field_talkorus_tab_description_content,Технические данные,field_talkorus_tab_technical_heading,"<p class=""p1""><b>Общие характеристики</b></p>
<p class=""p1"">Тепловой КПД</p>
<p class=""p1""><b>..... 82 %</b></p>
<p class=""p1"">Время тепловой отдачи</p>
<p class=""p1""><b>..... до 18 часов</b></p>
<p class=""p1"">Площадь обогрева</p>
<p class=""p1""><b>..... 60-100 м²</b></p>
<p class=""p1"">Время прогрева помещения</p>
<p class=""p1""><b>..... от 2 до 4 часов</b></p>
<p class=""p1"">Длина дров</p>
<p class=""p1""><b>..... 550 мм</b></p>
<p class=""p1"">Сечение дымохода</p>
<p class=""p1""><b>..... 150 мм</b></p>
<p class=""p1""><b>Характеристики топки</b></p>
<p class=""p1"">Тип</p>
<p class=""p1""><b>..... Вихревая подовая</b></p>
<p class=""p1"">Тепловая мощность</p>
<p class=""p1""><b>..... 25 кВт</b></p>
<p class=""p1"">Толщина топочного шамотного кирпича</p>
<p class=""p1""><b>..... 75 мм</b></p>
<p class=""p1"">Характеристики облицовки</p>
<p class=""p1""><b>Порода камня</b></p>
<p class=""p1"">..... Талькомагнезит</p>
<p class=""p1""><b>Вид обработки</b></p>
<p class=""p1"">..... ШЛИФОВКА</p>
<p class=""p1""><b>Толщина облицовки</b></p>
<p class=""p1"">..... 40 мм</p>",field_talkorus_tab_technical_content,Размеры и вес,field_talkorus_tab_dimensions_heading,"<p class=""p1"">Высота</p>
<p class=""p1""><b>..... 1690 мм</b></p>
<p class=""p1"">Ширина</p>
<p class=""p1""><b>..... 1060 мм</b></p>
<p class=""p1"">Глубина</p>
<p class=""p1""><b>..... 880 мм</b></p>
<p class=""p1"">Вес изделия толщиной 50мм</p>
<p class=""p1""><b>..... 1456 кг</b></p>",field_talkorus_tab_dimensions_content,,field_talkorus_tab_cut_content,,field_talkorus_tab_scheme_content,,field_talkorus_tab_purpose_content,,field_talkorus_tab_advantages_content,,field_talkorus_tab_docs_content,,field_talkorus_tab_video_content,,field_talkorus_tab_projects_content,700,field_talkorus_product_feature_icon,Быстрая сухая сборка,field_talkorus_product_feature_title,686,field_talkorus_product_feature_icon,Эффективная конвекция,field_talkorus_product_feature_title,685,field_talkorus_product_feature_icon,"Система ""Чистое стекло""",field_talkorus_product_feature_title,687,field_talkorus_product_feature_icon,Облицовка Talkorus,field_talkorus_product_feature_title,4,field_talkorus_product_features
1078,simple,,,Теплонакопительная печь-камин Takka 25/1690 SA,1,0,visible,,"<p>Печь Takka 25/1690 SA -«брат» печи Kreivi.</p><p>Мы продаем не только печи из наличия. Мы также можем изготовить изделие на заказ по эскизу заказчика. Талькорус предлагает 2 вида камня. Перед вами стоит выбор между талькомагнезитом и серпентинитом. Также возможен монтаж духовки. В ней вы сможете готовить еду: мясо, рыбу, пироги, каши. За 2-2.5 часа духовка нагреется до 220 С.</p><p>Обязательно перед покупкой определитесь с местом расположения печи-камина, уточните допустимую нагрузку. В идеале необходимо залить отдельное пятно, не привязанное к общему фундаменту дома.</p><p>Перед отгрузкой каждое изделие проходит контрольную сборку. Контрольная сборка- процесс сборки перед отгрузкой для исключения брака. После сборки делаем съемку для клиента.</p><p>Компания Talkorus оказывает помощь в поиске транспортной и монтажной компании. Печь-камин приедет на адрес, так же вы сможете заранее договориться с монтажником для установки и подключению к дымоходу.</p><p>По всем вопросам обращайтесь по телефону в шапке нашего сайта. Менеджеры проконсультируют по любым вопросам. В whatsapp мы сможем показать процесс производства, фактуру камня и способы установки.</p>",,,taxable,,1,,,0,0,,,,1690,1,,,594780,"Для дома, Для дома > Печи-камины Talkorus, Для дома > Печи-камины Talkorus > Серия Лапландия",,,"https://demo.talkorus.ru/wp-content/uploads/2026/06/talkorus-kamin-30-09-23-optimized.webp, https://demo.talkorus.ru/wp-content/uploads/2026/06/talkorus-kamin-30-09-23-1-optimized.webp, https://demo.talkorus.ru/wp-content/uploads/2026/06/talkorus-kamin-30-09-23-3-optimized.webp",,,,,,,,,39,,,Площадь обогрева,60-100 м²,1,1,,,,,,1690,field_69f20d9c512d1,Стиль,Классика,1,1,Возможность готовить,Нет,1,1,,Расположение,Пристенное,1,1,,,field_talkorus_tab_description_heading,,field_talkorus_tab_description_content,Технические данные,field_talkorus_tab_technical_heading,"<p class=""p1""><b>Общие характеристики</b></p>
<p class=""p1"">Тепловой КПД</p>
<p class=""p1""><b>..... 82 %</b></p>
<p class=""p1"">Время тепловой отдачи</p>
<p class=""p1""><b>..... 16 часов часов</b></p>
<p class=""p1"">Площадь обогрева</p>
<p class=""p1""><b>..... 60-100 м²</b></p>
<p class=""p1"">Время прогрева помещения</p>
<p class=""p1""><b>..... до 4 часов</b></p>
<p class=""p1"">Длина дров</p>
<p class=""p1""><b>..... 450 мм</b></p>
<p class=""p1"">Сечение дымохода</p>
<p class=""p1""><b>..... 150 мм</b></p>
<p class=""p1""><b>Характеристики топки</b></p>
<p class=""p1"">Тип</p>
<p class=""p1""><b>..... Вихревая подовая</b></p>
<p class=""p1"">Тепловая мощность</p>
<p class=""p1""><b>..... 25 кВт</b></p>
<p class=""p1"">Толщина топочного шамотного кирпича</p>
<p class=""p1""><b>..... 75 мм</b></p>
<p class=""p1"">Характеристики облицовки</p>
<p class=""p1""><b>Порода камня</b></p>
<p class=""p1"">..... Серпентинит</p>
<p class=""p1""><b>Вид обработки</b></p>
<p class=""p1"">..... БАРХАТ</p>
<p class=""p1""><b>Толщина облицовки</b></p>
<p class=""p1"">..... 40 мм</p>",field_talkorus_tab_technical_content,Размеры и вес,field_talkorus_tab_dimensions_heading,"<p class=""p1"">Высота</p>
<p class=""p1""><b>..... 1690 мм</b></p>
<p class=""p1"">Ширина</p>
<p class=""p1""><b>..... 1060 мм</b></p>
<p class=""p1"">Глубина</p>
<p class=""p1""><b>..... 910 мм</b></p>
<p class=""p1"">Вес изделия толщиной 50мм</p>
<p class=""p1""><b>..... 1437 кг</b></p>",field_talkorus_tab_dimensions_content,,field_talkorus_tab_cut_content,,field_talkorus_tab_scheme_content,,field_talkorus_tab_purpose_content,,field_talkorus_tab_advantages_content,,field_talkorus_tab_docs_content,,field_talkorus_tab_video_content,,field_talkorus_tab_projects_content,700,field_talkorus_product_feature_icon,Быстрая сухая сборка,field_talkorus_product_feature_title,686,field_talkorus_product_feature_icon,Эффективная конвекция,field_talkorus_product_feature_title,685,field_talkorus_product_feature_icon,"Система ""Чистое стекло""",field_talkorus_product_feature_title,687,field_talkorus_product_feature_icon,Облицовка Talkorus,field_talkorus_product_feature_title,4,field_talkorus_product_features
1082,simple,,,Теплонакопительная печь-камин Rouva 25/1630 SL,1,0,visible,,"<p class=""p1"">• Назначение: обогрев помещений 60–100 м²<br />• Мощность: 25 кВт<br />• Материал облицовки: серпентинит, полированная обработка<br />• Габариты (В×Ш×Г): 1630 × 1000 × 870 мм</p><p class=""p1"">«Rouva 25/1630 SL» — статусная теплонакопительная печь-камин TALKORUS для домов среднего и большого метража. Модель сочетает мощный фронт огня с длительной каменной инерцией: в активной фазе обеспечивается быстрый разгон объёма, а после прогорания закладки серпентинит долго отдаёт мягкое инфракрасное тепло, удерживая комфортные значения без «пилообразной» динамики.</p><p class=""p1"">Как работает теплонакопительная схема<br />В отличие от лёгких металлических каминов, которые остывают сразу после затухания пламени, «Rouva» заключена в массив из натурального серпентинита. Каменная оболочка аккумулирует избыток энергии в пике горения и плавно возвращает его в помещение в течение многих часов. Естественная конвекция вдоль корпуса ускоряет вывод системы на рабочий режим, а затем главную роль берёт на себя каменная масса — тепло ощущается ровным и «бархатным».</p><p class=""p1"">Материалы и финиш<br />Серпентинит — плотная, стабильная порода с глубокой тёмно-зелёной гаммой и характерным природным рисунком. Полировка раскрывает графику камня, добавляет благородный блеск и подчёркивает аккуратные фаски и радиусы. Повседневный уход прост: достаточно мягкой сухой или слегка влажной салфетки без абразивов и кислот. Материал не требует покрытий — он изначально устойчив к температурным циклам и сохраняет вид десятилетиями.</p><p class=""p1"">Архитектура и пропорции<br />Высота 1630 мм формирует выразительную вертикаль, а ширина 1000 мм и глубина 870 мм обеспечивают устойчивое основание и гармоничную посадку у капитальной стены. Фирменные горизонтальные пояса делят объём на «этажи», визуально облегчая каменную массу; большая дверца со стеклом открывает широкую панораму огня и делает камин центром гостиной. Скруглённые кромки и радиусные элементы добавляют тактильной мягкости и повышают безопасность.</p><p class=""p1"">Тепловое поведение и режимы<br />Номинальная мощность 25 кВт позволяет уверенно работать на площади 60–100 м², быстро прогревать охлаждённый дом и долго удерживать заданный фон после прогорания. В межсезонье часто хватает одной закладки на вечер; зимой камень сглаживает пики и бережно поддерживает температуру между подбросами. Тепло воспринимается телом естественно, без жёстких лучистых зон у стен и без пересушивания воздуха.</p><p class=""p1"">Размещение и монтаж<br />«Rouva 25/1630 SL» удобно ставить у капитальной стены или в угловой зоне с верхним подключением дымохода. В проекте предусматривают ровное прочное основание, компенсационные зазоры до стен, негорючую площадку перед дверцей и прямой доступ к ревизии канала. Привязка верхнего пояса к горизонтам мебели/окон помогает визуально «встроить» камин в архитектуру помещения.</p><p class=""p1"">Удобство эксплуатации<br />Крупная дверца облегчает закладку; герметичный контур поддерживает стабильную тягу и чистое стекло при сухих дровах. Полированная поверхность камня легко очищается и устойчиво переносит температурные циклы. Радиусы на кромках снижают риск случайных сколов и делают обслуживание безопасным.</p><p class=""p1"">Сочетаемость и сценарии<br />Глубокий тон серпентинита подчёркивает натуральные материалы — термодревесину, микробетон, минеральные штукатурки, натуральные ткани. Боковая тёплая подсветка вызывает красивую игру бликов, а пламя в дверце формирует эмоциональный центр гостиной. «Rouva» уместна в современном минимализме и в классике — каменная масса добавляет дому устойчивости и спокойствия.</p><p class=""p1"">Итог<br />Теплонакопительная печь‑камин «Rouva 25/1630 SL» — это 25 кВт живого огня и долгой каменной инерции в корпусе из полированного серпентинита. Габариты 1630×1000×870 мм дают гармоничные пропорции и устойчивость, а продуманная конструкция обеспечивает ровный, комфортный микроклимат в доме 60–100 м².</p>",,,taxable,,1,,,0,0,,,,1630,1,,,602800,"Для дома, Для дома > Печи-камины Talkorus, Для дома > Печи-камины Talkorus > Серия Лапландия",,,"https://demo.talkorus.ru/wp-content/uploads/2026/06/pech-kamin-rouva-25-sl-talkorus.ru-987-1-optimized.webp, https://demo.talkorus.ru/wp-content/uploads/2026/06/pech-kamin-rouva-25-sl-talkorus.ru-987-2-optimized.webp, https://demo.talkorus.ru/wp-content/uploads/2026/06/pech-kamin-rouva-25-sl-talkorus.ru-987-3-optimized.webp, https://demo.talkorus.ru/wp-content/uploads/2026/06/pech-kamin-rouva-25-talkorus-1-optimized.webp, https://demo.talkorus.ru/wp-content/uploads/2026/06/pech-kamin-rouva-25-talkorus-2-optimized.webp, https://demo.talkorus.ru/wp-content/uploads/2026/06/pech-kamin-rouva-25-talkorus-3-optimized.webp, https://demo.talkorus.ru/wp-content/uploads/2026/06/pech-kamin-rouva-25-sl-talkorus.ru-987-1-768x560-optimized.webp, https://demo.talkorus.ru/wp-content/uploads/2026/06/pech-kamin-rouva-25-sl-talkorus.ru-987-2-768x560-optimized.webp, https://demo.talkorus.ru/wp-content/uploads/2026/06/pech-kamin-rouva-25-sl-talkorus.ru-987-3-768x560-optimized.webp, https://demo.talkorus.ru/wp-content/uploads/2026/06/pech-kamin-rouva-25-talkorus-1-768x560-optimized.webp, https://demo.talkorus.ru/wp-content/uploads/2026/06/pech-kamin-rouva-25-talkorus-2-768x560-optimized.webp, https://demo.talkorus.ru/wp-content/uploads/2026/06/pech-kamin-rouva-25-talkorus-3-768x560-optimized.webp",,,,,,,,,40,,,Площадь обогрева,60-100 м²,1,1,,,,,,1630,field_69f20d9c512d1,Стиль,Модерн,1,1,Возможность готовить,Нет,1,1,,Расположение,Пристенное,1,1,,,field_talkorus_tab_description_heading,,field_talkorus_tab_description_content,Технические данные,field_talkorus_tab_technical_heading,"<p class=""p1""><b>Общие характеристики</b></p>
<p class=""p1"">Тепловой КПД</p>
<p class=""p1""><b>..... 82 %</b></p>
<p class=""p1"">Время тепловой отдачи</p>
<p class=""p1""><b>..... 16 часов часов</b></p>
<p class=""p1"">Площадь обогрева</p>
<p class=""p1""><b>..... 60-100 м²</b></p>
<p class=""p1"">Время прогрева помещения</p>
<p class=""p1""><b>..... от 1 до 3 часов</b></p>
<p class=""p1"">Длина дров</p>
<p class=""p1""><b>..... 400 мм</b></p>
<p class=""p1"">Сечение дымохода</p>
<p class=""p1""><b>..... 150 мм</b></p>
<p class=""p1""><b>Характеристики топки</b></p>
<p class=""p1"">Тип</p>
<p class=""p1""><b>..... Вихревая подовая</b></p>
<p class=""p1"">Тепловая мощность</p>
<p class=""p1""><b>..... 25 кВт</b></p>
<p class=""p1"">Толщина топочного шамотного кирпича</p>
<p class=""p1""><b>..... 75 мм</b></p>
<p class=""p1"">Высота топки</p>
<p class=""p1""><b>..... 460 мм</b></p>
<p class=""p1"">Ширина топки</p>
<p class=""p1""><b>..... 460 мм</b></p>
<p class=""p1"">Глубина топки</p>
<p class=""p1""><b>..... 380 мм</b></p>
<p class=""p1"">Характеристики облицовки</p>
<p class=""p1""><b>Порода камня</b></p>
<p class=""p1"">..... Серпентинит</p>
<p class=""p1""><b>Вид обработки</b></p>
<p class=""p1"">..... ПОЛИРОВКА</p>
<p class=""p1""><b>Толщина облицовки</b></p>
<p class=""p1"">..... 40 мм</p>",field_talkorus_tab_technical_content,Размеры и вес,field_talkorus_tab_dimensions_heading,"<p class=""p1"">Высота</p>
<p class=""p1""><b>..... 1630 мм</b></p>
<p class=""p1"">Ширина</p>
<p class=""p1""><b>..... 1000 мм</b></p>
<p class=""p1"">Глубина</p>
<p class=""p1""><b>..... 870 мм</b></p>",field_talkorus_tab_dimensions_content,,field_talkorus_tab_cut_content,,field_talkorus_tab_scheme_content,,field_talkorus_tab_purpose_content,,field_talkorus_tab_advantages_content,,field_talkorus_tab_docs_content,,field_talkorus_tab_video_content,,field_talkorus_tab_projects_content,700,field_talkorus_product_feature_icon,Быстрая сухая сборка,field_talkorus_product_feature_title,686,field_talkorus_product_feature_icon,Эффективная конвекция,field_talkorus_product_feature_title,685,field_talkorus_product_feature_icon,"Система ""Чистое стекло""",field_talkorus_product_feature_title,687,field_talkorus_product_feature_icon,Облицовка Talkorus,field_talkorus_product_feature_title,4,field_talkorus_product_features
1095,simple,,,Теплонакопительная печь-камин Katarina-25,1,0,visible,,"<p>Теплонакопительная печь-камин Talkorus Katarina 25 из камня «серебро Лапландии».</p><p>Вихревая топка подового горения, система конвекции и теплоотдача натурального камня до 16 часов – все это Talkorus.</p><p>Вся продукция Талькорус оснащена двухоборотной топкой, таким образом вы получаете максимальный КПД. Печи камины Talkorus славятся КПД сжигаемого топлива до 82%. При этом температура газов в дымоходе составляет до 200°С из-за двухоборотной системы газоходов.</p><p>Перед отправкой печи-камина клиенту, мы проводим контрольную сборку, чтобы исключить брак и показать результаты нашей работы. После мы разбираем камин и аккуратно упаковываем, ищем машину и отправляем до адреса.</p><p>Обратите внимание, что заказы, поступающие на производство делаются с нуля, поэтому в период сезона строительства учитывайте загруженность производства. Всю информацию вы сможете получить позвонив по номеру в шапке нашего сайта.</p><p>Талькорус постоянно развивается и недавно мы сделали сертификат “Сделано в Карелии”, теперь продукция Талькорус представлена в интернет-магазине “Сделано в Карелии”</p><p>Как купить эффективную печь камин и не ошибиться? Вам достаточно, позвонить и Талькорус поможет с выбором модели. Более того наши менеджеры расскажут об особенностях нашей продукции.</p><p></p>",,,taxable,,1,,,0,0,,,,1820,1,,,689470,"Для дома, Для дома > Печи-камины Talkorus, Для дома > Печи-камины Talkorus > Серия Лапландия",,,"https://demo.talkorus.ru/wp-content/uploads/2026/06/talkorus-katarina_3-optimized.png, https://demo.talkorus.ru/wp-content/uploads/2026/06/talkorus-katarina_2-optimized.png, https://demo.talkorus.ru/wp-content/uploads/2026/06/talkorus-katarina_1-optimized.png",,,,,,,,,41,,,Площадь обогрева,60-100 м²,1,1,,,,,,1820,field_69f20d9c512d1,Стиль,Эксклюзив,1,1,Возможность готовить,Нет,1,1,,Расположение,Пристенное,1,1,,,field_talkorus_tab_description_heading,,field_talkorus_tab_description_content,Технические данные,field_talkorus_tab_technical_heading,"<p class=""p1""><b>Общие характеристики</b></p>
<p class=""p1"">Тепловой КПД</p>
<p class=""p1""><b>..... 82 %</b></p>
<p class=""p1"">Время тепловой отдачи</p>
<p class=""p1""><b>..... до 16 часов</b></p>
<p class=""p1"">Площадь обогрева</p>
<p class=""p1""><b>..... 60-100 м²</b></p>
<p class=""p1"">Время прогрева помещения</p>
<p class=""p1""><b>..... от 2,5 до 4 часов</b></p>
<p class=""p1"">Длина дров</p>
<p class=""p1""><b>..... 450 мм</b></p>
<p class=""p1"">Сечение дымохода</p>
<p class=""p1""><b>..... 150 мм</b></p>
<p class=""p1""><b>Характеристики топки</b></p>
<p class=""p1"">Тип</p>
<p class=""p1""><b>..... Вихревая подовая</b></p>
<p class=""p1"">Тепловая мощность</p>
<p class=""p1""><b>..... 25 кВт</b></p>
<p class=""p1"">Толщина топочного шамотного кирпича</p>
<p class=""p1""><b>..... 75 мм</b></p>
<p class=""p1"">Высота топки</p>
<p class=""p1""><b>..... 460 мм</b></p>
<p class=""p1"">Ширина топки</p>
<p class=""p1""><b>..... 570/460 мм</b></p>
<p class=""p1"">Глубина топки</p>
<p class=""p1""><b>..... 380 мм</b></p>
<p class=""p1"">Характеристики облицовки</p>
<p class=""p1""><b>Порода камня</b></p>
<p class=""p1"">..... Lappia Silver</p>
<p class=""p1""><b>Вид обработки</b></p>
<p class=""p1"">..... ПРЕМИУМ</p>
<p class=""p1""><b>Толщина облицовки</b></p>
<p class=""p1"">..... 50 мм</p>",field_talkorus_tab_technical_content,Размеры и вес,field_talkorus_tab_dimensions_heading,"<p class=""p1"">Высота</p>
<p class=""p1""><b>..... 1820 мм</b></p>
<p class=""p1"">Ширина</p>
<p class=""p1""><b>..... 1120 мм</b></p>
<p class=""p1"">Глубина</p>
<p class=""p1""><b>..... 920 мм</b></p>
<p class=""p1"">Вес изделия толщиной 50мм</p>
<p class=""p1""><b>..... 1370 кг</b></p>",field_talkorus_tab_dimensions_content,,field_talkorus_tab_cut_content,,field_talkorus_tab_scheme_content,,field_talkorus_tab_purpose_content,,field_talkorus_tab_advantages_content,,field_talkorus_tab_docs_content,,field_talkorus_tab_video_content,,field_talkorus_tab_projects_content,700,field_talkorus_product_feature_icon,Быстрая сухая сборка,field_talkorus_product_feature_title,686,field_talkorus_product_feature_icon,Эффективная конвекция,field_talkorus_product_feature_title,685,field_talkorus_product_feature_icon,"Система ""Чистое стекло""",field_talkorus_product_feature_title,687,field_talkorus_product_feature_icon,Облицовка Talkorus,field_talkorus_product_feature_title,4,field_talkorus_product_features
1099,simple,,,Теплонакопительная печь-камин Koski 20/1710,1,0,visible,,"<p>Теплонакопительная печь-камин Koski 20 1710 из натурального камня серпентинита поможет обогреть помещение площадью от 40 до 80 квадратных метров. Сочетание прочности и эстетичности делает данную печь функциональным декоративным элементом.</p><h2>Характеристики печи</h2><p>Мощность этой печи составляет 20 киловатт. Это позволяет быстро прогреть даже большие помещения. Благодаря конвекционной системе повышенной мощности камин равномерно распределяет тепловую энергию по всей площади помещения, создавая комфортную температуру в доме.</p><p>Также печь обладает повышенным показателем теплоотдачи. Она отдает тепло до 15 часов. После того, как печь нагреется, она будет равномерно отдавать тепло в течение продолжительного времени. Такая теплоотдача позволяет сэкономить на энергозатратах. За счет наличия внешней облицовки (отделки) из натурального серпентинитового камня показатели теплоэффективности печи в 2-2,5 раза превышают показатели стандартного печного кирпича.</p><p>Максимальное время прогрева составляет 3 часа (для помещений площадью 80 квадратных метров). Это значит, что можно за короткое время создать дома оптимальную температуру и микроклимат. Это особенно важно для людей, которые проживают в северных регионах.</p><p>Устанавливается печь Koski 20 1710 без особых усилий. Благодаря системе сухой сборки вы сможете самостоятельно установить камин без специальных приспособлений. Все элементы конструкции легко соединяются между собой. Это экономит время и силы.</p><h2>Преимущества облицовки из серпентинита</h2><ol><li style=""font-weight: 400"">Высокая декоративность. В природе серпентинит имеет очень интересные “расцветки”, что позволяет создавать с его помощью дизайнерские композиции. Также камень хорошо подвергается фактурной обработке (в частности антик (искусственное состаривание)).</li><li style=""font-weight: 400"">Устойчивость к царапинам, потертостям, сколам и трещинам.</li><li style=""font-weight: 400"">Неподверженность деформации под воздействием температур до 1300 градусов.</li></ol><p>Теплонакопительный камин из натурального камня серпентинита — оптимальное решение для тех, кто ищет надежное отопительное оборудование. Камин обеспечит комфортный микроклимат в помещении, позволит сохранить тепло даже после выключения, а также станет украшением интерьера. Оставьте заявку сейчас и уже скоро сможете наслаждаться уютом в доме!</p>",,,taxable,,1,,,0,0,,,,1710,1,,,729210,"Для дома, Для дома > Печи-камины Talkorus, Для дома > Печи-камины Talkorus > Серия Лапландия",,,"https://demo.talkorus.ru/wp-content/uploads/2026/06/koski-talkorus-2-optimized.jpg, https://demo.talkorus.ru/wp-content/uploads/2026/06/koski-talkorus-3-optimized.jpg, https://demo.talkorus.ru/wp-content/uploads/2026/06/koski-talkorus-optimized.jpg",,,,,,,,,42,,,Площадь обогрева,40-80 м²,1,1,,,,,,1710,field_69f20d9c512d1,Стиль,Эксклюзив,1,1,Возможность готовить,Нет,1,1,,Расположение,Пристенное,1,1,,,field_talkorus_tab_description_heading,,field_talkorus_tab_description_content,Технические данные,field_talkorus_tab_technical_heading,"<p class=""p1""><b>Общие характеристики</b></p>
<p class=""p1"">Тепловой КПД</p>
<p class=""p1""><b>..... 82 %</b></p>
<p class=""p1"">Время тепловой отдачи</p>
<p class=""p1""><b>..... 15 часов часов</b></p>
<p class=""p1"">Площадь обогрева</p>
<p class=""p1""><b>..... 40-80 м²</b></p>
<p class=""p1"">Время прогрева помещения</p>
<p class=""p1""><b>..... от 2 до 4 часов</b></p>
<p class=""p1"">Длина дров</p>
<p class=""p1""><b>..... 400 мм</b></p>
<p class=""p1"">Сечение дымохода</p>
<p class=""p1""><b>..... 130 мм</b></p>
<p class=""p1""><b>Характеристики топки</b></p>
<p class=""p1"">Тип</p>
<p class=""p1""><b>..... Вихревая подовая</b></p>
<p class=""p1"">Тепловая мощность</p>
<p class=""p1""><b>..... 20 кВт</b></p>
<p class=""p1"">Толщина топочного шамотного кирпича</p>
<p class=""p1""><b>..... 65 мм</b></p>
<p class=""p1"">Высота топки</p>
<p class=""p1""><b>..... 460 мм</b></p>
<p class=""p1"">Ширина топки</p>
<p class=""p1""><b>..... 240/350 мм</b></p>
<p class=""p1"">Глубина топки</p>
<p class=""p1""><b>..... 260 мм</b></p>
<p class=""p1"">Характеристики облицовки</p>
<p class=""p1""><b>Порода камня</b></p>
<p class=""p1"">..... Серпентинит</p>
<p class=""p1""><b>Вид обработки</b></p>
<p class=""p1"">..... БАРХАТ</p>
<p class=""p1""><b>Толщина облицовки</b></p>
<p class=""p1"">..... 50 мм</p>",field_talkorus_tab_technical_content,Размеры и вес,field_talkorus_tab_dimensions_heading,"<p class=""p1"">Высота</p>
<p class=""p1""><b>..... 1710 мм</b></p>
<p class=""p1"">Ширина</p>
<p class=""p1""><b>..... 775 мм</b></p>
<p class=""p1"">Глубина</p>
<p class=""p1""><b>..... 775 мм</b></p>
<p class=""p1"">Вес изделия толщиной 50мм</p>
<p class=""p1""><b>..... 1100 кг</b></p>",field_talkorus_tab_dimensions_content,,field_talkorus_tab_cut_content,,field_talkorus_tab_scheme_content,,field_talkorus_tab_purpose_content,,field_talkorus_tab_advantages_content,,field_talkorus_tab_docs_content,,field_talkorus_tab_video_content,,field_talkorus_tab_projects_content,700,field_talkorus_product_feature_icon,Быстрая сухая сборка,field_talkorus_product_feature_title,686,field_talkorus_product_feature_icon,Эффективная конвекция,field_talkorus_product_feature_title,685,field_talkorus_product_feature_icon,"Система ""Чистое стекло""",field_talkorus_product_feature_title,687,field_talkorus_product_feature_icon,Облицовка Talkorus,field_talkorus_product_feature_title,4,field_talkorus_product_features
1103,simple,,,Теплонакопительная печь-камин Kreivi 25/1800 SL,1,0,visible,,"<p class=""p1"">• Назначение: обогрев помещений 60–100 м²<br />• Мощность: 25 кВт<br />• Материал: серпентинит, полированная обработка<br />• Габариты (В×Ш×Г): 1800 × 1730/1000 × 870 мм<br />• Компоновка: каминный модуль + встроенный дровяник (ступенчатые ниши)</p><p class=""p1"">«Kreivi 25/1800 SL» — старший представитель семейства теплонакопительных печей-каминов TALKORUS, рассчитанный на уверенный прогрев домов площадью от 60 до 100 м². Это архитектурный объект с полноценной каменной инерцией и мощным фронтом огня: в активной фазе вы получаете зрелищное пламя и быстрый разгон объёма, а после прогорания закладки пространство ещё долго держит мягкое, равномерное тепло без «пилообразной» динамики.</p><p class=""p1"">Принцип работы теплонакопительной конструкции<br />Ключ к характеру «Kreivi» — массив облицовки из натурального серпентинита. Полированные панели образуют каминный «монолит» вокруг топочного блока. Во время горения камень принимает на себя избыточную энергию и запасает её; когда активная фаза заканчивается, массив отдаёт накопленное мягким инфракрасным излучением, выравнивая температурный фон. В результате воздух не пересушивается, стены не перегреваются точечно, а ощущение тепла сохраняется многие часы.</p><p class=""p1"">Материал и финиш<br />Серпентинит — прочная, стабильная порода с глубокой тёмно-зелёной гаммой и выразительным природным рисунком. Полировка раскрывает графику камня, усиливает светотеневой контраст и придаёт поверхности статусный блеск. Такой финиш легко поддерживать: достаточно мягкой сухой или слегка влажной салфетки без абразивов и кислот. По тактильным ощущениям полированный камень остаётся «тёплым» и гладким, не цепляет светильники бликами — фаски и радиусы корректно «снимают» лишний блик.</p><p class=""p1"">Дизайн и компоновка: камин с дровяником<br />Фирменный силуэт «Kreivi» — высокий каминный объём, дополненный ступенчатым блоком дровяника слева. В нишах удобно хранить сухие поленья, сортировать порционные заготовки и выкладывать растопку; при этом камень вокруг ниш сохраняет монолитность и не перегружает фасад. Такая компоновка решает сразу две задачи: практику (топливо всегда под рукой) и архитектуру (ступени визуально «привязывают» камин к горизонтам комнаты). Широкая дверца со стеклом открывает панорамный вид на огонь и формирует эмоциональный центр гостиной.</p><p class=""p1"">Габариты и размещение<br />Высота 1800 мм создаёт выразительную вертикаль, а ширина 1730/1000 мм и глубина 870 мм обеспечивают устойчивое основание и комфортную посадку у капитальной стены. При проектировании закладывают ровную прочную базу, компенсационные зазоры до стен и негорючую площадку перед дверцей. Вертикальный дымоход выводится вверх; доступ к ревизии каналов и топочного блока предусмотрен спереди и сбоку.</p><p class=""p1"">Тепловое поведение и режимы<br />Номинальная мощность 25 кВт позволяет быстро прогревать холодный дом и уверенно держать температуру в морозные дни. В активной фазе грамотная естественная конвекция вокруг корпуса ускоряет разгон объёма; после затухания закладки массив серпентинита продолжает работать как большой аккумулятор — теплоотдача мягкая, равномерная, без перегрева локальных зон. Это особенно заметно в открытых планировках и помещениях с высоким потолком: комфорт держится «длинной волной», а не скачками.</p><p class=""p1"">Удобство эксплуатации<br />Ступенчатые ниши дровяника вмещают запас сухих поленьев на несколько топок и избавляют от необходимости ставить отдельные корзины. Полированная поверхность практична в уборке; фаски и радиусные кромки защищают углы от сколов. Большая дверца упрощает закладку и обслуживание, а широкая каменная площадка внизу — удобное место для инструмента и перчаток во время растопки.</p><p class=""p1"">Сценарии применения<br />— Основной источник тепла в межсезонье и поддерживающий — зимой для дома 60–100 м².<br />— Центр гостиной в загородном доме, где огонь и каменная масса формируют уютную, «долгую» атмосферу.<br />— Гостевой дом/шале с открытой планировкой: быстрый выход на режим и длительная отдача без частых подбросов.</p><p class=""p1"">Сочетаемость в интерьере<br />Глубокий тон серпентинита подчёркивает натуральные материалы — термодревесину, микробетон, минеральные штукатурки, натуральный текстиль. Достаточно боковой тёплой подсветки, чтобы рельеф камня заиграл и камин стал композиционным центром. Ступенчатый дровяник задаёт удобную высоту для лавки или консоли; «ступени» можно использовать как подиум для аксессуаров, не перегружая фасад.</p><p class=""p1"">Монтаж и рекомендации<br />Соблюдайте требования к основанию и дымоходу, выдерживайте компенсационные зазоры и защищайте пол перед дверцей негорючим материалом. Привяжите горизонт полки и линию верхнего пояса к архитектуре помещения — так камин визуально «встроится» в пространство. Для стабильной тяги используйте правильно высушенные дрова и корректный подбор высоты дымохода согласно паспорту.</p><p class=""p1"">Итог<br />«Kreivi 25/1800 SL» — это 25 кВт живого огня, мощная каменная инерция и продуманный блок дровяника в едином архитектурном теле. Полированный серпентинит делает объект благородным и долговечным, а продуманная геометрия обеспечивает и практику, и визуальную цельность. Для домов 60–100 м² это надёжный способ получить «длинное» тепло и яркий центр гостиной без компромиссов.</p>",,,taxable,,1,,,0,0,,,,1800,1,,,772300,"Для дома, Для дома > Печи-камины Talkorus, Для дома > Печи-камины Talkorus > Серия Лапландия",,,"https://demo.talkorus.ru/wp-content/uploads/2026/06/pech-kamin-krevi-20-1800-talkorus-1-optimized.webp, https://demo.talkorus.ru/wp-content/uploads/2026/06/pech-kamin-krevi-20-1800-talkorus-2-optimized.webp, https://demo.talkorus.ru/wp-content/uploads/2026/06/pech-kamin-krevi-20-1800-talkorus-3-optimized.webp, https://demo.talkorus.ru/wp-content/uploads/2026/06/pech-kamin-krevi-20-1800-talkorus-4-optimized.webp, https://demo.talkorus.ru/wp-content/uploads/2026/06/pech-kamin-krevi-20-1800-talkorus-5-optimized.webp, https://demo.talkorus.ru/wp-content/uploads/2026/06/pech-kamin-krevi-20-1800-talkorus-6-optimized.webp, https://demo.talkorus.ru/wp-content/uploads/2026/06/pech-kamin-krevi-20-1800-talkorus-1-768x560-optimized.webp, https://demo.talkorus.ru/wp-content/uploads/2026/06/pech-kamin-krevi-20-1800-talkorus-2-768x560-optimized.webp, https://demo.talkorus.ru/wp-content/uploads/2026/06/pech-kamin-krevi-20-1800-talkorus-3-768x560-optimized.webp, https://demo.talkorus.ru/wp-content/uploads/2026/06/pech-kamin-krevi-20-1800-talkorus-4-768x560-optimized.webp, https://demo.talkorus.ru/wp-content/uploads/2026/06/pech-kamin-krevi-20-1800-talkorus-5-768x560-optimized.webp, https://demo.talkorus.ru/wp-content/uploads/2026/06/pech-kamin-krevi-20-1800-talkorus-6-768x560-optimized.webp",,,,,,,,,43,,,Площадь обогрева,60-100 м²,1,1,,,,,,1800,field_69f20d9c512d1,Стиль,Модерн,1,1,Возможность готовить,Нет,1,1,,Расположение,Пристенное,1,1,,,field_talkorus_tab_description_heading,,field_talkorus_tab_description_content,Технические данные,field_talkorus_tab_technical_heading,"<p class=""p1""><b>Общие характеристики</b></p>
<p class=""p1"">Тепловой КПД</p>
<p class=""p1""><b>..... 82 %</b></p>
<p class=""p1"">Время тепловой отдачи</p>
<p class=""p1""><b>..... 16 часов часов</b></p>
<p class=""p1"">Площадь обогрева</p>
<p class=""p1""><b>..... 60-100 м²</b></p>
<p class=""p1"">Время прогрева помещения</p>
<p class=""p1""><b>..... от 1 до 3 часов</b></p>
<p class=""p1"">Длина дров</p>
<p class=""p1""><b>..... 400 мм</b></p>
<p class=""p1"">Сечение дымохода</p>
<p class=""p1""><b>..... 150 мм</b></p>
<p class=""p1""><b>Характеристики топки</b></p>
<p class=""p1"">Тип</p>
<p class=""p1""><b>..... Вихревая подовая</b></p>
<p class=""p1"">Тепловая мощность</p>
<p class=""p1""><b>..... 25 кВт</b></p>
<p class=""p1"">Толщина топочного шамотного кирпича</p>
<p class=""p1""><b>..... 75 мм</b></p>
<p class=""p1"">Высота топки</p>
<p class=""p1""><b>..... 460 мм</b></p>
<p class=""p1"">Ширина топки</p>
<p class=""p1""><b>..... 460 мм</b></p>
<p class=""p1"">Глубина топки</p>
<p class=""p1""><b>..... 380 мм</b></p>
<p class=""p1"">Характеристики облицовки</p>
<p class=""p1""><b>Порода камня</b></p>
<p class=""p1"">..... Серпентинит</p>
<p class=""p1""><b>Вид обработки</b></p>
<p class=""p1"">..... ПОЛИРОВКА</p>
<p class=""p1""><b>Толщина облицовки</b></p>
<p class=""p1"">..... 40 мм</p>",field_talkorus_tab_technical_content,Размеры и вес,field_talkorus_tab_dimensions_heading,"<p class=""p1"">Высота</p>
<p class=""p1""><b>..... 1800 мм</b></p>
<p class=""p1"">Ширина</p>
<p class=""p1""><b>..... 1730/1000 мм</b></p>
<p class=""p1"">Глубина</p>
<p class=""p1""><b>..... 870 мм</b></p>",field_talkorus_tab_dimensions_content,,field_talkorus_tab_cut_content,,field_talkorus_tab_scheme_content,,field_talkorus_tab_purpose_content,,field_talkorus_tab_advantages_content,,field_talkorus_tab_docs_content,,field_talkorus_tab_video_content,,field_talkorus_tab_projects_content,700,field_talkorus_product_feature_icon,Быстрая сухая сборка,field_talkorus_product_feature_title,686,field_talkorus_product_feature_icon,Эффективная конвекция,field_talkorus_product_feature_title,685,field_talkorus_product_feature_icon,"Система ""Чистое стекло""",field_talkorus_product_feature_title,687,field_talkorus_product_feature_icon,Облицовка Talkorus,field_talkorus_product_feature_title,4,field_talkorus_product_features
1117,simple,,,Теплонакопительная печь-камин Карелочка LUX,1,0,visible,,"<h2 class=""p1"">Печь-камин «Карелочка Lux» — серпентинит, полировка</h2><p class=""p1"">«Карелочка Lux» — теплонакопительная печь‑камин TALKORUS для небольших домов и дачных сценариев, когда важно быстро выйти на комфорт и затем удерживать тепло инерцией камня. Габариты корпуса — 1040×600×660 мм: модель остаётся компактной по посадке, но работает «по‑взрослому» за счёт сочетания стального несущего блока, разборного шамотного топливника и облицовки из серпентинита.</p><h2 class=""p1"">Дизайн и архитектура</h2><p class=""p1"">Визуально это аккуратный прямоугольный монолит с выраженной «крышкой» и нижним подиумом. Фасад читается строго: широкие плоскости камня, тонкие горизонтальные стыки рядов и топочная дверца, утопленная в рамку. Полированная обработка работает как «витрина» для рисунка породы: появляются аккуратные переливы, а поверхность выглядит строже и наряднее — хороший вариант для современного интерьера и светлых отделок. Печь выглядит цельно и не перегружает интерьер — особенно там, где рядом дерево, штукатурка, бетон или натуральный камень.</p><h2 class=""p1"">Конструкция и газодинамика</h2><p class=""p1"">Несущий корпус печи‑камина — стальной. Внутри установлен топливник из шамотного кирпича: элементы не посажены на клей, а вставлены в пазы, поэтому при обслуживании отдельные детали можно заменить через топочную дверцу, без разборки облицовки. Над факелом расположена чугунная плита‑отбойник — она задаёт разворот газового потока и помогает равномерно «нагружать» теплом корпус.</p><p class=""p1"">Газодинамика — фирменная для печей‑каминов TALKORUS: подовое горение и двухоборотная схема. Поток поднимается вверх к чугунной плите, разворачивается на 180°, далее уходит в правый и левый нисходящие каналы между шамотом и сталью, внизу собирается под подом и поднимается по заднему восходящему каналу к подключению дымохода. Смысл схемы практичный: тепло задерживается в корпусе и передаётся камню, а не «улетает» в трубу.</p><h2 class=""p1"">Подача воздуха и управление</h2><p class=""p1"">Основная подача воздуха — первичная и регулируемая. В зоне фартука/дверцы предусмотрены отверстия и шторка‑ползунок: смещая её, вы дозируете воздух и тем самым управляете интенсивностью горения. Отдельных каналов вторичного дожига в зоне факела нет, поэтому на чистоту горения сильнее всего влияют три вещи: тяга, сухость дров и положение шторки.</p><h2 class=""p1"">Режим разогрева дымохода — ручка короткого хода</h2><p class=""p1"">В печах‑каминах TALKORUS есть ручка короткого хода (стандартно справа на боковой стенке), которая переводит газовый тракт из двухоборотного режима в прямоток.</p><p class=""p1"">• Перед розжигом вытяните ручку — прямоток помогает быстрее прогреть дымоход и стабилизировать тягу. Обычно достаточно 10–15 минут.</p><p class=""p1"">• После прогрева обязательно задвиньте ручку до упора — печь возвращается в штатный двухоборотный режим, и каменная масса прогревается максимально эффективно.</p><p class=""p1"">• При проблемной тяге допустимо кратковременно вытянуть ручку на момент подкладки дров и сразу вернуть её в рабочее положение.</p><h2 class=""p1"">Конвекция и теплонакопление</h2><p class=""p1"">Быстрый старт по теплу обеспечивает естественная конвекция. Между стальным топливным блоком и каменной облицовкой оставлен периметральный воздушный зазор: снизу воздух забирается через окна, проходит вдоль нагретых стенок и выходит через верхние отверстия под крышкой. Потоки тихие, без вентиляторов и автоматики.</p><p class=""p1"">Дальше включается «инерция» серпентинита: камень аккумулирует энергию и отдаёт её уже после затухания пламени мягким лучистым теплом. В комнате меньше перепадов — возле очага не «жарит», а в глубине помещения не образуется резкий провал температуры после проветривания.</p><h2 class=""p1"">Практика эксплуатации</h2><p class=""p1"">Для предсказуемой работы используйте сухие дрова (влажность до 18 %) и растапливайте «сверху» — так печь быстрее выходит на устойчивую тягу, а стекло дольше остаётся чистым. Важен приток воздуха в дом: герметичные окна без приточной вентиляции часто дают нестабильный режим горения. Дымоход подключают по паспорту изделия, а диаметр Ø и высоту выбирают расчётом под конкретный объект; предпочтительна вертикальная трасса с минимумом поворотов.</p><h2 class=""p1"">Монтаж и подключение</h2><p class=""p1"">Основание должно быть ровным и жёстким, с достаточной несущей способностью под массу каменной облицовки. Узлы прохода перекрытий и кровли выполняют сертифицированными элементами; ревизия и чистка дымохода должны быть предусмотрены заранее. Монтаж лучше доверять квалифицированной бригаде: здесь важны не «хитрые настройки», а аккуратная геометрия, корректная тяга и соблюдение узлов подключения.</p><h2 class=""p1"">Уход и ресурс</h2><p class=""p1"">Уход за серпентинитом зависит от обработки. Полировка облегчает уборку: поверхность проще протереть, но важно использовать мягкие салфетки, чтобы не тащить по камню песчинки. В любом случае избегайте абразивов и кислотных составов; для камня подходят нейтральные средства для натуральных пород. Стекло протирают после полного остывания. Если потребуется сервис, разборный шамот в пазах позволяет заменить отдельный элемент топливника через дверцу — без демонтажа облицовки.</p><h2 class=""p1"">Итог</h2><p class=""p1"">«Карелочка Lux» — это компактная печь‑камин с честной инженерией: подовое горение, двухоборотная газодинамика, ремонтопригодный шамотный топливник и конвекционный зазор для быстрого старта. А отделка Lux добавляет именно тот визуальный и тактильный акцент, который выбирают под интерьер и привычки эксплуатации.</p><h2 class=""p1"">FAQ</h2><p class=""p1"">На какую площадь рассчитана «Карелочка»?</p><p class=""p1"">Ориентир выбирают по теплопотерям дома, высоте потолков и вентиляции. По классу это «пятнашка» линейки: для небольших и средних помещений при нормальном утеплении.</p><p class=""p1"">Чем отличаются обработки Antik, полировка и Premium?</p><p class=""p1"">Antik — щёточная матовая поверхность с мягкой светотенью; полировка даёт блеск и подчёркивает рисунок породы; Premium — «антик» + точечная подполи­ровка твёрдых зон с контрастными тёмными пятнами.</p><p class=""p1"">Зачем нужна ручка короткого хода?</p><p class=""p1"">Чтобы на старте быстро прогреть дымоход и стабилизировать тягу: 10–15 минут прямотока, затем обязательный возврат в двухоборотный режим.</p><p class=""p1"">Почему нет вторичного дожига? Это плохо?</p><p class=""p1"">В этой конструкции ставка сделана на простую первичную подачу воздуха и устойчивую тягу. При сухих дровах и правильной растопке «сверху» режим получается чистым и предсказуемым.</p><p class=""p1"">Как ухаживать за камнем и стеклом?</p><p class=""p1"">Камень — сухая уборка и нейтральные средства для натуральных пород, без абразивов и кислот. Стекло — после остывания; при сухих дровах налёт образуется заметно медленнее.</p><p class=""p1"">Какие требования к дымоходу важнее всего?</p><p class=""p1"">Вертикальная трасса, минимум поворотов, расчёт Ø и высоты под объект, плюс обязательный приток воздуха в помещение — это базовые условия стабильной тяги.</p>",,,taxable,,1,,,0,0,,,,1040,1,,,201540,"Для дома, Для дома > Печи-камины Talkorus, Для дома > Печи-камины Talkorus > Серия Карелочка",,,"https://demo.talkorus.ru/wp-content/uploads/2026/06/teplonakopitelnaya-pech-kamin-karelochka-lux-talkorus-3-optimized.webp, https://demo.talkorus.ru/wp-content/uploads/2026/06/teplonakopitelnaya-pech-kamin-karelochka-lux-talkorus-1-1-optimized.webp, https://demo.talkorus.ru/wp-content/uploads/2026/06/teplonakopitelnaya-pech-kamin-karelochka-lux-talkorus-2-optimized.webp, https://demo.talkorus.ru/wp-content/uploads/2026/06/teplonakopitelnaya-pech-kamin-karelochka-lux-talkorus-3-768x573-optimized.webp, https://demo.talkorus.ru/wp-content/uploads/2026/06/teplonakopitelnaya-pech-kamin-karelochka-lux-talkorus-1-1-768x573-optimized.webp, https://demo.talkorus.ru/wp-content/uploads/2026/06/teplonakopitelnaya-pech-kamin-karelochka-lux-talkorus-2-768x573-optimized.webp",,,,,,,,,0,,,Площадь обогрева,30-60 м²,1,1,,,,,,1040,field_69f20d9c512d1,Стиль,Модерн,1,1,Возможность готовить,Нет,1,1,,Расположение,Пристенное,1,1,,,field_talkorus_tab_description_heading,,field_talkorus_tab_description_content,Технические данные,field_talkorus_tab_technical_heading,"<p class=""p1""><b>Общие характеристики</b></p>
<p class=""p1"">Тепловой КПД</p>
<p class=""p1""><b>..... 82 %</b></p>
<p class=""p1"">Время тепловой отдачи</p>
<p class=""p1""><b>..... до 8 часов</b></p>
<p class=""p1"">Площадь обогрева</p>
<p class=""p1""><b>..... 30-60 м²</b></p>
<p class=""p1"">Время прогрева помещения</p>
<p class=""p1""><b>..... от 2 до 4 часов</b></p>
<p class=""p1"">Длина дров</p>
<p class=""p1""><b>..... 400 мм</b></p>
<p class=""p1"">Сечение дымохода</p>
<p class=""p1""><b>..... 115 мм</b></p>
<p class=""p1""><b>Характеристики топки</b></p>
<p class=""p1"">Тип</p>
<p class=""p1""><b>..... Вихревая подовая</b></p>
<p class=""p1"">Тепловая мощность</p>
<p class=""p1""><b>..... 15 кВт</b></p>
<p class=""p1"">Толщина топочного шамотного кирпича</p>
<p class=""p1""><b>..... 40 мм</b></p>
<p class=""p1"">Высота топки</p>
<p class=""p1""><b>..... 460 мм</b></p>
<p class=""p1"">Ширина топки</p>
<p class=""p1""><b>..... 240/310 мм</b></p>
<p class=""p1"">Глубина топки</p>
<p class=""p1""><b>..... 210 мм</b></p>
<p class=""p1"">Характеристики облицовки</p>
<p class=""p1""><b>Порода камня</b></p>
<p class=""p1"">..... Серпентинит</p>
<p class=""p1""><b>Вид обработки</b></p>
<p class=""p1"">..... ПОЛИРОВКА</p>
<p class=""p1""><b>Толщина облицовки</b></p>
<p class=""p1"">..... 40 мм</p>",field_talkorus_tab_technical_content,Размеры и вес,field_talkorus_tab_dimensions_heading,"<p class=""p1"">Высота</p>
<p class=""p1""><b>..... 1040 мм</b></p>
<p class=""p1"">Ширина</p>
<p class=""p1""><b>..... 590 мм</b></p>
<p class=""p1"">Глубина</p>
<p class=""p1""><b>..... 650 мм</b></p>
<p class=""p1"">Вес изделия толщиной 40мм</p>
<p class=""p1""><b>..... 493 кг</b></p>",field_talkorus_tab_dimensions_content,,field_talkorus_tab_cut_content,,field_talkorus_tab_scheme_content,,field_talkorus_tab_purpose_content,,field_talkorus_tab_advantages_content,,field_talkorus_tab_docs_content,,field_talkorus_tab_video_content,,field_talkorus_tab_projects_content,700,field_talkorus_product_feature_icon,Быстрая сухая сборка,field_talkorus_product_feature_title,686,field_talkorus_product_feature_icon,Эффективная конвекция,field_talkorus_product_feature_title,685,field_talkorus_product_feature_icon,"Система ""Чистое стекло""",field_talkorus_product_feature_title,687,field_talkorus_product_feature_icon,Облицовка Talkorus,field_talkorus_product_feature_title,4,field_talkorus_product_features
1124,simple,,,Теплонакопительная печь-камин Карелочка PREMIUM,1,0,visible,,"<h2 class=""p1"">Печь-камин «Карелочка Premium» — серпентинит, финиш Premium</h2><p class=""p1"">«Карелочка Premium» — теплонакопительная печь‑камин TALKORUS для небольших домов и дачных сценариев, когда важно быстро выйти на комфорт и затем удерживать тепло инерцией камня. Габариты корпуса — 1040×600×660 мм: модель остаётся компактной по посадке, но работает «по‑взрослому» за счёт сочетания стального несущего блока, разборного шамотного топливника и облицовки из серпентинита.</p><h2 class=""p1"">Дизайн и архитектура</h2><p class=""p1"">Визуально это аккуратный прямоугольный монолит с выраженной «крышкой» и нижним подиумом. Фасад читается строго: широкие плоскости камня, тонкие горизонтальные стыки рядов и топочная дверца, утопленная в рамку. Финиш Premium строится на контрасте: базовая «антик»‑матовость и точечная подполи­ровка твёрдых прожилок дают характерные тёмные «пятна», поэтому камень выглядит более графично и заметно меняется в зависимости от света. Печь выглядит цельно и не перегружает интерьер — особенно там, где рядом дерево, штукатурка, бетон или натуральный камень.</p><h2 class=""p1"">Конструкция и газодинамика</h2><p class=""p1"">Несущий корпус печи‑камина — стальной. Внутри установлен топливник из шамотного кирпича: элементы не посажены на клей, а вставлены в пазы, поэтому при обслуживании отдельные детали можно заменить через топочную дверцу, без разборки облицовки. Над факелом расположена чугунная плита‑отбойник — она задаёт разворот газового потока и помогает равномерно «нагружать» теплом корпус.</p><p class=""p1"">Газодинамика — фирменная для печей‑каминов TALKORUS: подовое горение и двухоборотная схема. Поток поднимается вверх к чугунной плите, разворачивается на 180°, далее уходит в правый и левый нисходящие каналы между шамотом и сталью, внизу собирается под подом и поднимается по заднему восходящему каналу к подключению дымохода. Смысл схемы практичный: тепло задерживается в корпусе и передаётся камню, а не «улетает» в трубу.</p><h2 class=""p1"">Подача воздуха и управление</h2><p class=""p1"">Основная подача воздуха — первичная и регулируемая. В зоне фартука/дверцы предусмотрены отверстия и шторка‑ползунок: смещая её, вы дозируете воздух и тем самым управляете интенсивностью горения. Отдельных каналов вторичного дожига в зоне факела нет, поэтому на чистоту горения сильнее всего влияют три вещи: тяга, сухость дров и положение шторки.</p><h2 class=""p1"">Режим разогрева дымохода — ручка короткого хода</h2><p class=""p1"">В печах‑каминах TALKORUS есть ручка короткого хода (стандартно справа на боковой стенке), которая переводит газовый тракт из двухоборотного режима в прямоток.</p><p class=""p1"">• Перед розжигом вытяните ручку — прямоток помогает быстрее прогреть дымоход и стабилизировать тягу. Обычно достаточно 10–15 минут.</p><p class=""p1"">• После прогрева обязательно задвиньте ручку до упора — печь возвращается в штатный двухоборотный режим, и каменная масса прогревается максимально эффективно.</p><p class=""p1"">• При проблемной тяге допустимо кратковременно вытянуть ручку на момент подкладки дров и сразу вернуть её в рабочее положение.</p><h2 class=""p1"">Конвекция и теплонакопление</h2><p class=""p1"">Быстрый старт по теплу обеспечивает естественная конвекция. Между стальным топливным блоком и каменной облицовкой оставлен периметральный воздушный зазор: снизу воздух забирается через окна, проходит вдоль нагретых стенок и выходит через верхние отверстия под крышкой. Потоки тихие, без вентиляторов и автоматики.</p><p class=""p1"">Дальше включается «инерция» серпентинита: камень аккумулирует энергию и отдаёт её уже после затухания пламени мягким лучистым теплом. В комнате меньше перепадов — возле очага не «жарит», а в глубине помещения не образуется резкий провал температуры после проветривания.</p><h2 class=""p1"">Практика эксплуатации</h2><p class=""p1"">Для предсказуемой работы используйте сухие дрова (влажность до 18 %) и растапливайте «сверху» — так печь быстрее выходит на устойчивую тягу, а стекло дольше остаётся чистым. Важен приток воздуха в дом: герметичные окна без приточной вентиляции часто дают нестабильный режим горения. Дымоход подключают по паспорту изделия, а диаметр Ø и высоту выбирают расчётом под конкретный объект; предпочтительна вертикальная трасса с минимумом поворотов.</p><h2 class=""p1"">Монтаж и подключение</h2><p class=""p1"">Основание должно быть ровным и жёстким, с достаточной несущей способностью под массу каменной облицовки. Узлы прохода перекрытий и кровли выполняют сертифицированными элементами; ревизия и чистка дымохода должны быть предусмотрены заранее. Монтаж лучше доверять квалифицированной бригаде: здесь важны не «хитрые настройки», а аккуратная геометрия, корректная тяга и соблюдение узлов подключения.</p><h2 class=""p1"">Уход и ресурс</h2><p class=""p1"">Уход за серпентинитом зависит от обработки. Из‑за комбинированной фактуры Premium лучше чистить без нажима: сухая микрофибра + нейтральные составы для камня, чтобы сохранить и матовую, и подполи­рованную зоны. В любом случае избегайте абразивов и кислотных составов; для камня подходят нейтральные средства для натуральных пород. Стекло протирают после полного остывания. Если потребуется сервис, разборный шамот в пазах позволяет заменить отдельный элемент топливника через дверцу — без демонтажа облицовки.</p><h2 class=""p1"">Итог</h2><p class=""p1"">«Карелочка Premium» — это компактная печь‑камин с честной инженерией: подовое горение, двухоборотная газодинамика, ремонтопригодный шамотный топливник и конвекционный зазор для быстрого старта. А отделка Premium добавляет именно тот визуальный и тактильный акцент, который выбирают под интерьер и привычки эксплуатации.</p><h2 class=""p1"">FAQ</h2><p class=""p1"">На какую площадь рассчитана «Карелочка»?</p><p class=""p1"">Ориентир выбирают по теплопотерям дома, высоте потолков и вентиляции. По классу это «пятнашка» линейки: для небольших и средних помещений при нормальном утеплении.</p><p class=""p1"">Чем отличаются обработки Antik, полировка и Premium?</p><p class=""p1"">Antik — щёточная матовая поверхность с мягкой светотенью; полировка даёт блеск и подчёркивает рисунок породы; Premium — «антик» + точечная подполи­ровка твёрдых зон с контрастными тёмными пятнами.</p><p class=""p1"">Зачем нужна ручка короткого хода?</p><p class=""p1"">Чтобы на старте быстро прогреть дымоход и стабилизировать тягу: 10–15 минут прямотока, затем обязательный возврат в двухоборотный режим.</p><p class=""p1"">Почему нет вторичного дожига? Это плохо?</p><p class=""p1"">В этой конструкции ставка сделана на простую первичную подачу воздуха и устойчивую тягу. При сухих дровах и правильной растопке «сверху» режим получается чистым и предсказуемым.</p><p class=""p1"">Как ухаживать за камнем и стеклом?</p><p class=""p1"">Камень — сухая уборка и нейтральные средства для натуральных пород, без абразивов и кислот. Стекло — после остывания; при сухих дровах налёт образуется заметно медленнее.</p><p class=""p1"">Какие требования к дымоходу важнее всего?</p><p class=""p1"">Вертикальная трасса, минимум поворотов, расчёт Ø и высоты под объект, плюс обязательный приток воздуха в помещение — это базовые условия стабильной тяги.</p>",,,taxable,,1,,,0,0,,,,1040,1,,,190120,"Для дома, Для дома > Печи-камины Talkorus, Для дома > Печи-камины Talkorus > Серия Карелочка",,,"https://demo.talkorus.ru/wp-content/uploads/2026/06/teplonakopitelnaya-pech-kamin-karelochka-premium-talkorus-3-optimized.webp, https://demo.talkorus.ru/wp-content/uploads/2026/06/teplonakopitelnaya-pech-kamin-karelochka-premium-talkorus-1-optimized.webp, https://demo.talkorus.ru/wp-content/uploads/2026/06/teplonakopitelnaya-pech-kamin-karelochka-premium-talkorus-2-optimized.webp, https://demo.talkorus.ru/wp-content/uploads/2026/06/teplonakopitelnaya-pech-kamin-karelochka-premium-talkorus-3-768x573-optimized.webp, https://demo.talkorus.ru/wp-content/uploads/2026/06/teplonakopitelnaya-pech-kamin-karelochka-premium-talkorus-1-768x573-optimized.webp, https://demo.talkorus.ru/wp-content/uploads/2026/06/teplonakopitelnaya-pech-kamin-karelochka-premium-talkorus-2-768x573-optimized.webp",,,,,,,,,1,,,Площадь обогрева,30-60 м²,1,1,,,,,,1040,field_69f20d9c512d1,Стиль,Модерн,1,1,Возможность готовить,Нет,1,1,,Расположение,Пристенное,1,1,,,field_talkorus_tab_description_heading,,field_talkorus_tab_description_content,Технические данные,field_talkorus_tab_technical_heading,"<p class=""p1""><b>Общие характеристики</b></p>
<p class=""p1"">Тепловой КПД</p>
<p class=""p1""><b>..... 82 %</b></p>
<p class=""p1"">Время тепловой отдачи</p>
<p class=""p1""><b>..... до 8 часов</b></p>
<p class=""p1"">Площадь обогрева</p>
<p class=""p1""><b>..... 30-60 м²</b></p>
<p class=""p1"">Время прогрева помещения</p>
<p class=""p1""><b>..... от 2 до 4 часов</b></p>
<p class=""p1"">Длина дров</p>
<p class=""p1""><b>..... 400 мм</b></p>
<p class=""p1"">Сечение дымохода</p>
<p class=""p1""><b>..... 115 мм</b></p>
<p class=""p1""><b>Характеристики топки</b></p>
<p class=""p1"">Тип</p>
<p class=""p1""><b>..... Вихревая подовая</b></p>
<p class=""p1"">Тепловая мощность</p>
<p class=""p1""><b>..... 15 кВт</b></p>
<p class=""p1"">Толщина топочного шамотного кирпича</p>
<p class=""p1""><b>..... 40 мм</b></p>
<p class=""p1"">Высота топки</p>
<p class=""p1""><b>..... 460 мм</b></p>
<p class=""p1"">Ширина топки</p>
<p class=""p1""><b>..... 240/310 мм</b></p>
<p class=""p1"">Глубина топки</p>
<p class=""p1""><b>..... 210 мм</b></p>
<p class=""p1"">Характеристики облицовки</p>
<p class=""p1""><b>Порода камня</b></p>
<p class=""p1"">..... Серпентинит</p>
<p class=""p1""><b>Вид обработки</b></p>
<p class=""p1"">..... ПРЕМИУМ</p>
<p class=""p1""><b>Толщина облицовки</b></p>
<p class=""p1"">..... 40 мм</p>",field_talkorus_tab_technical_content,Размеры и вес,field_talkorus_tab_dimensions_heading,"<p class=""p1"">Высота</p>
<p class=""p1""><b>..... 1040 мм</b></p>
<p class=""p1"">Ширина</p>
<p class=""p1""><b>..... 590 мм</b></p>
<p class=""p1"">Глубина</p>
<p class=""p1""><b>..... 650 мм</b></p>
<p class=""p1"">Вес изделия толщиной 40мм</p>
<p class=""p1""><b>..... 493 кг</b></p>",field_talkorus_tab_dimensions_content,,field_talkorus_tab_cut_content,,field_talkorus_tab_scheme_content,,field_talkorus_tab_purpose_content,,field_talkorus_tab_advantages_content,,field_talkorus_tab_docs_content,,field_talkorus_tab_video_content,,field_talkorus_tab_projects_content,700,field_talkorus_product_feature_icon,Быстрая сухая сборка,field_talkorus_product_feature_title,686,field_talkorus_product_feature_icon,Эффективная конвекция,field_talkorus_product_feature_title,685,field_talkorus_product_feature_icon,"Система ""Чистое стекло""",field_talkorus_product_feature_title,687,field_talkorus_product_feature_icon,Облицовка Talkorus,field_talkorus_product_feature_title,4,field_talkorus_product_features
1131,simple,,,Теплонакопительная печь-камин Карелочка ANTIK,1,0,visible,,"<h2 class=""p1"">Печь-камин «Карелочка Antik» — серпентинит, щёточная обработка</h2><p class=""p1"">«Карелочка Antik» — теплонакопительная печь‑камин TALKORUS для небольших домов и дачных сценариев, когда важно быстро выйти на комфорт и затем удерживать тепло инерцией камня. Габариты корпуса — 1040×600×660 мм: модель остаётся компактной по посадке, но работает «по‑взрослому» за счёт сочетания стального несущего блока, разборного шамотного топливника и облицовки из серпентинита.</p><h2 class=""p1"">Дизайн и архитектура</h2><p class=""p1"">Визуально это аккуратный прямоугольный монолит с выраженной «крышкой» и нижним подиумом. Фасад читается строго: широкие плоскости камня, тонкие горизонтальные стыки рядов и топочная дверца, утопленная в рамку. Щёточный финиш Antik делает серпентинит матовым и «бархатистым»: камень не бликует, зато показывает глубину текстуры и выглядит спокойнее при разном освещении. Печь выглядит цельно и не перегружает интерьер — особенно там, где рядом дерево, штукатурка, бетон или натуральный камень.</p><h2 class=""p1"">Конструкция и газодинамика</h2><p class=""p1"">Несущий корпус печи‑камина — стальной. Внутри установлен топливник из шамотного кирпича: элементы не посажены на клей, а вставлены в пазы, поэтому при обслуживании отдельные детали можно заменить через топочную дверцу, без разборки облицовки. Над факелом расположена чугунная плита‑отбойник — она задаёт разворот газового потока и помогает равномерно «нагружать» теплом корпус.</p><p class=""p1"">Газодинамика — фирменная для печей‑каминов TALKORUS: подовое горение и двухоборотная схема. Поток поднимается вверх к чугунной плите, разворачивается на 180°, далее уходит в правый и левый нисходящие каналы между шамотом и сталью, внизу собирается под подом и поднимается по заднему восходящему каналу к подключению дымохода. Смысл схемы практичный: тепло задерживается в корпусе и передаётся камню, а не «улетает» в трубу.</p><h2 class=""p1"">Подача воздуха и управление</h2><p class=""p1"">Основная подача воздуха — первичная и регулируемая. В зоне фартука/дверцы предусмотрены отверстия и шторка‑ползунок: смещая её, вы дозируете воздух и тем самым управляете интенсивностью горения. Отдельных каналов вторичного дожига в зоне факела нет, поэтому на чистоту горения сильнее всего влияют три вещи: тяга, сухость дров и положение шторки.</p><h2 class=""p1"">Режим разогрева дымохода — ручка короткого хода</h2><p class=""p1"">В печах‑каминах TALKORUS есть ручка короткого хода (стандартно справа на боковой стенке), которая переводит газовый тракт из двухоборотного режима в прямоток.</p><p class=""p1"">• Перед розжигом вытяните ручку — прямоток помогает быстрее прогреть дымоход и стабилизировать тягу. Обычно достаточно 10–15 минут.</p><p class=""p1"">• После прогрева обязательно задвиньте ручку до упора — печь возвращается в штатный двухоборотный режим, и каменная масса прогревается максимально эффективно.</p><p class=""p1"">• При проблемной тяге допустимо кратковременно вытянуть ручку на момент подкладки дров и сразу вернуть её в рабочее положение.</p><h2 class=""p1"">Конвекция и теплонакопление</h2><p class=""p1"">Быстрый старт по теплу обеспечивает естественная конвекция. Между стальным топливным блоком и каменной облицовкой оставлен периметральный воздушный зазор: снизу воздух забирается через окна, проходит вдоль нагретых стенок и выходит через верхние отверстия под крышкой. Потоки тихие, без вентиляторов и автоматики.</p><p class=""p1"">Дальше включается «инерция» серпентинита: камень аккумулирует энергию и отдаёт её уже после затухания пламени мягким лучистым теплом. В комнате меньше перепадов — возле очага не «жарит», а в глубине помещения не образуется резкий провал температуры после проветривания.</p><h2 class=""p1"">Практика эксплуатации</h2><p class=""p1"">Для предсказуемой работы используйте сухие дрова (влажность до 18 %) и растапливайте «сверху» — так печь быстрее выходит на устойчивую тягу, а стекло дольше остаётся чистым. Важен приток воздуха в дом: герметичные окна без приточной вентиляции часто дают нестабильный режим горения. Дымоход подключают по паспорту изделия, а диаметр Ø и высоту выбирают расчётом под конкретный объект; предпочтительна вертикальная трасса с минимумом поворотов.</p><h2 class=""p1"">Монтаж и подключение</h2><p class=""p1"">Основание должно быть ровным и жёстким, с достаточной несущей способностью под массу каменной облицовки. Узлы прохода перекрытий и кровли выполняют сертифицированными элементами; ревизия и чистка дымохода должны быть предусмотрены заранее. Монтаж лучше доверять квалифицированной бригаде: здесь важны не «хитрые настройки», а аккуратная геометрия, корректная тяга и соблюдение узлов подключения.</p><h2 class=""p1"">Уход и ресурс</h2><p class=""p1"">Уход за серпентинитом зависит от обработки. Матовый «антик» меньше показывает случайные следы, поэтому в быту он практичнее: обычно хватает сухой протирки и мягкой щётки для пыли. В любом случае избегайте абразивов и кислотных составов; для камня подходят нейтральные средства для натуральных пород. Стекло протирают после полного остывания. Если потребуется сервис, разборный шамот в пазах позволяет заменить отдельный элемент топливника через дверцу — без демонтажа облицовки.</p><h2 class=""p1"">Итог</h2><p class=""p1"">«Карелочка Antik» — это компактная печь‑камин с честной инженерией: подовое горение, двухоборотная газодинамика, ремонтопригодный шамотный топливник и конвекционный зазор для быстрого старта. А отделка Antik добавляет именно тот визуальный и тактильный акцент, который выбирают под интерьер и привычки эксплуатации.</p><h2 class=""p1"">FAQ</h2><p class=""p1"">На какую площадь рассчитана «Карелочка»?</p><p class=""p1"">Ориентир выбирают по теплопотерям дома, высоте потолков и вентиляции. По классу это «пятнашка» линейки: для небольших и средних помещений при нормальном утеплении.</p><p class=""p1"">Чем отличаются обработки Antik, полировка и Premium?</p><p class=""p1"">Antik — щёточная матовая поверхность с мягкой светотенью; полировка даёт блеск и подчёркивает рисунок породы; Premium — «антик» + точечная подполи­ровка твёрдых зон с контрастными тёмными пятнами.</p><p class=""p1"">Зачем нужна ручка короткого хода?</p><p class=""p1"">Чтобы на старте быстро прогреть дымоход и стабилизировать тягу: 10–15 минут прямотока, затем обязательный возврат в двухоборотный режим.</p><p class=""p1"">Почему нет вторичного дожига? Это плохо?</p><p class=""p1"">В этой конструкции ставка сделана на простую первичную подачу воздуха и устойчивую тягу. При сухих дровах и правильной растопке «сверху» режим получается чистым и предсказуемым.</p><p class=""p1"">Как ухаживать за камнем и стеклом?</p><p class=""p1"">Камень — сухая уборка и нейтральные средства для натуральных пород, без абразивов и кислот. Стекло — после остывания; при сухих дровах налёт образуется заметно медленнее.</p><p class=""p1"">Какие требования к дымоходу важнее всего?</p><p class=""p1"">Вертикальная трасса, минимум поворотов, расчёт Ø и высоты под объект, плюс обязательный приток воздуха в помещение — это базовые условия стабильной тяги.</p>",,,taxable,,1,,,0,0,,,,1040,1,,,188650,"Для дома, Для дома > Печи-камины Talkorus, Для дома > Печи-камины Talkorus > Серия Карелочка",,,"https://demo.talkorus.ru/wp-content/uploads/2026/06/teplonakopitelnaya-pech-kamin-karelochka-antik-talkorus-2-1-optimized.webp, https://demo.talkorus.ru/wp-content/uploads/2026/06/teplonakopitelnaya-pech-kamin-karelochka-antik-talkorus-3-optimized.webp, https://demo.talkorus.ru/wp-content/uploads/2026/06/teplonakopitelnaya-pech-kamin-karelochka-antik-talkorus-4-optimized.webp, https://demo.talkorus.ru/wp-content/uploads/2026/06/teplonakopitelnaya-pech-kamin-karelochka-antik-talkorus-2-1-768x573-optimized.webp, https://demo.talkorus.ru/wp-content/uploads/2026/06/teplonakopitelnaya-pech-kamin-karelochka-antik-talkorus-3-768x573-optimized.webp, https://demo.talkorus.ru/wp-content/uploads/2026/06/teplonakopitelnaya-pech-kamin-karelochka-antik-talkorus-4-768x573-optimized.webp",,,,,,,,,2,,,Площадь обогрева,30-60 м²,1,1,,,,,,1040,field_69f20d9c512d1,Стиль,Классика,1,1,Возможность готовить,Нет,1,1,,Расположение,Пристенное,1,1,,,field_talkorus_tab_description_heading,,field_talkorus_tab_description_content,Технические данные,field_talkorus_tab_technical_heading,"<p class=""p1""><b>Общие характеристики</b></p>
<p class=""p1"">Тепловой КПД</p>
<p class=""p1""><b>..... 82 %</b></p>
<p class=""p1"">Время тепловой отдачи</p>
<p class=""p1""><b>..... до 8 часов</b></p>
<p class=""p1"">Площадь обогрева</p>
<p class=""p1""><b>..... 30-60 м²</b></p>
<p class=""p1"">Время прогрева помещения</p>
<p class=""p1""><b>..... от 2 до 4 часов</b></p>
<p class=""p1"">Длина дров</p>
<p class=""p1""><b>..... 400 мм</b></p>
<p class=""p1"">Сечение дымохода</p>
<p class=""p1""><b>..... 115 мм</b></p>
<p class=""p1""><b>Характеристики топки</b></p>
<p class=""p1"">Тип</p>
<p class=""p1""><b>..... Вихревая подовая</b></p>
<p class=""p1"">Тепловая мощность</p>
<p class=""p1""><b>..... 15 кВт</b></p>
<p class=""p1"">Толщина топочного шамотного кирпича</p>
<p class=""p1""><b>..... 40 мм</b></p>
<p class=""p1"">Высота топки</p>
<p class=""p1""><b>..... 460 мм</b></p>
<p class=""p1"">Ширина топки</p>
<p class=""p1""><b>..... 240/310 мм</b></p>
<p class=""p1"">Глубина топки</p>
<p class=""p1""><b>..... 210 мм</b></p>
<p class=""p1"">Характеристики облицовки</p>
<p class=""p1""><b>Порода камня</b></p>
<p class=""p1"">..... Серпентинит</p>
<p class=""p1""><b>Вид обработки</b></p>
<p class=""p1"">..... БАРХАТ</p>
<p class=""p1""><b>Толщина облицовки</b></p>
<p class=""p1"">..... 40 мм</p>",field_talkorus_tab_technical_content,Размеры и вес,field_talkorus_tab_dimensions_heading,"<p class=""p1"">Высота</p>
<p class=""p1""><b>..... 1040 мм</b></p>
<p class=""p1"">Ширина</p>
<p class=""p1""><b>..... 590 мм</b></p>
<p class=""p1"">Глубина</p>
<p class=""p1""><b>..... 650 мм</b></p>
<p class=""p1"">Вес изделия толщиной 40мм</p>
<p class=""p1""><b>..... 493 кг</b></p>",field_talkorus_tab_dimensions_content,,field_talkorus_tab_cut_content,,field_talkorus_tab_scheme_content,,field_talkorus_tab_purpose_content,,field_talkorus_tab_advantages_content,,field_talkorus_tab_docs_content,,field_talkorus_tab_video_content,,field_talkorus_tab_projects_content,700,field_talkorus_product_feature_icon,Быстрая сухая сборка,field_talkorus_product_feature_title,686,field_talkorus_product_feature_icon,Эффективная конвекция,field_talkorus_product_feature_title,685,field_talkorus_product_feature_icon,"Система ""Чистое стекло""",field_talkorus_product_feature_title,687,field_talkorus_product_feature_icon,Облицовка Talkorus,field_talkorus_product_feature_title,4,field_talkorus_product_features
1138,simple,,,Теплонакопительная печь-камин Карелочка RS ANTIK,1,0,visible,,"<p>Чем обогреть помещение небольшой площади, чтобы не было слишком жарко? Ответ — «КАРЕЛОЧКА». Комнату площадью 30 квадратных метров она разогревает за час, 60 — за 3 часа.</p><p>Эффективность работы печи достигается за счет двухоборотной подовой топки, изготовленной из котловой стали премиум-класса. Также присутствует внутренняя футеровка, выполненная из шамотовых плит толщиной 40мм. Они придают печи дополнительную огнеупорность. Дымоход при этом практически не нагревается. Температура его нагрева составляет lj 200 градусов.</p><p>За счет наличия конвекционной системы комната остается теплой до 8 часов.</p>",,,taxable,,1,,,0,0,,,,1040,1,,,230550,"Для дома, Для дома > Печи-камины Talkorus, Для дома > Печи-камины Talkorus > Серия Карелочка",,,"https://demo.talkorus.ru/wp-content/uploads/2026/06/karelochka-talkorus-optimized.jpg, https://demo.talkorus.ru/wp-content/uploads/2026/06/karelochka-talkorus2-optimized.jpg, https://demo.talkorus.ru/wp-content/uploads/2026/06/karelochka-talkorus3-optimized.jpg",,,,,,,,,3,,,Площадь обогрева,30-60 м²,1,1,,,,,,1040,field_69f20d9c512d1,Стиль,Классика,1,1,Возможность готовить,Нет,1,1,,Расположение,Пристенное,1,1,,,field_talkorus_tab_description_heading,,field_talkorus_tab_description_content,Технические данные,field_talkorus_tab_technical_heading,"<p class=""p1""><b>Общие характеристики</b></p>
<p class=""p1"">Тепловой КПД</p>
<p class=""p1""><b>..... 82 %</b></p>
<p class=""p1"">Время тепловой отдачи</p>
<p class=""p1""><b>..... до 8 часов</b></p>
<p class=""p1"">Площадь обогрева</p>
<p class=""p1""><b>..... 30-60 м²</b></p>
<p class=""p1"">Время прогрева помещения</p>
<p class=""p1""><b>..... от 2 до 4 часов</b></p>
<p class=""p1"">Длина дров</p>
<p class=""p1""><b>..... 400 мм</b></p>
<p class=""p1"">Сечение дымохода</p>
<p class=""p1""><b>..... 115 мм</b></p>
<p class=""p1""><b>Характеристики топки</b></p>
<p class=""p1"">Тип</p>
<p class=""p1""><b>..... Вихревая подовая</b></p>
<p class=""p1"">Тепловая мощность</p>
<p class=""p1""><b>..... 15 кВт</b></p>
<p class=""p1"">Толщина топочного шамотного кирпича</p>
<p class=""p1""><b>..... 40 мм</b></p>
<p class=""p1"">Высота топки</p>
<p class=""p1""><b>..... 460 мм</b></p>
<p class=""p1"">Ширина топки</p>
<p class=""p1""><b>..... 240/310 мм</b></p>
<p class=""p1"">Глубина топки</p>
<p class=""p1""><b>..... 210 мм</b></p>
<p class=""p1"">Характеристики облицовки</p>
<p class=""p1""><b>Порода камня</b></p>
<p class=""p1"">..... Серпентинит</p>
<p class=""p1""><b>Вид обработки</b></p>
<p class=""p1"">..... БАРХАТ</p>
<p class=""p1""><b>Толщина облицовки</b></p>
<p class=""p1"">..... 40 мм</p>",field_talkorus_tab_technical_content,Размеры и вес,field_talkorus_tab_dimensions_heading,"<p class=""p1"">Высота</p>
<p class=""p1""><b>..... 1040 мм</b></p>
<p class=""p1"">Ширина</p>
<p class=""p1""><b>..... 600 мм</b></p>
<p class=""p1"">Глубина</p>
<p class=""p1""><b>..... 670 мм</b></p>
<p class=""p1"">Вес изделия толщиной 40мм</p>
<p class=""p1""><b>..... 491 кг</b></p>",field_talkorus_tab_dimensions_content,,field_talkorus_tab_cut_content,,field_talkorus_tab_scheme_content,,field_talkorus_tab_purpose_content,,field_talkorus_tab_advantages_content,,field_talkorus_tab_docs_content,,field_talkorus_tab_video_content,,field_talkorus_tab_projects_content,700,field_talkorus_product_feature_icon,Быстрая сухая сборка,field_talkorus_product_feature_title,686,field_talkorus_product_feature_icon,Эффективная конвекция,field_talkorus_product_feature_title,685,field_talkorus_product_feature_icon,"Система ""Чистое стекло""",field_talkorus_product_feature_title,687,field_talkorus_product_feature_icon,Облицовка Talkorus,field_talkorus_product_feature_title,4,field_talkorus_product_features
1142,simple,,,Теплонакопительная печь-камин Карелочка LONG anttik,1,0,visible,,"<h2 class=""p1"">Теплонакопительная печь-камин Карелочка Long Antik — серпентинит, щёточная обработка</h2><p class=""p2"">Версия Long — это «Карелочка» в более высокой облицовке: высота увеличена до 1280 мм (у стандартной — 1040 мм). Ширина и глубина те же, поэтому модель остаётся компактной по месту, но визуально выглядит как полноценная каменная колонна.</p><p class=""p2"">Финиш Antik — щёточная обработка серпентинита. Поверхность получается матовой, тактильно «бархатистой», с мягкими переходами рисунка. На ней меньше заметны мелкие следы быта, поэтому это практичный вариант для ежедневной топки.</p><p class=""p2"">Габариты (В×Ш×Г): 1280×600×660 мм.</p><h2 class=""p3"">Дизайн и архитектура</h2><p class=""p2"">За счёт увеличенной высоты меняется восприятие пропорций: печь-камин выглядит строже и «архитектурнее», сильнее собирает композицию стены. Верхняя крышка и нижний подиум читаются как отдельные пояса — это добавляет ритм и делает модель уместной и в брусовом доме, и в современном интерьере с натуральными материалами.</p><h2 class=""p3"">Конструкция и газодинамика</h2><p class=""p2"">Несущий блок — стальной. Внутри расположен топливник из шамотного кирпича: элементы не посажены на клей, а вставлены в пазы, поэтому их можно заменить через топочную дверцу без разборки облицовки.</p><p class=""p2"">Схема движения газов — двухоборотная. Горячие газы поднимаются вверх к чугунной плите-отбойнику, разворачиваются на 180° и уходят вниз по правому и левому каналам между шамотом и сталью. Внизу потоки собираются под подом и затем поднимаются по заднему каналу к подключению дымохода.</p><p class=""p2"">Такое решение даёт ровный прогрев корпуса и каменной оболочки без «перегрева точками» и помогает использовать тепловой потенциал камня.</p><h2 class=""p3"">Подача воздуха и управление</h2><p class=""p2"">Подача воздуха — первичная, регулируемая. Основной поток задаётся шторкой-ползунком в зоне фартука/дверцы: изменяя сечение, вы настраиваете интенсивность горения и скорость выхода печи в рабочий режим.</p><p class=""p2"">Отдельных каналов вторичного дожига не предусмотрено — на чистоту горения сильнее всего влияет дозировка воздуха и качество топлива.</p><p class=""p2"">Ручка короткого хода (стандартно справа на боковой стенке): на розжиг её выдвигают и работают в прямотоке 10–15 минут — для прогрева дымохода и стабилизации тяги. В обычной работе ручка задвинута: включается двухоборотный режим и максимальное теплонакопление. Если тяга капризная, допускается кратковременно выдвинуть ручку на момент подкладки дров и сразу вернуть обратно.</p><h2 class=""p3"">Конвекция и теплонакопление</h2><p class=""p2"">Каменная облицовка у Long выше, а значит больше площадь камня, который прогревается и затем отдаёт тепло излучением. Это не «другая печь» по топке — внутри тот же стальной корпус и та же схема газоходов, но послетепловая отдача воспринимается более выраженно именно из‑за увеличенной каменной поверхности.</p><p class=""p2"">Конвекция организована через периметральный воздушный зазор между стальным блоком и камнем: нижние окна забирают воздух, верхние выпускают прогретый поток. У версии Long путь воздуха по высоте больше, поэтому тёплый «шлейф» от верхних окон ощущается выше и равномернее.</p><h2 class=""p3"">Практика эксплуатации</h2><p class=""p2"">Для стабильной работы важны сухие дрова (влажность до 18%) и нормальный приток воздуха в помещение. Самый предсказуемый старт даёт растопка «сверху»: она быстрее прогревает дымоход и снижает вероятность дымления на холодном канале.</p><p class=""p2"">Первые минуты ориентируйтесь на тягу: если дымоход ещё холодный, используйте прямоток короткого хода, затем переводите печь в двухоборотный режим. Дальше режим выбирают по задаче — быстрый прогрев или спокойная длительная отдача.</p><h2 class=""p3"">Монтаж и подключение</h2><p class=""p2"">Основание должно быть жёстким и рассчитанным под нагрузку печи-камина с каменной облицовкой. На этапе проектирования закладывают несущую способность перекрытия/фундамента и ровную установку без перекосов.</p><p class=""p2"">Дымоходу полезна вертикальность и минимум поворотов: так тяга стабильнее, а розжиг проще. Узлы прохода через перекрытия и кровлю выполняют по действующим нормам и рекомендациям производителя. Диаметр и тип подключения (верх/зад) уточняйте по паспорту конкретной комплектации.</p><h2 class=""p3"">Уход и ресурс</h2><p class=""p2"">Antik не любит абразивов: для ухода достаточно сухой или слегка влажной салфетки. Если на матовой поверхности появился след, чаще всего он уходит мягкой щёткой или нейтральным средством без кислот.</p><p class=""p2"">Стекло очищают средствами для печных стёкол по инструкции, лучше после полного остывания. Шамот — расходный, но ремонтопригодный: при необходимости отдельные элементы меняются точечно через топочную дверцу.</p><h2 class=""p3"">Итог</h2><p class=""p2"">Карелочка Long в выбранной обработке — это тот же понятный по управлению печь-камин TALKORUS, но с другой «подачей» по высоте: больше камня в поле зрения, более собранный силуэт и более заметная послетепловая отдача от облицовки.</p><h2 class=""p3"">FAQ</h2><p class=""p2"">Q: В чём отличие Long от обычной «Карелочки»?</p><p class=""p2"">A: Главное — высота: 1280×600×660 мм вместо 1040×600×660 мм. По месту (ширина/глубина) модель та же, но выше каменная оболочка и более выражена вертикальная архитектура.</p><p class=""p2"">Q: Что даёт обработка Antik?</p><p class=""p2"">A: Щёточная обработка делает камень матовым и менее «марким» в повседневной эксплуатации; фактура выглядит естественно и хорошо сочетается с деревом.</p><p class=""p2"">Q: Как работает ручка короткого хода?</p><p class=""p2"">A: На розжиг выдвиньте её на 10–15 минут для прямотока и прогрева дымохода, затем задвиньте — печь работает в двухоборотном режиме с максимальным теплонакоплением.</p><p class=""p2"">Q: Нужен ли вторичный дожиг?</p><p class=""p2"">A: В конструкции предусмотрена первичная регулируемая подача воздуха; отдельных каналов вторичного дожига нет, поэтому режим горения настраивают дозировкой воздуха и качеством сухих дров.</p><p class=""p2"">Q: Какой нужен дымоход?</p><p class=""p2"">A: Параметры (Ø и тип подключения) выбирают по паспорту и проекту. Важно обеспечить стабильную тягу, вертикальность и минимум поворотов, а также приток воздуха в помещение.</p>",,,taxable,,1,,,0,0,,,,1280,1,,,250950,"Для дома, Для дома > Печи-камины Talkorus, Для дома > Печи-камины Talkorus > Серия Карелочка",,,"https://demo.talkorus.ru/wp-content/uploads/2026/06/teplonakopitelnaya-pech-kamin-karelochka-long-antik-talkorus-1-optimized.webp, https://demo.talkorus.ru/wp-content/uploads/2026/06/teplonakopitelnaya-pech-kamin-karelochka-long-antik-talkorus-2-optimized.webp, https://demo.talkorus.ru/wp-content/uploads/2026/06/teplonakopitelnaya-pech-kamin-karelochka-long-antik-talkorus-3-optimized.webp, https://demo.talkorus.ru/wp-content/uploads/2026/06/teplonakopitelnaya-pech-kamin-karelochka-long-antik-talkorus-1-768x573-optimized.webp, https://demo.talkorus.ru/wp-content/uploads/2026/06/teplonakopitelnaya-pech-kamin-karelochka-long-antik-talkorus-2-768x573-optimized.webp, https://demo.talkorus.ru/wp-content/uploads/2026/06/teplonakopitelnaya-pech-kamin-karelochka-long-antik-talkorus-3-768x573-optimized.webp",,,,,,,,,4,,,Площадь обогрева,30-60 м²,1,1,,,,,,1280,field_69f20d9c512d1,Стиль,Классика,1,1,Возможность готовить,Нет,1,1,,Расположение,Пристенное,1,1,,,field_talkorus_tab_description_heading,,field_talkorus_tab_description_content,Технические данные,field_talkorus_tab_technical_heading,"<p class=""p1""><b>Общие характеристики</b></p>
<p class=""p1"">Тепловой КПД</p>
<p class=""p1""><b>..... 82 %</b></p>
<p class=""p1"">Время тепловой отдачи</p>
<p class=""p1""><b>..... 10 часов часов</b></p>
<p class=""p1"">Площадь обогрева</p>
<p class=""p1""><b>..... 30-60 м²</b></p>
<p class=""p1"">Время прогрева помещения</p>
<p class=""p1""><b>..... от 2 до 4 часов</b></p>
<p class=""p1"">Длина дров</p>
<p class=""p1""><b>..... 400 мм</b></p>
<p class=""p1"">Сечение дымохода</p>
<p class=""p1""><b>..... 115 мм</b></p>
<p class=""p1""><b>Характеристики топки</b></p>
<p class=""p1"">Тип</p>
<p class=""p1""><b>..... Вихревая подовая</b></p>
<p class=""p1"">Тепловая мощность</p>
<p class=""p1""><b>..... 15 кВт</b></p>
<p class=""p1"">Толщина топочного шамотного кирпича</p>
<p class=""p1""><b>..... 40 мм</b></p>
<p class=""p1"">Высота топки</p>
<p class=""p1""><b>..... 460 мм</b></p>
<p class=""p1"">Ширина топки</p>
<p class=""p1""><b>..... 240/310 мм</b></p>
<p class=""p1"">Глубина топки</p>
<p class=""p1""><b>..... 210 мм</b></p>
<p class=""p1"">Характеристики облицовки</p>
<p class=""p1""><b>Порода камня</b></p>
<p class=""p1"">..... Серпентинит</p>
<p class=""p1""><b>Вид обработки</b></p>
<p class=""p1"">..... БАРХАТ</p>
<p class=""p1""><b>Толщина облицовки</b></p>
<p class=""p1"">..... 40 мм</p>",field_talkorus_tab_technical_content,Размеры и вес,field_talkorus_tab_dimensions_heading,"<p class=""p1"">Высота</p>
<p class=""p1""><b>..... 1280 мм</b></p>
<p class=""p1"">Ширина</p>
<p class=""p1""><b>..... 600 мм</b></p>
<p class=""p1"">Глубина</p>
<p class=""p1""><b>..... 660 мм</b></p>
<p class=""p1"">Вес изделия толщиной 50мм</p>
<p class=""p1""><b>..... 543 кг</b></p>",field_talkorus_tab_dimensions_content,,field_talkorus_tab_cut_content,,field_talkorus_tab_scheme_content,,field_talkorus_tab_purpose_content,,field_talkorus_tab_advantages_content,,field_talkorus_tab_docs_content,,field_talkorus_tab_video_content,,field_talkorus_tab_projects_content,700,field_talkorus_product_feature_icon,Быстрая сухая сборка,field_talkorus_product_feature_title,686,field_talkorus_product_feature_icon,Эффективная конвекция,field_talkorus_product_feature_title,685,field_talkorus_product_feature_icon,"Система ""Чистое стекло""",field_talkorus_product_feature_title,687,field_talkorus_product_feature_icon,Облицовка Talkorus,field_talkorus_product_feature_title,4,field_talkorus_product_features
1149,simple,,,Теплонакопительная печь-камин Карелочка Long Lux,1,0,visible,,"<h2 class=""p1"">Теплонакопительная печь-камин Карелочка Long Lux — серпентинит, полировка</h2><p class=""p2"">Карелочка Long Lux — высокий вариант линейки: облицовка поднята до 1280 мм при тех же габаритах по пятну. Это заметно меняет впечатление: модель выглядит более «взросло», особенно в помещениях с потолками от 2,6 м.</p><p class=""p2"">Lux — это полировка серпентинита. Камень играет глубиной рисунка, отражает свет и подчёркивает геометрию блоков.</p><p class=""p2"">Габариты (В×Ш×Г): 1280×600×660 мм.</p><h2 class=""p3"">Дизайн и архитектура</h2><p class=""p2"">Полированная поверхность делает акцент на строгих плоскостях и аккуратных фасках. В версии Long этот эффект усиливается: вертикальные линии становятся доминантой, а огонь в дверце воспринимается как центр композиции на уровне взгляда.</p><h2 class=""p3"">Конструкция и газодинамика</h2><p class=""p2"">Несущий блок — стальной. Внутри расположен топливник из шамотного кирпича: элементы не посажены на клей, а вставлены в пазы, поэтому их можно заменить через топочную дверцу без разборки облицовки.</p><p class=""p2"">Схема движения газов — двухоборотная. Горячие газы поднимаются вверх к чугунной плите-отбойнику, разворачиваются на 180° и уходят вниз по правому и левому каналам между шамотом и сталью. Внизу потоки собираются под подом и затем поднимаются по заднему каналу к подключению дымохода.</p><p class=""p2"">Такое решение даёт ровный прогрев корпуса и каменной оболочки без «перегрева точками» и помогает использовать тепловой потенциал камня.</p><h2 class=""p3"">Подача воздуха и управление</h2><p class=""p2"">Подача воздуха — первичная, регулируемая. Основной поток задаётся шторкой-ползунком в зоне фартука/дверцы: изменяя сечение, вы настраиваете интенсивность горения и скорость выхода печи в рабочий режим.</p><p class=""p2"">Отдельных каналов вторичного дожига не предусмотрено — на чистоту горения сильнее всего влияет дозировка воздуха и качество топлива.</p><p class=""p2"">Ручка короткого хода (стандартно справа на боковой стенке): на розжиг её выдвигают и работают в прямотоке 10–15 минут — для прогрева дымохода и стабилизации тяги. В обычной работе ручка задвинута: включается двухоборотный режим и максимальное теплонакопление. Если тяга капризная, допускается кратковременно выдвинуть ручку на момент подкладки дров и сразу вернуть обратно.</p><h2 class=""p3"">Конвекция и теплонакопление</h2><p class=""p2"">Внутри — классическая для TALKORUS компоновка: стальной корпус и шамотный топливник, который не приклеен, а вставлен в пазы и при необходимости заменяется через топочную дверцу. Газодинамика двухоборотная: вверх к чугунной плите-отбойнику → разворот → нисходящие каналы справа/слева → сбор под подом → подъём по заднему каналу к дымоходу.</p><p class=""p2"">Разница Long — не в топке, а в «каменном объёме вокруг неё». Более высокая облицовка увеличивает площадь излучающей поверхности и делает тепловую картину в комнате спокойнее: тепло ощущается не только рядом с печью, но и выше по объёму помещения.</p><h2 class=""p3"">Практика эксплуатации</h2><p class=""p2"">Для стабильной работы важны сухие дрова (влажность до 18%) и нормальный приток воздуха в помещение. Самый предсказуемый старт даёт растопка «сверху»: она быстрее прогревает дымоход и снижает вероятность дымления на холодном канале.</p><p class=""p2"">Первые минуты ориентируйтесь на тягу: если дымоход ещё холодный, используйте прямоток короткого хода, затем переводите печь в двухоборотный режим. Дальше режим выбирают по задаче — быстрый прогрев или спокойная длительная отдача.</p><h2 class=""p3"">Монтаж и подключение</h2><p class=""p2"">Основание должно быть жёстким и рассчитанным под нагрузку печи-камина с каменной облицовкой. На этапе проектирования закладывают несущую способность перекрытия/фундамента и ровную установку без перекосов.</p><p class=""p2"">Дымоходу полезна вертикальность и минимум поворотов: так тяга стабильнее, а розжиг проще. Узлы прохода через перекрытия и кровлю выполняют по действующим нормам и рекомендациям производителя. Диаметр и тип подключения (верх/зад) уточняйте по паспорту конкретной комплектации.</p><h2 class=""p3"">Уход и ресурс</h2><p class=""p2"">Полировка требует бережного ухода: избегайте порошковых абразивов и жёстких щёток. Для повседневной очистки достаточно микрофибры; при необходимости используйте нейтральный состав для натурального камня без кислот.</p><p class=""p2"">Стекло очищают средствами для печных стёкол по инструкции, лучше после полного остывания. Шамот — расходный, но ремонтопригодный: при необходимости отдельные элементы меняются точечно через топочную дверцу.</p><h2 class=""p3"">Итог</h2><p class=""p2"">Карелочка Long в выбранной обработке — это тот же понятный по управлению печь-камин TALKORUS, но с другой «подачей» по высоте: больше камня в поле зрения, более собранный силуэт и более заметная послетепловая отдача от облицовки.</p><p class=""p3""><b>FAQ</b></p><p class=""p2"">Q: Long — это другая модель или просто другая высота?</p><p class=""p2"">A: Это та же печь-камин по конструкции и газодинамике, но в более высокой каменной облицовке. За счёт высоты 1280 мм меняются пропорции и ощущение послетепловой отдачи.</p><p class=""p2"">Q: Чем полировка Lux отличается от Antik?</p><p class=""p2"">A: Lux — глянцевая, с максимальной глубиной рисунка камня. Antik — матовая щёточная фактура, более «практичная» по следам быта.</p><p class=""p2"">Q: Как управлять горением?</p><p class=""p2"">A: Основная регулировка — через подачу воздуха в зоне фартука/дверцы (шторка-ползунок). Дополнительно помогает правильная растопка и сухие дрова влажностью до 18%.</p><p class=""p2"">Q: Когда пользоваться ручкой короткого хода?</p><p class=""p2"">A: На розжиг и прогрев дымохода — 10–15 минут прямотока. В обычной работе ручка задвинута, чтобы печь работала в двухоборотном режиме.</p><p class=""p2"">Q: Какие требования к установке?</p><p class=""p2"">A: Нужны жёсткое основание под нагрузку, ровная геометрия дымохода (лучше вертикально, с минимумом поворотов) и организованный приток воздуха в помещение.</p>",,,taxable,,1,,,0,0,,,,1280,1,,,269150,"Для дома, Для дома > Печи-камины Talkorus, Для дома > Печи-камины Talkorus > Серия Карелочка",,,"https://demo.talkorus.ru/wp-content/uploads/2026/06/teplonakopitelnaya-pech-kamin-karelochka-long-lux-talkorus-1-optimized.webp, https://demo.talkorus.ru/wp-content/uploads/2026/06/teplonakopitelnaya-pech-kamin-karelochka-long-lux-talkorus-2-optimized.webp, https://demo.talkorus.ru/wp-content/uploads/2026/06/teplonakopitelnaya-pech-kamin-karelochka-long-lux-talkorus-3-optimized.webp, https://demo.talkorus.ru/wp-content/uploads/2026/06/teplonakopitelnaya-pech-kamin-karelochka-long-lux-talkorus-1-768x573-optimized.webp, https://demo.talkorus.ru/wp-content/uploads/2026/06/teplonakopitelnaya-pech-kamin-karelochka-long-lux-talkorus-2-768x573-optimized.webp, https://demo.talkorus.ru/wp-content/uploads/2026/06/teplonakopitelnaya-pech-kamin-karelochka-long-lux-talkorus-3-768x573-optimized.webp",,,,,,,,,5,,,Площадь обогрева,30-60 м²,1,1,,,,,,1280,field_69f20d9c512d1,Стиль,Классика,1,1,Возможность готовить,Нет,1,1,,Расположение,Пристенное,1,1,,,field_talkorus_tab_description_heading,,field_talkorus_tab_description_content,Технические данные,field_talkorus_tab_technical_heading,"<p class=""p1""><b>Общие характеристики</b></p>
<p class=""p1"">Тепловой КПД</p>
<p class=""p1""><b>..... 82 %</b></p>
<p class=""p1"">Время тепловой отдачи</p>
<p class=""p1""><b>..... 10 часов часов</b></p>
<p class=""p1"">Площадь обогрева</p>
<p class=""p1""><b>..... 30-60 м²</b></p>
<p class=""p1"">Время прогрева помещения</p>
<p class=""p1""><b>..... от 2 до 4 часов</b></p>
<p class=""p1"">Длина дров</p>
<p class=""p1""><b>..... 400 мм</b></p>
<p class=""p1"">Сечение дымохода</p>
<p class=""p1""><b>..... 115 мм</b></p>
<p class=""p1""><b>Характеристики топки</b></p>
<p class=""p1"">Тип</p>
<p class=""p1""><b>..... Вихревая подовая</b></p>
<p class=""p1"">Тепловая мощность</p>
<p class=""p1""><b>..... 15 кВт</b></p>
<p class=""p1"">Толщина топочного шамотного кирпича</p>
<p class=""p1""><b>..... 40 мм</b></p>
<p class=""p1"">Высота топки</p>
<p class=""p1""><b>..... 460 мм</b></p>
<p class=""p1"">Ширина топки</p>
<p class=""p1""><b>..... 240/310 мм</b></p>
<p class=""p1"">Глубина топки</p>
<p class=""p1""><b>..... 210 мм</b></p>
<p class=""p1"">Характеристики облицовки</p>
<p class=""p1""><b>Порода камня</b></p>
<p class=""p1"">..... Серпентинит</p>
<p class=""p1""><b>Вид обработки</b></p>
<p class=""p1"">..... ПОЛИРОВКА</p>
<p class=""p1""><b>Толщина облицовки</b></p>
<p class=""p1"">..... 40 мм</p>",field_talkorus_tab_technical_content,Размеры и вес,field_talkorus_tab_dimensions_heading,"<p class=""p1"">Высота</p>
<p class=""p1""><b>..... 1280 мм</b></p>
<p class=""p1"">Ширина</p>
<p class=""p1""><b>..... 600 мм</b></p>
<p class=""p1"">Глубина</p>
<p class=""p1""><b>..... 660 мм</b></p>
<p class=""p1"">Вес изделия толщиной 50мм</p>
<p class=""p1""><b>..... 543 кг</b></p>",field_talkorus_tab_dimensions_content,,field_talkorus_tab_cut_content,,field_talkorus_tab_scheme_content,,field_talkorus_tab_purpose_content,,field_talkorus_tab_advantages_content,,field_talkorus_tab_docs_content,,field_talkorus_tab_video_content,,field_talkorus_tab_projects_content,700,field_talkorus_product_feature_icon,Быстрая сухая сборка,field_talkorus_product_feature_title,686,field_talkorus_product_feature_icon,Эффективная конвекция,field_talkorus_product_feature_title,685,field_talkorus_product_feature_icon,"Система ""Чистое стекло""",field_talkorus_product_feature_title,687,field_talkorus_product_feature_icon,Облицовка Talkorus,field_talkorus_product_feature_title,4,field_talkorus_product_features
